MARKET_DAY,NODE,TYPE,VALUE,HE01,HE02,HE03,HE04,HE05,HE06,HE07,HE08,HE09,HE10,HE11,HE12,HE13,HE14,HE15,HE16,HE17,HE18,HE19,HE20,HE21,HE22,HE23,HE24
43191,LOUISIANA.HUB,Hub,LMP,18.96,19.14,19.44,19.35,19.53,21.33,22.5,23.01,23.58,23.99,24.33,23.67,24.82,25.08,26.3,28.22,29.9,32.08,32,39.17,34.23,25.83,23.77,21.84
43191,LOUISIANA.HUB,Hub,MCC,-0.17,-0.05,-0.24,-0.52,-0.69,-0.81,-0.19,-1.23,-1.16,-0.93,-1.06,-1.02,0.35,1.02,2.6,4.14,4.99,5.57,3.62,3.68,2.33,-0.63,-0.06,0
43191,LOUISIANA.HUB,Hub,MLC,0.17,0.16,0.5,0.5,0.51,0.17,0.28,0.29,0.29,0.18,0.95,1.07,1.18,1.16,0.96,0.97,1.01,1.27,1.16,1.54,-0.09,0.7,0.67,0.29
43191,MICHIGAN.HUB,Hub,LMP,22.16,21.01,21.37,22.53,23.19,27.29,23.91,27.14,27.35,27.15,26.12,24.63,24.04,23.63,23.36,23.03,23.51,25.26,28.11,34.8,33.19,28.14,26.01,24.73
43191,MICHIGAN.HUB,Hub,MCC,2.23,1.01,1.47,2.43,2.74,4.11,0.65,2.91,2.53,2.05,1.27,0.66,0.3,0.29,-0.12,-0.83,-1.17,-0.45,0.23,0.06,0.12,1.26,1.74,2.23
43191,MICHIGAN.HUB,Hub,MLC,0.97,0.97,0.72,0.73,0.74,1.21,0.85,0.28,0.37,0.36,0.41,0.35,0.45,0.44,0.74,0.75,0.78,0.47,0.66,0.79,1.08,1.12,1.11,0.95
43192,LOUISIANA.HUB,Hub,LMP,20.9,20.96,21,21.42,22.07,26.61,28.97,30.21,27.73,28.2,31.28,32.13,32.27,36.51,42.17,45.86,47.9,47.29,44,49.5,44.04,31.14,26.1,22.22
43192,LOUISIANA.HUB,Hub,MCC,0,0,0,0,-0.76,-4.67,-8.44,-6.02,-5.49,-2.52,1.33,3.48,4.92,9.67,16.5,18.79,19.11,16.95,13.35,11.85,10.16,5.1,4.21,1.02
43192,LOUISIANA.HUB,Hub,MLC,0.26,0.27,0.35,0.35,0.33,-0.22,-0.17,0.14,0.33,0.18,0.34,0.94,0.5,0.7,0.2,0.79,1.78,2.57,2.64,3.35,3.02,1.83,0.12,0.57
43192,MICHIGAN.HUB,Hub,LMP,22.62,22.8,22.59,23,25.04,36.72,42.38,39.54,37.05,34.65,34.4,31.22,29.99,29.17,27.94,28.45,28.51,29.45,30.57,37.23,33.42,26.56,23.7,23.52
43192,MICHIGAN.HUB,Hub,MCC,1.09,1.22,1.08,1.43,1.75,4.13,2.97,2.55,2.35,2.49,2.53,2.42,2.36,1.5,1.78,0.76,0.59,0.83,1.73,1.92,1.65,1.53,1.43,1.67
43192,MICHIGAN.HUB,Hub,MLC,0.89,0.89,0.86,0.5,0.79,1.09,1.83,0.9,1.81,1.62,2.26,1.09,0.78,1.53,0.69,1.41,0.91,0.85,0.83,1.01,0.91,0.82,0.5,1.22
43193,LOUISIANA.HUB,Hub,LMP,24.46,24.14,23.45,23.2,23.88,26.93,31.99,31.31,30,30.95,33.41,32.13,40,47.54,52.91,60.38,64,66,55,65.39,58.15,36.46,26.1,25.46
43193,LOUISIANA.HUB,Hub,MCC,2.31,2.52,2.17,1.85,2.06,0.61,-0.86,-2.28,-1.26,0.51,3.67,3.25,11.62,18.67,23.92,30.71,33.98,35.26,23.77,27.9,24.9,11.02,4.04,4.65
43193,LOUISIANA.HUB,Hub,MLC,0.74,0.26,0.26,0.25,0.55,-0.18,0.35,0.84,0.78,0.56,0.53,0.75,0.73,0.99,1.44,1.46,0.95,0.97,1.56,1.9,1.7,0.85,0.59,0.91
43193,MICHIGAN.HUB,Hub,LMP,23.76,24.12,23.84,24.37,25.26,32.26,37.04,36.93,34.52,33.49,32.42,31.51,30.46,30.43,30,29.99,30.85,30.59,31.9,37.11,33,26.98,24.66,23.32
43193,MICHIGAN.HUB,Hub,MCC,1.66,1.85,1.92,2.37,3.25,3.93,3.09,2.34,2.33,2.74,2.37,1.74,1.21,0.83,0.63,-0.06,0.04,-0.96,0.27,0.04,0.12,0.87,1.92,2.24
43193,MICHIGAN.HUB,Hub,MLC,0.69,0.91,0.9,0.9,0.74,1.83,1.45,1.84,1.71,0.87,0.84,1.64,1.6,1.72,1.82,1.84,1.74,1.78,1.96,1.48,1.33,1.52,1.27,1.18
43194,LOUISIANA.HUB,Hub,LMP,24.97,24.53,23.23,22.96,23.46,27.63,30.77,32.46,31.66,30.85,31.33,28.36,28.21,27.81,26.16,26.72,26.91,27.05,28.17,36.57,34.32,27.15,25.17,24.28
43194,LOUISIANA.HUB,Hub,MCC,3.2,3.33,2.5,1.76,1.11,-0.78,-3.96,-4.27,-4.84,-4.23,-3.27,-2.9,-2.56,-1.93,-1.3,-0.33,-0.75,-0.86,-1.85,-2.5,-1.79,0.13,1.32,1.54
43194,LOUISIANA.HUB,Hub,MLC,0.95,0.97,0.03,0.16,0.17,0.21,0.5,0.1,0.1,-0.42,0.08,-0.16,0.45,0.42,-0.2,-0.22,-0.22,-0.23,-0.23,0.3,0.3,-0.21,0.2,0.29
43194,MICHIGAN.HUB,Hub,LMP,24.67,24.39,24.49,24.78,26.28,32.62,37.67,40.4,39.68,38.69,36.52,33.33,31.57,30.3,28.45,28.34,29.07,29.27,31.44,40.91,37.92,28.38,25.64,25.29
43194,MICHIGAN.HUB,Hub,MCC,2.61,2.87,2.64,2.56,2.88,3.03,1.86,1.13,0.67,0.72,0.51,0.42,0.46,0.47,0.53,0.73,0.84,0.79,0.91,0.48,0.54,0.81,1.77,1.49
43194,MICHIGAN.HUB,Hub,MLC,1.24,1.29,1.15,1.18,1.22,1.39,1.58,2.64,2.61,2.47,1.49,1.49,0.79,0.51,0.26,0.34,0.35,0.34,0.28,1.66,1.57,0.34,0.22,1.35
43195,LOUISIANA.HUB,Hub,LMP,23.89,23.68,23.47,24.29,25.11,31.24,49.08,45.78,40.17,35.02,35.29,29.24,28.39,28.37,27.26,27.95,28.87,28.85,29.26,41.42,38.03,28.52,23.27,21.21
43195,LOUISIANA.HUB,Hub,MCC,1.16,1.17,0.26,0.72,-0.47,-3.68,6.23,3.13,1.79,-0.22,1.37,-1.32,-1.02,1.74,1.77,3.02,3.43,3.36,3.23,6.32,6.88,4.15,0.82,0.73
43195,LOUISIANA.HUB,Hub,MLC,-0.07,-0.08,0.07,0.1,0.03,0.54,-0.45,-0.11,-0.09,-0.37,0.2,-0.14,0.38,0.22,0.37,0.36,0.88,0.89,0.28,1.54,0.76,0.38,0.38,0.13
43195,MICHIGAN.HUB,Hub,LMP,24.38,24.46,25.62,26.33,28.75,39.15,45.95,45.08,41,38.02,36,33.01,30.67,28.21,27.22,26.5,27.27,27.41,28.58,36.69,32.76,26.6,25.47,23.85
43195,MICHIGAN.HUB,Hub,MCC,0.97,1.27,1.6,1.73,2.44,3.2,1.33,1.02,1.36,1.33,1.38,0.81,0.96,1.13,0.9,0.76,1.12,1.21,1.67,1.59,1.61,1.58,2,2.32
43195,MICHIGAN.HUB,Hub,MLC,0.61,0.6,0.88,1.13,0.76,1.57,1.32,1.3,1.17,1.08,0.9,1.5,0.68,0.67,1.2,1.17,1.59,1.6,1.16,1.54,0.76,1.03,1.4,1.18
43196,LOUISIANA.HUB,Hub,LMP,20.23,19.47,19.34,18.01,20.77,24.79,28.47,27.67,27.12,28.9,29.13,31.06,33.99,38.26,41.11,45.44,46.53,43.06,40.17,48.68,45.72,30.36,25.91,24.25
43196,LOUISIANA.HUB,Hub,MCC,-0.86,-2.03,-1.97,-3.58,-1.71,-4.98,-4.8,-4.63,-3.79,-2.59,-1.8,2.95,6.45,10.49,13.42,16.95,17.9,14.61,10.87,12.54,10.87,1.73,-0.31,0.23
43196,LOUISIANA.HUB,Hub,MLC,0,0.42,0.42,0.57,0.72,-0.06,0.18,0.42,0.21,0.58,0.72,0.9,1.05,1.43,1.44,1.47,1.01,0.75,0.78,1.1,0.66,0.77,0.53,0.15
43196,MICHIGAN.HUB,Hub,LMP,26.17,26.22,25.89,26.72,28.01,38.3,41.04,39.51,37.95,37.46,36.33,31.97,31,29.34,28.88,29.56,30.65,30.75,32.15,37.91,37.24,30.9,27.7,26.07
43196,MICHIGAN.HUB,Hub,MCC,3.93,4.32,4.19,4.54,5.02,6.34,5.65,5.44,5.11,4.76,4.68,3.6,3.51,2.05,1.51,1.4,1.3,1.43,1.96,1.81,2.05,2.05,1.68,1.65
43196,MICHIGAN.HUB,Hub,MLC,1.15,0.82,0.81,1.16,1.23,2.13,2.3,2.19,2.14,1.79,1.44,1.16,1,0.95,1.12,1.14,1.73,1.62,1.67,1.06,1,0.99,0.33,0.55
43197,LOUISIANA.HUB,Hub,LMP,27.55,27.37,27.05,26.62,27.06,33,37.88,42.65,47.9,52.18,48.26,46.41,38.94,35.02,32.91,31.56,33.31,35.1,37.69,52.45,49.47,37.2,33.19,27.76
43197,LOUISIANA.HUB,Hub,MCC,1.4,1.55,1.2,0.62,0.41,0.07,2.71,3.65,5.51,7.75,6.21,7.93,5.34,4.02,2.04,2.19,3.32,4.72,5.01,9.63,8.22,2.84,3.51,1.26
43197,LOUISIANA.HUB,Hub,MLC,0.75,0.42,0.42,0.42,-0.2,0.57,0.11,0.19,0.46,0.42,-0.24,0.53,0.25,-0.1,1.38,0.88,1.21,1.23,-0.28,0.36,-0.24,1.62,1.23,0.74
43197,MICHIGAN.HUB,Hub,LMP,29.81,30.04,30.04,30.05,30.72,36.43,39.46,43.53,47.77,49.17,46.76,41.23,36.2,33.63,30.82,31.19,30,30.56,35.68,45.2,45.21,36.79,29.44,28.18
43197,MICHIGAN.HUB,Hub,MCC,3.57,3.34,3.31,3.16,3.18,3,4.44,4.45,4.47,3.06,3.1,1.81,1.91,1.59,1.37,1.26,1.12,1.31,1.49,1.4,2.37,1.68,0.86,1.18
43197,MICHIGAN.HUB,Hub,MLC,0.84,1.3,1.3,1.31,0.69,1.07,-0.04,0.27,1.37,2.1,1.37,1.47,0.94,0.94,-0.04,1.44,0.1,0.1,1.23,1.34,1.35,2.37,0.13,1.24
43198,LOUISIANA.HUB,Hub,LMP,30.94,32.1,31.46,33.07,30.61,37.66,42.77,49.36,53.17,52.58,46.75,38.05,31.61,29.74,28.39,28.39,28.7,31.64,35.69,50.09,51.67,36.42,30.38,26.65
43198,LOUISIANA.HUB,Hub,MCC,1.69,2.8,3.62,4.1,3.27,6.29,7.13,10.11,12.24,12.08,9.78,6.53,3.79,3.49,3.15,2.96,2.8,3.32,4.78,6.13,8.04,4.93,3.17,2.47
43198,LOUISIANA.HUB,Hub,MLC,1.06,1.06,0.92,1.18,0.75,0.87,1.14,2.23,2.32,2.28,2.09,0.83,0.73,0.32,0.38,0.12,0.13,0.14,0.2,1.11,1.12,0.63,1.16,0.35
43198,MICHIGAN.HUB,Hub,LMP,29.81,29.62,27.61,29.68,29.41,34.25,40.67,43.3,43.15,42.63,38.17,34.32,31.09,30.38,29.36,30,30.16,34.82,37.17,47.92,50.88,35.42,27.97,26.21
43198,MICHIGAN.HUB,Hub,MCC,1.41,1.18,1.17,1.17,1.23,1.93,5.42,5,3.21,3.1,2.09,2.17,2.71,2.7,3.03,3.12,2.78,4.88,4.33,2.23,5.53,4.15,1.75,1.28
43198,MICHIGAN.HUB,Hub,MLC,0.21,0.2,-0.48,0.72,1.59,1.82,0.75,1.28,1.33,1.31,1.2,1.46,1.29,1.75,1.47,1.57,1.61,1.76,2.13,2.84,2.84,0.41,0.17,1.1
43199,LOUISIANA.HUB,Hub,LMP,30.76,28.74,28.17,28.66,30.99,42.13,50.76,55,52.64,51.74,47.19,41.82,39.43,38.06,38.66,37.93,39.49,39.38,39.62,52.27,49.32,35.65,31.37,27.02
43199,LOUISIANA.HUB,Hub,MCC,2.72,2.04,0.71,-0.38,0.95,4.95,1.49,6.86,5.51,4.52,3.16,3.15,1.9,2.12,3.72,3.42,4.76,3.92,3.03,6.99,6.03,0.93,1.97,0.19
43199,LOUISIANA.HUB,Hub,MLC,1.13,0.1,0.1,0.08,-0.63,0.2,-0.47,-0.46,-0.45,-0.47,0.18,-0.34,-0.18,-0.34,0.45,0.33,0.32,0.47,0.48,-0.5,-0.46,0.34,-0.1,0.81
43199,MICHIGAN.HUB,Hub,LMP,32.08,31.65,31.82,35.06,37.43,43.19,56.94,54.94,53.25,55.46,48.36,42.79,41.41,41.37,40.11,41.19,40.09,39.53,40.61,49.11,46.11,37.29,31.94,29.14
43199,MICHIGAN.HUB,Hub,MCC,4.48,4.71,4.12,5.01,5.04,4.48,5.23,4.16,3.54,5.65,3.18,2.16,2.78,3.65,4.15,5.7,4.37,3.05,2.96,1.88,0.96,1.25,1.54,1.86
43199,MICHIGAN.HUB,Hub,MLC,0.69,0.34,0.34,1.09,1.72,1.73,1.97,2.18,2.13,2.12,1.33,1.62,0.92,1.44,1.47,1.31,1.31,1.49,1.54,1.45,1.4,1.66,0.9,1.26
43200,LOUISIANA.HUB,Hub,LMP,26.82,25.53,24.81,25.29,27.51,33.34,50.18,47.66,40.76,42.81,40.53,34.81,32.43,32.43,33.3,32.55,32.73,33.59,34.16,46.04,46.36,33.74,27.09,23.65
43200,LOUISIANA.HUB,Hub,MCC,-3,-3.21,-2.64,-3.55,-2.53,-4.28,-1.58,1.41,-0.2,3.32,3.12,0.08,-1.49,1.87,3.81,3.8,3.63,2.87,2.12,4.28,4.5,1.57,0.58,0.49
43200,LOUISIANA.HUB,Hub,MLC,0.75,0.6,-0.16,-0.19,-0.03,-0.66,0.15,-0.49,-0.43,-0.2,0.13,-0.23,0.45,-0.08,0.96,0.94,1.01,1.07,1.06,0.53,1.9,1.15,0.89,0.11
43200,MICHIGAN.HUB,Hub,LMP,33.22,30.75,31.12,33.07,34.69,44.51,56.89,51.06,45.43,44.31,40.98,38.25,37,33.5,31.34,30.99,30.75,32.57,33.9,44.89,43.01,34.03,28.75,25.54
43200,MICHIGAN.HUB,Hub,MCC,2.38,1.96,1.93,2.4,3.14,4.24,3.89,2.89,2.78,2.74,1.92,2.88,1.97,1.96,1.81,1.84,1.65,1.85,1.86,1.75,2.22,1.87,1.42,1.34
43200,MICHIGAN.HUB,Hub,MLC,1.77,0.65,1.58,1.64,1.48,1.99,1.39,1.43,1.26,1.88,1.78,0.41,1.56,0.9,1,1.34,1.01,1.07,1.06,1.91,0.83,1.14,1.71,1.15
43201,LOUISIANA.HUB,Hub,LMP,23.32,22.79,23.04,23.35,24.36,30.7,42.51,40.88,36.8,33.16,31.28,30.77,29.69,31.62,32.2,33.71,34.48,34.38,33.59,43.55,42.39,28.6,24.85,21.97
43201,LOUISIANA.HUB,Hub,MCC,0.73,0.7,0.42,0.4,-0.36,-1.88,2.31,1.93,1.89,0.58,1.06,2.06,2.74,5.66,6.82,7.57,6.81,6.05,6.39,6.27,6.63,2.5,1.63,1.23
43201,LOUISIANA.HUB,Hub,MLC,0.54,0.24,0.57,0.55,0.3,0.03,0.03,0.45,0.24,0.05,-0.16,0.38,0.26,0.19,0.62,1.03,1.74,1.77,-0.19,2.61,2.52,0.95,0.31,0.08
43201,MICHIGAN.HUB,Hub,LMP,25.45,25.61,25.55,26.37,28.91,39.32,46.67,42.99,39.38,36.94,33.25,31.49,30.27,28.44,28.27,28.25,29.17,29.99,32.71,39.53,38.35,28.41,26.12,24.49
43201,MICHIGAN.HUB,Hub,MCC,2.67,2.68,2.73,3.23,3.72,4.73,3.87,3.6,2.55,2.26,2.06,1.99,1.87,1.98,1.89,2.39,2.34,2.51,3.97,3.7,3.98,2.59,2.16,3.04
43201,MICHIGAN.HUB,Hub,MLC,0.73,1.08,0.77,0.74,0.77,2.04,2.63,0.89,2.16,2.15,0.81,1.17,1.71,0.69,1.62,0.75,0.9,0.92,1.35,1.16,1.13,0.67,1.05,0.79
43202,LOUISIANA.HUB,Hub,LMP,20.38,20.48,19.84,20.39,21.84,24.78,30.84,30.38,29.15,29.88,28.3,28.75,32.82,37.7,45.97,47.91,48.94,44,38.42,48.89,47.13,28.31,26.25,22.84
43202,LOUISIANA.HUB,Hub,MCC,-0.24,0.29,0.28,0.02,0,-3.19,-2.86,-4.22,-3.69,-2.59,-1.75,0.42,4.54,8.09,17.28,18.85,17.78,13.26,9.09,13.33,15.2,4.05,4.44,3.6
43202,LOUISIANA.HUB,Hub,MLC,0.3,0.48,0.13,0.6,0.66,0.37,0.7,-0.19,-0.03,-0.03,-0.49,-0.46,-0.46,1.03,1.01,2.02,2.69,2.61,1.82,3.07,1.68,0.78,1.6,1.12
43202,MICHIGAN.HUB,Hub,LMP,25.58,24.91,25.71,26.6,27.88,38.66,38.85,39.89,36.78,36.27,32.83,30.97,30.77,30.75,29.96,29.31,30.55,30.36,30.53,39.92,34.98,28.57,26.24,25.58
43202,MICHIGAN.HUB,Hub,MCC,4.41,4.56,5.3,6.21,6.23,9.84,4.43,2.76,1.79,1.87,1.43,1.37,1.22,1.14,1.27,1.38,1.23,1.37,2.08,6.46,3.8,4.11,5.32,6.59
43202,MICHIGAN.HUB,Hub,MLC,0.85,0.64,0.98,0.62,0.47,1.22,1.42,2.34,2.12,1.9,0.86,0.81,0.81,1.03,1.01,0.89,0.85,0.86,0.94,0.97,0.93,0.98,0.71,0.87
43203,LOUISIANA.HUB,Hub,LMP,20.92,21.07,20.66,20.17,20.98,25.29,27.67,27.16,27.31,28.9,30.02,31.35,35.52,42.45,44.73,48.84,48.29,44.86,39.36,44.56,40.56,31.14,26.46,24
43203,LOUISIANA.HUB,Hub,MCC,3.15,4.18,4.5,3.46,3.35,2.9,0.54,-1.02,0.01,0.37,2.09,3.93,8.15,13.82,15.77,20.04,19.8,17.16,12.65,14.36,11.54,6.76,4.51,3.55
43203,LOUISIANA.HUB,Hub,MLC,0.47,0.4,0.39,0.39,0.7,0.88,1.56,1.53,1.35,1.28,1.25,1.22,1.4,1.46,1.41,1.4,1.71,1.66,1.51,1.81,1.74,1.32,1.2,1.04
43203,MICHIGAN.HUB,Hub,LMP,24.97,23.81,23.53,24.49,26.35,32.71,34.72,34.73,32.12,33.68,32.79,31.84,30.89,32.1,32.44,32.37,32.47,31.04,30.74,34.28,33.16,27.97,26.34,24.67
43203,MICHIGAN.HUB,Hub,MCC,7.17,6.71,7.08,7.57,8.39,10.08,7.96,6.62,4.95,5.21,4.92,4.46,4.12,4.09,3.63,3.72,4.58,3.92,4.4,4.71,4.74,4.34,4.41,4.33
43203,MICHIGAN.HUB,Hub,MLC,0.5,0.61,0.68,0.6,1.03,1.12,1.19,1.46,1.22,1.22,1.19,1.18,0.8,0.84,1.26,1.25,1.11,1.08,1.14,1.18,1.14,0.57,1.18,0.93
43204,LOUISIANA.HUB,Hub,LMP,25.78,24.7,23.33,23.04,23.02,24.64,25.01,26.51,30.1,32.27,34.46,34.46,32.48,30.48,28.97,28.43,29.15,28.38,28.02,32.32,32.87,27.48,25.54,23.9
43204,LOUISIANA.HUB,Hub,MCC,4.89,4.58,3.99,3.78,3.37,3.05,2.11,1.69,2.08,2.77,3.88,5.31,4.93,4.01,3.14,2.73,3.19,2.2,1.71,1.81,2.64,1.94,1.7,1.84
43204,LOUISIANA.HUB,Hub,MLC,0.47,0.46,0.45,0.45,0.44,0.48,0.61,1.46,1.45,1.43,1.67,1.6,1.41,1.35,1.32,1.31,1.33,1.34,1.36,1.47,1.66,1.32,1.45,0.6
43204,MICHIGAN.HUB,Hub,LMP,25.11,23.57,23.56,23.6,24.11,25.95,25.63,27.31,29.84,31.45,31.34,29.9,28.37,27.59,26.78,26.77,27.08,27.37,27.01,33,30.39,25.98,25.68,24.02
43204,MICHIGAN.HUB,Hub,MCC,3.64,2.89,3.7,3.82,3.91,3.76,2.7,2.83,2.69,1.71,1.71,1.66,1.68,1.94,1.76,1.87,1.92,2.01,1.53,2.25,1.1,1.23,2.23,1.93
43204,MICHIGAN.HUB,Hub,MLC,1.05,1.02,0.97,0.97,0.99,1.08,0.64,1.12,0.58,1.67,0.72,0.69,0.55,0.53,0.51,0.51,0.53,0.52,0.53,1.71,0.72,0.53,1.06,0.63
43205,LOUISIANA.HUB,Hub,LMP,23.11,22.75,22.85,23.07,23.05,24.87,25.27,26.34,28.59,34.3,31.02,29.15,27.84,27.7,26.69,27.21,27.59,28.55,30.36,47.34,45.46,31.07,26.17,23.79
43205,LOUISIANA.HUB,Hub,MCC,0.55,0.56,0.76,0.91,0.72,0.92,0.86,1.25,2.33,5.41,2.54,1.57,1.19,1.59,1.16,1.47,1.63,1.37,1.06,6.71,6.71,2.86,0.96,0.77
43205,LOUISIANA.HUB,Hub,MLC,0.66,0.64,0.64,0.64,0.66,0.7,0.23,0.28,0.13,0.85,0.84,0.81,0.78,0.76,0.74,0.75,-0.54,-0.57,0.13,0.74,1.55,-0.05,-0.44,0.11
43205,MICHIGAN.HUB,Hub,LMP,24.1,23.82,23.95,24.03,24.45,27.01,27.99,28.29,29.8,31.84,31.52,30.06,28.94,28.16,27.61,27.92,30.28,31.7,34.1,48.53,42.68,32.63,31.44,26.11
43205,MICHIGAN.HUB,Hub,MCC,1.73,1.81,2.04,2.05,2.32,3.27,2.74,2.4,2.64,2.86,2.95,2.39,2.2,1.96,1.99,2.1,2.49,2.59,3.13,6.35,4.33,2.78,4.31,2.3
43205,MICHIGAN.HUB,Hub,MLC,0.47,0.46,0.46,0.46,0.46,0.49,1.07,1.08,1.03,0.94,0.93,0.9,0.87,0.85,0.83,0.83,1.29,1.36,1.8,2.29,1.15,1.59,1.48,0.9
43206,LOUISIANA.HUB,Hub,LMP,25.7,24.98,24.25,25.33,26.95,39.75,59.42,57.56,51.72,48.44,40.67,33.42,30.95,29.8,29.47,30.15,32.32,32.05,31.05,38.27,39.95,33.18,27.68,24.5
43206,LOUISIANA.HUB,Hub,MCC,1.81,1.3,1.39,1.29,0.64,3.82,8.49,8.5,8.24,6.28,1.45,-1.3,-4.1,-2.5,-2.58,-1.97,-0.13,-2.24,-2.95,-6.23,-0.62,-2.63,-1.66,-1.13
43206,LOUISIANA.HUB,Hub,MLC,0.88,0.71,0.11,0.29,0.75,0.87,0.86,0.76,0.66,0.64,0.05,-1.02,0.49,-0.51,0.24,1.26,1.41,1.49,-0.33,0.56,0.53,1.19,0.52,0.42
43206,MICHIGAN.HUB,Hub,LMP,26.63,26.91,26.44,28.82,30.2,43.12,53.45,52.14,45.81,45.65,44.02,39.46,40.39,39.03,36.87,35.71,34.54,35.88,37.35,45.67,41.44,36.67,31.63,27.6
43206,MICHIGAN.HUB,Hub,MCC,3.24,3.25,2.52,3.89,3.33,5.79,2.37,1.82,1.2,2.4,2.09,2.57,4.16,5.02,4.12,3.37,2.08,1.57,1.86,0.87,0.61,0.81,1.46,1.16
43206,MICHIGAN.HUB,Hub,MLC,0.38,0.69,1.17,1.18,1.31,2.27,1.01,2.02,1.79,1.73,2.76,1.15,1.67,1.2,0.94,1.48,1.42,1.51,1.16,0.86,0.79,1.24,1.35,1.23
43207,LOUISIANA.HUB,Hub,LMP,24.92,24.42,24.5,24.81,26.26,32.43,53.61,50.38,41.69,41.98,38.35,39.4,38.52,37.4,36.87,39.75,41.54,42.54,42.36,56.14,54.17,40.63,29.47,25.48
43207,LOUISIANA.HUB,Hub,MCC,-1.49,-1.48,-1.75,-1.94,-3.09,-8.98,-3.46,-1.25,-3.23,-2.25,-2.98,1.45,0.28,0.77,0.97,4.31,5.72,6.74,5.11,9.26,9.06,4.96,1.72,1.26
43207,LOUISIANA.HUB,Hub,MLC,-0.15,-0.07,-0.07,-0.09,0.44,-0.09,0.47,-1.17,-1.02,0.36,0.17,-0.26,0.48,0.85,1.14,1.96,1.22,1.21,2.81,4.15,3.7,3.1,0.47,0.16
43207,MICHIGAN.HUB,Hub,LMP,30.96,30.07,30.17,31.02,32.62,45.4,60.8,57.25,50.51,50,46.96,42.56,42.84,40.17,39.33,36.49,37.75,38.5,39.46,48.81,47.08,37.46,31.85,28.96
43207,MICHIGAN.HUB,Hub,MCC,2.61,2.35,2.08,2.38,2.35,1.51,1.19,2.1,2.54,3.8,4.41,3.91,3.35,3.9,3.43,3.36,2.09,2.85,3.95,4.85,4.47,3.9,3.03,3.57
43207,MICHIGAN.HUB,Hub,MLC,1.79,1.75,1.77,1.8,1.36,2.39,3.01,2.35,2.03,2.33,1.39,0.44,1.73,0.49,1.14,-0.35,1.06,1.06,1.07,1.23,1.2,0.99,1.54,1.33
43208,LOUISIANA.HUB,Hub,LMP,24.93,22.09,21.72,22.1,23.38,27.86,33.31,30.69,30.51,31.13,32.33,32.5,34.92,36.76,38.35,39.68,42.42,40.13,37.65,50,50,35,29.15,25.92
43208,LOUISIANA.HUB,Hub,MCC,-1.35,-3.04,-3.21,-4.4,-6.84,-11.78,-15.56,-17.82,-11.98,-9.7,-9.55,-6.06,-2.64,-0.55,2.07,4.02,5.68,4.92,2.83,4.03,3.84,0.13,-1.81,0.07
43208,LOUISIANA.HUB,Hub,MLC,0.89,0.17,0.31,0.37,-0.22,-0.27,-1.75,-0.47,-0.41,-0.38,1,0.89,1.52,1.88,1.87,1.52,2.95,1.51,1.49,4.08,4.1,2.44,1.07,0.02
43208,MICHIGAN.HUB,Hub,LMP,31.44,31.63,31.08,33.83,40.61,51.92,58.07,54.21,48.21,47.82,48.14,43.41,43.11,43.32,40.89,40.88,40.19,39.9,38.87,47.93,48.78,38.64,37.77,33.75
43208,MICHIGAN.HUB,Hub,MCC,5.91,5.06,4.87,5.81,8.17,9.84,4.85,3.57,3.65,5.21,6.26,5.23,5.99,6.88,5.52,5.94,5.43,5.4,4.76,4.83,5.49,5.12,5.8,6.52
43208,MICHIGAN.HUB,Hub,MLC,0.14,1.61,1.59,1.89,2,2.17,2.6,1.66,1.66,1.4,1,0.51,1.08,1.01,0.96,0.8,0.97,0.8,0.78,1.21,1.23,1.09,2.08,1.4
43209,LOUISIANA.HUB,Hub,LMP,25.16,23.45,23.62,23.24,25,29.32,38,43.02,36,36.2,37.03,36.08,34.96,31.57,30.24,30.64,30.48,31.04,31.24,40.8,40.73,29.89,27.24,25.34
43209,LOUISIANA.HUB,Hub,MCC,-1.42,-1.31,-1.96,-2.94,-5.54,-11.34,-9.94,-5.91,-8.06,-5.86,-5.32,-2.1,-2.25,-4.19,-3.66,-3.09,-2.76,-2.57,-3.35,-4.81,-5.31,-5.12,-2.99,-2.42
43209,LOUISIANA.HUB,Hub,MLC,0.64,-0.55,0.64,-0.6,-0.03,-0.3,0.53,0.21,-0.21,-0.2,0.46,-0.57,-0.18,0.3,0.26,0.69,0.68,0.7,0.71,0.37,-0.24,0.74,-0.16,0.65
43209,MICHIGAN.HUB,Hub,LMP,30.79,29.95,28.85,31.69,37.17,44.01,49.35,50.38,46.42,44.31,43.35,40.4,39.32,37.64,34.45,34.25,33.84,34.38,35.61,47.98,48.82,35.95,33.27,30.26
43209,MICHIGAN.HUB,Hub,MCC,3.99,3.21,3.04,3.42,5.27,1.64,0,0,0,0,0.41,0.3,0.57,0.51,0.08,0.56,0.63,0.81,1.05,0.63,0.45,0.97,1.87,1.99
43209,MICHIGAN.HUB,Hub,MLC,0.86,1.43,0.87,1.49,1.33,1.41,1.94,1.66,2.15,2.05,1.05,1.35,1.36,1.67,0.73,0.65,0.65,0.66,0.68,2.11,2.09,0.71,1.01,1.16
43210,LOUISIANA.HUB,Hub,LMP,24.37,23.69,23.83,24.44,26.32,33.05,37.35,35.88,33.46,31.86,32.26,29.15,30.25,28.66,28.91,28.12,27.89,27.69,27.46,33.8,37.47,28.34,26.36,23.32
43210,LOUISIANA.HUB,Hub,MCC,-1.97,-2.22,-2.6,-3.72,-4.79,-10.74,-13.31,-12.64,-9.69,-9.26,-6.48,-7.66,-4.11,-2.72,-1.61,-0.54,-0.39,-0.68,-0.43,-2.92,1.01,0.31,0.01,0
43210,LOUISIANA.HUB,Hub,MLC,0.25,0.03,0.02,0.02,-0.08,0.27,0.41,-0.53,-0.47,0.06,0.34,-0.1,0.24,-0.11,1.38,1.16,0.91,0.92,0.67,1.03,0.65,0.97,0.48,0.46
43210,MICHIGAN.HUB,Hub,LMP,31.55,31.06,31.59,35.01,40.28,54.2,57.46,52.44,46.82,44.2,41.45,40.35,36.67,34.01,30.64,28.99,29.75,29.65,29.32,39.77,38.78,29.54,29.1,26.38
43210,MICHIGAN.HUB,Hub,MCC,4.15,3.46,3.43,5.01,7.91,8.6,4.86,1.82,1.81,1.35,1.22,1.98,1.59,1.57,1.53,1.38,1.2,1.01,1.56,2.87,2.12,1.74,2.21,2.33
43210,MICHIGAN.HUB,Hub,MLC,1.31,1.72,1.75,1.86,1.18,2.08,2.35,1.57,1.39,1.79,1.83,1.46,0.96,0.95,-0.03,0.11,1.18,1.19,0.54,1.21,0.85,0.74,1.02,1.19
43211,LOUISIANA.HUB,Hub,LMP,23.37,23.11,22.57,22.97,23.53,24.84,26.69,28.08,32.42,32.8,33.01,31.23,28.65,27.72,27.07,27.87,25.79,26.11,26.24,33.59,33.16,25.76,24.97,22.57
43211,LOUISIANA.HUB,Hub,MCC,0,0,0.02,-0.02,0,0,0,-0.89,-0.65,-0.86,2.23,1.88,1.2,1.06,0.58,1.22,0.04,0.1,0.09,3.8,2.01,0.8,1.45,0.76
43211,LOUISIANA.HUB,Hub,MLC,0.34,0.33,0.2,0.21,0,-0.56,-0.3,-0.07,0.76,0.84,-0.62,1.04,0.97,0.93,1.26,1.76,0.23,0.23,0.23,0.94,1.03,0.14,0.62,0.3
43211,MICHIGAN.HUB,Hub,LMP,26.89,26.1,25.74,26.57,29.12,31.28,32.3,33.4,35.7,36.03,34.39,30.17,28.19,27.41,26.93,26.15,27.88,28.24,28.53,30.91,33.53,27.81,25.2,23.91
43211,MICHIGAN.HUB,Hub,MCC,3.01,2.49,2.22,2.6,4.29,4.42,3.67,3.24,2.02,1.83,1.55,1.68,1.55,1.53,1.24,1.34,1.09,1.19,1.33,2.62,1.59,1.8,1.52,1.46
43211,MICHIGAN.HUB,Hub,MLC,0.85,0.83,1.17,1.19,1.3,1.46,1.64,1.12,1.37,1.38,1.44,0.18,0.16,0.15,0.46,-0.08,1.27,1.27,1.28,-0.56,1.82,1.19,0.78,0.94
43212,LOUISIANA.HUB,Hub,LMP,22.4,22.24,22.14,21.95,21.88,22.13,22.94,24.39,25.96,27.35,27.99,26.85,26.87,26.36,26.64,27.02,27.44,28.48,27.79,32.39,34.56,28.48,24.75,21.84
43212,LOUISIANA.HUB,Hub,MCC,0.68,0.77,0.69,0.47,0.19,0.26,0.08,0,0,0,0.49,0,0,0,0,0.07,0,0.37,0,0.22,1.47,1.27,0.71,0.07
43212,LOUISIANA.HUB,Hub,MLC,0.22,0.06,0.22,0.21,0.21,-0.23,-0.25,0.21,0.79,1.1,1.1,1.07,1.07,1.05,1.72,1.73,1.77,1.81,0.26,0.56,1,0.86,1.28,0.3
43212,MICHIGAN.HUB,Hub,LMP,26.53,26.1,25.95,26.89,28.16,27.82,27.99,28.87,29.21,29.7,29.41,28.48,28.3,27.74,26.43,26.82,28.15,28.59,31.99,35.22,35.19,28.65,25.57,25.11
43212,MICHIGAN.HUB,Hub,MCC,4.03,3.87,3.74,4.64,5.69,5.56,4.71,3.45,3.22,2.6,2.15,1.88,1.68,1.62,1.59,1.69,2.57,2.37,3.09,2.4,2.14,2.81,2.76,2.71
43212,MICHIGAN.HUB,Hub,MLC,1,0.82,0.98,0.98,0.99,0.16,0.17,1.24,0.82,0.85,0.86,0.82,0.82,0.81,-0.08,-0.09,-0.09,-0.08,1.37,1.21,0.96,-0.51,0.05,0.93
43213,LOUISIANA.HUB,Hub,LMP,21.1,21.06,21.28,21.61,22.46,26.46,28.47,29.78,27.97,30.06,29.73,29.79,29.94,30.17,31.47,32.02,32.55,32.98,32.95,39.21,38.73,31.14,26.05,24.33
43213,LOUISIANA.HUB,Hub,MCC,0,0,0,0,0,-3.8,-8.9,-9.6,-9.24,-8.26,-8.14,-6.9,-7.06,-3.9,-0.95,-0.54,0,0.04,-0.06,0,0,-0.34,0,0
43213,LOUISIANA.HUB,Hub,MLC,0.29,0.2,0.28,0.27,0.27,0.02,0.23,0.5,-0.27,-0.12,-0.12,-0.11,0.3,-0.24,-0.1,0.67,0.66,0.67,0.67,0.54,0.54,0.56,0.47,0.98
43213,MICHIGAN.HUB,Hub,LMP,26.71,26.99,27.15,27.73,30.12,39.77,47.76,43.53,41.7,43.78,43.02,41.89,41.1,37.84,35.9,34.73,34.48,34.69,35.04,43.68,43.21,34.33,28.1,25.55
43213,MICHIGAN.HUB,Hub,MCC,4.99,5.18,5.46,5.7,7.23,8.39,8.86,3.44,3.06,3.32,3.03,3.15,2.69,2.46,2.12,2.2,1.97,1.78,2.06,2.8,2.83,2.68,1.52,1.45
43213,MICHIGAN.HUB,Hub,MLC,0.91,0.95,0.69,0.69,0.7,1.14,1.76,1.21,1.16,2.02,2,1.94,1.71,1.07,1.26,0.64,0.62,0.64,0.64,2.21,2.19,0.73,1,0.75
43214,LOUISIANA.HUB,Hub,LMP,21.15,21.29,21.21,21.19,22.28,25.68,26.79,27.2,27.46,28.05,29.57,32.71,32.6,32.52,32.33,31.12,32.77,31.4,30.81,35.18,38.16,25.99,23.44,21.41
43214,LOUISIANA.HUB,Hub,MCC,-0.07,-0.07,-0.07,-0.08,-0.1,-3.22,-8.03,-8.3,-6.95,-7.26,-5.11,-0.96,-0.02,0.96,1.04,0.66,1.76,1.65,1.54,1.46,2.52,0.2,-0.12,-0.06
43214,LOUISIANA.HUB,Hub,MLC,0.28,0.43,0.43,0.27,0.1,0.52,-0.16,0.46,-0.06,-0.09,-0.09,0.26,-0.06,0.68,1.08,0.85,1.2,0.67,0.66,0.76,2.46,0.33,0.27,0.45
43214,MICHIGAN.HUB,Hub,LMP,22.62,22.38,22.18,22.53,25.22,31.03,37.83,37.9,37.42,37.98,37.51,36.22,36.51,33.46,32.71,32.77,32.6,32.61,32.7,37.95,37.3,28.92,25.86,23.14
43214,MICHIGAN.HUB,Hub,MCC,1,0.75,0.64,0.88,2.11,1.89,1.84,1.76,1.47,1.97,2.14,2.52,2.22,1.76,1.41,2.13,1.61,1.94,2.53,3.15,3.03,2.11,1.71,1.4
43214,MICHIGAN.HUB,Hub,MLC,0.68,0.7,0.69,0.65,0.83,0.76,1.01,1.1,1.48,0.61,0.6,0.29,1.61,0.82,1.09,1.03,1.18,1.59,1.56,1.84,1.09,1.35,0.86,0.72
43215,LOUISIANA.HUB,Hub,LMP,20.97,20.92,20.5,20.67,21.22,24.45,28,28.06,28.12,29.98,30.63,31.23,32.29,35.17,34.81,35.75,37.05,36.64,33.59,37.45,39.52,29.27,26.38,23.43
43215,LOUISIANA.HUB,Hub,MCC,-0.07,-0.07,-0.07,-0.1,-0.62,-2.19,-2.88,-4.85,-4.51,-3.39,-2.29,-1.22,-0.58,1.41,1.46,2.43,3.85,3.8,1.16,1.8,1.36,0.52,0.37,0.27
43215,LOUISIANA.HUB,Hub,MLC,0.42,0.52,0.2,0.19,0.44,-0.1,0.24,0.58,0.45,-0.07,0.26,0.25,0.44,1.3,1.5,1.5,0.69,0.69,0.68,0.72,0.52,0.51,0.82,0.47
43215,MICHIGAN.HUB,Hub,LMP,21.85,22.2,22.08,22.46,23.18,30.01,34.23,35.22,34.72,36.25,34.15,33.58,35.07,34.07,32.44,32.35,33.9,33.96,33.86,36.84,41.03,29.87,27.44,24.73
43215,MICHIGAN.HUB,Hub,MCC,0.76,0.77,0.77,0.95,1.06,1.78,2.61,1.31,1.02,1.16,1.2,1.09,0.8,0.69,0.91,0.86,0.14,0.57,0.89,1.23,1.24,0.96,1.17,1.3
43215,MICHIGAN.HUB,Hub,MLC,0.47,0.96,0.94,0.93,0.72,1.49,0.98,1.58,1.52,1.65,0.29,0.29,1.84,0.92,-0.32,-0.33,1.25,1.24,1.22,0.68,2.15,0.67,1.08,0.74
43216,LOUISIANA.HUB,Hub,LMP,22.48,21.8,21.63,21.12,21.89,26.3,27.73,28.71,28.46,28.58,28.18,28.8,28.86,30.05,30.52,31.76,32.77,31.6,29.54,35.59,36.57,27.81,25.15,22.48
43216,LOUISIANA.HUB,Hub,MCC,0,0,0,0,-0.02,-1.09,-5.94,-6.78,-3.92,-3.11,-3.62,-2.41,-1.83,0.27,0.93,2.55,4.32,3.49,0.89,2.27,3.04,1.38,1.04,0.46
43216,LOUISIANA.HUB,Hub,MLC,0.54,0.31,0.3,-0.19,-0.53,0.06,0.03,0.5,-0.14,-0.06,0.18,1.06,1.03,1.06,1.12,1.98,1.57,1.56,1.58,2.25,1.26,0.83,0.79,0.58
43216,MICHIGAN.HUB,Hub,LMP,27.63,26.31,25.99,25.97,28.74,36.32,42.83,41.23,37.77,37.79,36.78,35.63,35.44,34.06,35.5,33.64,33.62,33.17,33.8,38.13,38.13,31.48,27,25.14
43216,MICHIGAN.HUB,Hub,MCC,4.7,3.48,3.33,3.38,5.16,7.7,7.08,4.58,3.82,4.47,3.9,4.04,4.36,4.58,5.53,5.45,5.85,5.73,5.84,5.97,4.18,4.72,2.94,2.98
43216,MICHIGAN.HUB,Hub,MLC,0.99,1.34,1.33,1.28,1.14,1.29,2.11,1.66,1.43,1.57,1.26,1.44,1.42,0.76,1.5,0.96,0.89,0.89,0.89,1.09,1.68,1.16,0.74,0.72
43217,LOUISIANA.HUB,Hub,LMP,21.15,21.09,20.56,21.28,22.41,25.92,27.83,28.92,28.24,28.77,28.89,28.66,28.9,29.37,30.24,30.6,32.41,29.65,27.87,31.19,31.65,26.86,24.34,21.72
43217,LOUISIANA.HUB,Hub,MCC,-0.1,-0.47,-1.01,-0.3,0.11,-1.95,-1.58,-1.93,-3.33,-2.57,-3.13,-1.89,0.31,1.77,3.85,4.93,6.33,2.9,1.35,1.13,0.6,0.63,0,0
43217,LOUISIANA.HUB,Hub,MLC,0.29,0.54,0.54,0.53,0.43,0.25,0.42,0.27,0.77,0.75,0.79,0.73,0.51,0.85,0.11,0.11,0.1,1.68,1.67,1.47,1.52,1.34,0.85,0.62
43217,MICHIGAN.HUB,Hub,LMP,23.4,23.17,23.24,24.08,27.64,36.24,33.01,35.09,35.51,34.78,36.17,34.72,31.83,30.06,29.12,28.35,28.45,27.74,27.83,32.19,33.34,26.9,25.59,22.54
43217,MICHIGAN.HUB,Hub,MCC,1.54,1.16,1.22,2.05,4.94,7.3,3.35,2.72,2.7,2.2,2.95,2.99,2.67,2.22,1.48,1.47,1.13,1.66,1.97,2.29,2.44,1.27,0.99,0.62
43217,MICHIGAN.HUB,Hub,MLC,0.9,0.99,0.99,0.98,0.83,1.32,0.67,1.79,2.01,1.99,1.99,1.91,1.08,1.09,1.36,1.32,1.34,1.01,1.01,1.31,1.37,0.74,1.11,0.82
43218,LOUISIANA.HUB,Hub,LMP,21.67,21.3,20.97,20.89,21.09,22.47,22.95,24.81,26.11,27.32,27.25,26.71,27.38,30.18,32.9,35.17,37.81,33.31,29.56,30.4,30.6,25.94,24.94,23.51
43218,LOUISIANA.HUB,Hub,MCC,0,0,0,-0.35,-0.12,-0.85,-0.03,-1.46,-4.13,-2.31,-2.38,-2.43,-1.02,2.63,4.91,7.22,9.1,5.24,1.99,0.27,0,0.47,0.96,1.24
43218,LOUISIANA.HUB,Hub,MLC,0.5,0.56,0.48,0.51,0.02,0.21,-0.09,0.02,0.76,-0.04,0.48,1.16,1.23,1.22,1.78,1.34,1.37,1.34,1.21,1.28,1.2,0.9,0.82,0.77
43218,MICHIGAN.HUB,Hub,LMP,22.62,22.15,21.74,21.87,23.08,25.67,24.29,28.52,32,32.41,31.21,29.18,28.26,27.07,25.59,26.63,27.15,27.02,27.28,31.78,32.11,26.56,25.53,23.96
43218,MICHIGAN.HUB,Hub,MCC,0.6,0.24,0.1,0.29,0.44,1.11,0.89,0.98,1.12,1.05,0.8,0.13,0.09,-0.26,-0.5,-0.91,-1.15,-0.65,-0.07,1.91,1.62,1.06,1.29,1.27
43218,MICHIGAN.HUB,Hub,MLC,0.85,1.17,1.15,0.85,1.45,1.45,0.33,1.29,1.4,1.69,1.26,1.07,1,1,-0.12,0.93,0.96,0.94,0.99,1.02,1.09,0.93,1.08,1.19
43219,LOUISIANA.HUB,Hub,LMP,21.05,20.58,20.24,20.12,20.15,21.37,22.06,23.5,25.14,25.18,24.97,26.73,28.3,34.18,36.79,39.54,41.41,40.03,35.25,37.8,35.1,27.35,23.8,20.51
43219,LOUISIANA.HUB,Hub,MCC,0,0,0,0,0,0,0,0,0,0,0,2.35,3.04,8.24,10.76,13.06,14.03,12.26,7.54,6.34,3.8,1.99,0,0
43219,LOUISIANA.HUB,Hub,MLC,0.44,0.43,0.43,0.42,0.42,0.41,0.43,0.54,0.81,0.74,0.28,0.28,0.9,0.92,0.92,0.92,0.96,1.16,1.17,1.37,0.45,1.12,1.01,0.54
43219,MICHIGAN.HUB,Hub,LMP,22.05,21.46,21.11,21.09,21.47,22.89,23.57,25.27,26.97,27.19,27.28,26.29,25.58,25.58,25.23,25.41,26.59,26.83,28.55,33.17,35.42,26.42,24.78,21.78
43219,MICHIGAN.HUB,Hub,MCC,0.23,0.12,0.13,0.23,0.58,0.88,0.86,1.06,1.23,1.31,1.31,0.93,0.97,0.31,-0.13,-0.4,-0.09,-0.05,1.74,2.58,3.16,1.77,1.74,0.81
43219,MICHIGAN.HUB,Hub,MLC,1.21,1.19,1.17,1.16,1.16,1.05,1.08,1.25,1.41,1.44,1.28,1.26,0.25,0.25,0.25,0.25,0.26,0.27,0.27,0.5,1.41,0.41,0.25,1
43220,LOUISIANA.HUB,Hub,LMP,19.38,19.33,19.39,19.8,21.09,25.64,27.62,28.17,27.55,28.54,29.51,29.05,33.24,34.79,38.79,43.25,47.54,41.12,37.59,37.28,35.28,27.43,23.43,20.82
43220,LOUISIANA.HUB,Hub,MCC,0,0.23,0,0,0,-2.31,-1.23,-1.71,-1.81,-2.19,0,0,3.86,4.87,9.18,13.34,17.34,11.67,8.26,6.01,4.15,1.94,0.31,0
43220,LOUISIANA.HUB,Hub,MLC,0.5,0.44,0.45,0.37,0.56,0.73,0.74,0.95,0.77,1.54,1.48,1.46,1.53,1.56,1.53,0.74,0.75,0.73,0.76,0.88,0.85,0.88,1.15,1.24
43220,MICHIGAN.HUB,Hub,LMP,20.88,20.58,21.06,22,23.31,31.74,32.06,33.95,32.93,34.31,33.36,32.83,31.52,31.82,30.01,30.53,30.12,30.5,30.93,34.03,34.69,27.35,24.29,21.81
43220,MICHIGAN.HUB,Hub,MCC,1.06,1.14,1.33,1.61,1.77,3.13,2.32,3.29,2.96,3.18,3.46,3.4,2.8,2.57,1.06,-0.06,-0.76,0.39,1.09,1.99,2.66,1.72,1.43,1.33
43220,MICHIGAN.HUB,Hub,MLC,0.94,0.78,0.79,0.96,1.01,1.39,1.63,1.73,1.38,1.94,1.87,1.84,0.87,0.89,0.87,1.42,1.43,1.39,1.27,1.65,1.75,1.02,0.89,0.9
43221,LOUISIANA.HUB,Hub,LMP,18.76,17.3,16.87,17.54,19.59,24.4,26.81,27.56,28.66,31.1,31.12,33.74,40.33,49.94,59.18,68,70.64,65.35,53.36,50.19,47.51,34.36,25.13,22.47
43221,LOUISIANA.HUB,Hub,MCC,0.45,0.31,0.13,0.25,0.07,0,0,0,0,0,0,0,5.25,14.07,22.58,28.23,29.9,24.03,13.6,8.24,5.64,3.24,0,0
43221,LOUISIANA.HUB,Hub,MLC,0.74,0.48,0.34,0.38,0.73,0.48,0.5,0.64,0.65,0.89,0.79,1.6,1.5,0.65,0.34,0.88,0.91,1.71,3.23,3.7,3.4,1.16,0.9,0.52
43221,MICHIGAN.HUB,Hub,LMP,28.45,25.98,25.99,26.53,28.54,35.75,29.47,30.04,30.64,33.84,33.91,34.31,35.03,35.83,37.42,38.94,39.63,39.75,36.77,39.11,39.43,30.93,30.35,26.74
43221,MICHIGAN.HUB,Hub,MCC,9.79,8.46,8.75,8.62,8.74,10.39,1.43,1.36,1.88,1.71,1.53,1.42,0.5,-0.42,-1.14,-1.8,-2.1,-2.13,-0.79,-0.23,-0.12,-0.16,5.49,3.71
43221,MICHIGAN.HUB,Hub,MLC,1.09,1.01,0.84,1,1.01,1.44,1.73,1.76,0.75,1.92,2.05,0.75,0.95,1.03,2.3,1.85,1.9,2.27,1.03,1.09,1.08,1.13,0.63,1.08
43222,LOUISIANA.HUB,Hub,LMP,21.05,19.22,18.66,18.82,20.45,24.53,28.79,27.44,28.21,30.94,36.14,40.23,46.04,58.26,66.69,78.4,82.78,73.35,60.17,49.5,49.56,34.54,26.59,24.56
43222,LOUISIANA.HUB,Hub,MCC,0,0,0,0,0,0,1.65,-0.85,0.43,-1.24,1.8,4.02,5.33,13.32,19.45,28.6,31.59,26.19,17.63,7.63,7.98,1.55,0,0
43222,LOUISIANA.HUB,Hub,MLC,0.72,0.39,0.04,0.03,0.41,0.14,0.23,0.29,-0.44,1.03,1.54,0.2,1.29,1.42,0.18,0.19,0.19,0.58,1.17,1.15,1.15,1.67,1.21,0.84
43222,MICHIGAN.HUB,Hub,LMP,22.14,19.9,21.37,21.81,22.94,28.83,29.41,32.09,29.99,31.94,33.12,35.66,36.92,39.28,41.1,42.65,42.9,40.33,37.64,39.05,38.17,32.52,27.4,26.19
43222,MICHIGAN.HUB,Hub,MCC,0.85,0.64,1.42,1.69,2.24,3.11,1.64,2.83,0.95,-0.14,-0.35,-2.07,-3.04,-4.83,-7.04,-8.09,-9.25,-7.71,-5.61,-3.52,-4.1,1.07,2.26,1.82
43222,MICHIGAN.HUB,Hub,MLC,0.96,0.43,1.33,1.33,0.66,1.33,0.86,1.26,0.82,0.93,0.67,1.72,0.54,0.59,1.08,1.13,1.15,1.46,1.88,1.85,1.84,0.13,-0.24,0.65
43223,LOUISIANA.HUB,Hub,LMP,24.1,22.57,22.32,22.18,22.23,24.16,26.24,27.43,27.77,32.95,33.31,38.27,41.52,52.93,63.7,72.16,73.8,64.9,50.48,45.02,43.37,29.5,24.09,22.46
43223,LOUISIANA.HUB,Hub,MCC,0,0,0,0,0,-2.79,-3.74,-3.61,-4.72,-2.5,-2.78,0.02,0.32,10.79,18.96,25.49,27.57,23.37,11.89,6.54,5.54,0.05,0,0
43223,LOUISIANA.HUB,Hub,MLC,1.58,0.89,0.88,0.88,0.13,0.34,0.11,-0.19,0.55,0.5,1.01,0.94,0.5,-0.12,0.17,0.55,1.44,0.23,1.71,1.7,1.67,1.03,0.51,0.68
43223,MICHIGAN.HUB,Hub,LMP,29.36,26.85,26.84,26.83,37.39,40.43,31.79,33.55,34.37,36.97,37.62,39.52,43.95,42.48,41.34,42.05,41.36,37.43,35.66,37.33,37,30.09,27.98,25.54
43223,MICHIGAN.HUB,Hub,MCC,6.93,4.49,4.72,4.86,14.13,12.46,0.78,1.07,1.11,1.4,0.93,0.96,1.98,-1.06,-4.24,-5.11,-4,-5.84,-1.96,-0.19,0.12,0.65,3.55,3.32
43223,MICHIGAN.HUB,Hub,MLC,-0.09,0.68,0.68,0.67,1.16,1.36,1.14,1.25,1.32,0.62,1.61,1.25,1.27,1.28,1.01,1.04,0.57,1.97,0.74,0.74,0.72,1.02,0.85,0.44
43224,LOUISIANA.HUB,Hub,LMP,23.26,21.63,21.18,21.11,21.64,23.99,26.2,27.24,27.88,32.31,33.74,36.11,41.99,46.49,54.89,62.8,62.97,51.74,41.22,38.48,39.56,29.61,26.03,23.94
43224,LOUISIANA.HUB,Hub,MCC,0,0,0,0,0,-0.65,-1.41,-2.57,-1.67,-2.37,0.56,1.52,3.66,6.85,15.02,20.02,20.54,12.86,5.59,3.26,5.41,1.05,0,0
43224,LOUISIANA.HUB,Hub,MLC,1.38,0.83,0.51,0.24,0.18,-0.1,0.23,1.35,0.27,1.42,0.38,0.4,1.41,1.45,0.46,1.9,1.88,1.93,1.52,1.02,0.98,1.29,1.59,1.54
43224,MICHIGAN.HUB,Hub,LMP,25.09,25.35,24.11,25,25.8,28.85,32.77,32.11,32.57,38.72,37.52,38.38,41.63,42.12,40.82,39.34,38.71,36.31,35.08,36,34.81,28.28,24.98,22.74
43224,MICHIGAN.HUB,Hub,MCC,2.68,3.18,2.92,3.05,3.37,2.67,3.85,2.68,2.56,3.57,3.58,2.99,2.76,1.93,0.04,-2.35,-2.64,-0.75,0.08,0.57,0.45,0.01,0.12,0.42
43224,MICHIGAN.HUB,Hub,MLC,0.53,1.37,0.52,1.08,0.97,1.44,1.54,0.97,0.73,1.89,1.14,1.2,1.95,2,1.37,0.81,0.8,0.11,0.89,1.23,1.19,1,0.42,-0.08
43225,LOUISIANA.HUB,Hub,LMP,21.86,20.59,19.65,19.17,19.56,21.41,21.67,23.69,25.47,26.65,28.5,29.69,29.98,34.29,33.9,34.86,35.15,33.33,30.53,30.93,31.91,26.36,24.45,22.78
43225,LOUISIANA.HUB,Hub,MCC,0,0,0,0,0,0,0,0,-0.05,0,-0.68,0,0.46,2.67,1.82,0.86,0,0,0,0,0,0,0,0
43225,LOUISIANA.HUB,Hub,MLC,0.89,0.83,0.45,0.16,0.09,0.69,0.36,0.56,0.76,0.46,1.79,0.93,0.7,1.57,1.69,1.82,1.67,1.8,1.52,0.98,1.01,1.05,1.11,0.67
43225,MICHIGAN.HUB,Hub,LMP,21.72,21.08,20.62,20.72,20.8,21.55,23.23,25.84,27.19,28.3,29.07,30.76,30.22,31.43,32.37,34.39,36.63,34.44,31.47,32,33.48,27.18,24.5,23.54
43225,MICHIGAN.HUB,Hub,MCC,0.47,0.89,0.67,0.75,0.34,0.55,0.96,1.67,1.45,1.11,1.2,0.78,0.84,0.43,0.94,1.1,1.97,1.82,1.55,1.17,1.67,0.92,0.25,0.22
43225,MICHIGAN.HUB,Hub,MLC,0.28,0.43,0.75,0.96,0.99,0.28,0.96,1.04,0.98,1,0.48,1.22,0.56,0.95,1.04,1.11,1.18,1.09,0.91,0.88,0.91,0.95,0.91,1.21
43226,LOUISIANA.HUB,Hub,LMP,21.34,19.45,18.95,19.32,19.02,19.78,19.44,21.79,22.78,24.17,24.94,25.76,28.56,34.2,39,42.93,43.76,41.29,35.17,35.29,35.08,25.83,24.75,21.9
43226,LOUISIANA.HUB,Hub,MCC,0.07,0,0,0,0,0,0,0.04,0,0.04,0.16,0.11,2.44,7.08,10.33,12.35,10.32,8.44,3.78,2.43,2.28,0,0,0
43226,LOUISIANA.HUB,Hub,MLC,0.68,0.17,0.17,0.45,0.44,0.46,0.17,0.89,0.65,1.24,1.21,1.44,1.46,1.32,1.23,1.31,1.43,1.42,1.22,1.29,0.93,1.67,1.67,0.69
43226,MICHIGAN.HUB,Hub,LMP,21.5,20.54,20.06,20.12,20,20.77,20.26,21.48,23.58,24.22,24.52,26.12,25.96,25.99,26.7,27.36,30.9,30.34,30.59,32.66,33.82,24.65,24.07,21.67
43226,MICHIGAN.HUB,Hub,MCC,0.64,0.28,0.32,0.33,0.51,0.51,0,0.16,0.25,0.64,0.11,0.68,0.06,-1.2,-2.33,-3.61,-2.97,-2.92,-0.69,-0.09,0.86,0.61,0.1,0.18
43226,MICHIGAN.HUB,Hub,MLC,0.27,0.98,0.96,0.92,0.91,0.94,0.99,0.46,1.2,0.69,0.84,1.23,1.24,1.39,1.59,1.7,1.86,1.83,1.11,1.18,1.09,-0.12,0.89,0.28
43227,LOUISIANA.HUB,Hub,LMP,19.3,18.82,18.68,18.6,19.37,22.11,24.05,24.37,25.17,27.32,29.85,36,41.94,51.49,62.47,69.24,70.02,66.95,45.91,42.59,41.65,29.29,24,21.08
43227,LOUISIANA.HUB,Hub,MCC,0,0,0,0,0.09,-1.32,-0.92,-2.43,-4.01,-2.73,-2.49,3.3,8.74,15.41,25.47,31,31.83,30.29,14.88,8.48,7.01,3.89,1.29,0.79
43227,LOUISIANA.HUB,Hub,MLC,0.03,0.03,0.03,0.02,-0.33,-0.29,0.15,-0.14,0.41,0.23,1.62,1.62,1.63,2.37,2.42,2.49,2.48,2.39,1.34,2.24,2.48,0.62,1.47,1.01
43227,MICHIGAN.HUB,Hub,LMP,20.16,19.66,19.51,19.43,21.34,26.58,27.79,29.99,31.82,32.59,32.4,32.54,31.29,34.62,34.85,35.09,34.87,33.63,29.02,33.11,34.01,25.98,22.35,20.76
43227,MICHIGAN.HUB,Hub,MCC,0.01,0.01,0.01,0.01,0.36,1.46,1.86,1.96,1.4,2.13,2,1.8,0.08,-1.1,-1.78,-2.77,-2.94,-2.66,-0.32,-0.65,0.01,0.31,0.08,0.42
43227,MICHIGAN.HUB,Hub,MLC,0.88,0.86,0.85,0.84,1.37,1.4,1.11,1.09,1.65,0.64,-0.32,-0.34,-0.36,2.01,2.05,2.11,2.1,2.02,-0.35,1.89,1.84,0.89,1.03,1.06
43228,LOUISIANA.HUB,Hub,LMP,19.42,17.19,17.19,17.49,18.98,22.76,24.19,25.03,25.74,28.28,30.58,35.21,40.04,50.13,64.65,76.85,79.89,74.31,44.53,40.09,39.03,28.59,24.44,20.56
43228,LOUISIANA.HUB,Hub,MCC,0.17,0,0,0,0.08,0,0.5,0.25,-0.2,-1.09,0.81,4.13,6.89,15.82,28.59,39.08,41.7,37.82,11.28,6.03,5.49,2.58,1.01,0.16
43228,LOUISIANA.HUB,Hub,MLC,1.05,0.42,0.88,0.9,0.55,0.49,-0.06,0.6,0.64,2.54,1.28,1.73,2.17,2.22,2.33,2.44,2.47,2.44,2.14,2.21,1.85,1.53,1.59,0.47
43228,MICHIGAN.HUB,Hub,LMP,20.21,17.67,17.96,19.04,22.01,26.91,27.32,27.17,28.24,29.96,31.97,33.48,35.15,35.44,35.24,35.27,35.26,33.6,32.88,33.79,34.01,26.3,23.42,21.62
43228,MICHIGAN.HUB,Hub,MCC,0.85,0.07,0.61,1.4,2.58,3.51,2.12,1.43,1.28,2.33,2.8,2.34,2.93,2.08,0.17,-1.45,-1.87,-1.49,-0.17,-0.06,0.42,0.55,0.97,0.85
43228,MICHIGAN.HUB,Hub,MLC,1.16,0.83,1.04,1.05,1.08,1.13,1.45,1.56,1.66,0.8,0.68,1.79,1.24,1.27,1.34,1.39,1.41,1.04,1.94,2,1.9,1.27,0.61,0.84
43229,LOUISIANA.HUB,Hub,LMP,21.59,20.07,19.58,19.81,21.48,24.07,25.36,25.98,26.92,28.69,33.28,39.88,43.4,59.15,77.34,90,93.51,80.97,52.38,45.51,45.04,29.85,24.54,22.72
43229,LOUISIANA.HUB,Hub,MCC,0,0,0,0,0,-0.55,-0.2,-0.14,-1.58,-1.13,0.96,7.56,9.37,22.12,39.23,52.48,54.6,43.7,17.86,10.63,10.06,2.17,0,0
43229,LOUISIANA.HUB,Hub,MLC,1.09,0.71,0.76,0.77,1.03,1.46,0.79,0.28,1.06,1.52,2.63,0.72,0.29,1.39,1.41,0.42,0.45,1.38,1.14,0.29,0.29,1.54,0.96,1.25
43229,MICHIGAN.HUB,Hub,LMP,19.35,15.32,15.5,16.93,19.8,22.93,26.01,27.1,28.77,29.4,30.96,33.4,35.99,37.61,39.25,40.6,42.12,38.7,36.08,36.83,37.59,27.79,21.42,20.39
43229,MICHIGAN.HUB,Hub,MCC,-2.29,-5.13,-4.32,-3.12,-1.11,-0.8,0.13,0.34,0.3,0.28,0.42,0.29,0.13,0.23,0.77,1.32,1.39,1.07,1.28,0.08,0.74,0.07,-3.4,-2.21
43229,MICHIGAN.HUB,Hub,MLC,1.14,1.09,1,1.01,0.46,0.57,1.11,0.92,1.03,0.82,0.85,1.51,2.12,1.74,1.78,2.18,2.27,1.74,1.42,2.16,2.16,1.58,1.24,1.13
43230,LOUISIANA.HUB,Hub,LMP,21.72,20.51,20.15,19.7,21.48,23.25,25.55,25.73,26.67,31.72,34.13,40.53,48.38,60.47,86.24,100.16,105.24,90.09,62.86,49.88,47.79,34.84,26.4,25.13
43230,LOUISIANA.HUB,Hub,MCC,0,0,0,0,0,-0.56,-0.76,-1.57,-2.52,0.36,2.11,5.86,11.72,22.7,43.46,55.12,59.65,48.2,26.01,14.54,14.46,7.21,1.71,1.94
43230,LOUISIANA.HUB,Hub,MLC,1.08,0.81,0.7,0.21,1.02,0.13,1.38,0.91,1.02,1.44,0.86,1,1.05,0.44,1.64,1.72,1.74,1.76,1.55,1.31,0.75,1.93,1.08,1.79
43230,MICHIGAN.HUB,Hub,LMP,20.91,19.83,19.83,19.91,21.11,25,26.56,28.43,29.64,31.31,33.2,35.81,37.91,41.21,44.1,46.31,47.18,43.15,38.55,37.11,35.4,27.49,23.73,21.03
43230,MICHIGAN.HUB,Hub,MCC,-0.86,-0.95,-0.69,-0.79,0.2,0.01,1.13,0.79,0.46,0.81,0.85,0.62,0.69,0.62,0.67,0.58,0.89,0.87,1.36,1.28,1.26,0.84,-1.16,-1.03
43230,MICHIGAN.HUB,Hub,MLC,1.13,1.08,1.07,1.21,0.45,1.31,0.5,1.25,1.01,0.58,1.19,1.52,1.61,3.26,2.29,2.41,2.44,2.15,1.89,1.8,1.56,0.95,1.28,0.66
43231,LOUISIANA.HUB,Hub,LMP,22.25,20.18,19.51,19.54,20.28,22.61,25.88,26.85,28.1,33.78,39.7,50.36,61.55,77.2,91.02,108.54,113.7,100.39,55.04,45.63,45.48,33.79,27.72,25.63
43231,LOUISIANA.HUB,Hub,MCC,1.39,1.04,1.05,0.97,0.61,-0.01,0.33,1.23,0.99,3.81,10.18,17.06,26.11,39.59,50.64,66.67,70.94,61.5,18.86,10.37,10.72,5.63,2.72,1.37
43231,LOUISIANA.HUB,Hub,MLC,1.12,0.58,0.48,0.47,0.28,0.38,0.87,0.5,0.78,1.29,0.25,1.26,1.19,1.58,1.69,1.74,1.79,1.63,1.92,1.87,1.86,1.94,1.2,1.79
43231,MICHIGAN.HUB,Hub,LMP,19.85,19.36,19.16,19.67,21.65,24.6,27.79,28.64,30.6,33.82,34.4,37.37,39.65,40.47,42.81,44.9,45.22,39.93,37.34,36.87,36.48,28.62,25.67,23.55
43231,MICHIGAN.HUB,Hub,MCC,-0.41,-0.31,0.11,0.52,1.28,1.12,2,1.68,2.6,4.31,3.3,3.76,3.45,2.5,2.04,2.63,2.05,0.67,1.37,1.81,1.92,1.46,0.5,0.57
43231,MICHIGAN.HUB,Hub,MLC,0.52,1.11,1.07,1.05,0.98,1.24,1.11,1.84,1.67,0.83,1.83,1.57,1.95,1.94,2.08,2.14,2.2,2,1.71,1.67,1.66,0.94,1.37,0.51
43232,LOUISIANA.HUB,Hub,LMP,23.74,22.1,21.16,20.88,20.84,22.12,22.65,25.49,27.23,30.9,37,43.26,55.07,63.09,70.65,73.11,76.02,69.33,52.84,44.76,44.16,33.54,27.22,26.25
43232,LOUISIANA.HUB,Hub,MCC,0.94,0.68,0.56,0.58,0,0.57,0.87,0.32,1.41,2,4.39,8.49,17.7,24.4,30.4,31.86,32.42,29.43,16.78,10.68,9.38,5.85,1.25,0.91
43232,LOUISIANA.HUB,Hub,MLC,1.22,1.14,0.71,0.77,0.73,1.02,0.53,1.48,0.9,1.1,2.11,2.11,2.26,1.68,1.98,2.01,2.13,1.96,1.58,1.5,2.12,1.56,1.49,1.7
43232,MICHIGAN.HUB,Hub,LMP,22.84,21.72,21.41,20.97,21.81,21.77,22.51,24.71,26.72,30.04,32.81,35.37,37.53,39.03,40.7,41.89,45.17,40.79,38.03,34.29,34.74,27.6,26.19,24.86
43232,MICHIGAN.HUB,Hub,MCC,0.69,0.17,0.43,0.43,0.59,0.78,0.34,0.45,0.54,0.8,1.51,1.55,1.19,0.65,1.21,1.41,2.39,1.65,2.27,0.49,0.91,0.51,0.3,0.41
43232,MICHIGAN.HUB,Hub,MLC,0.57,1.27,1.09,1.01,1.11,0.46,0.92,0.57,1.26,1.44,0.8,1.16,1.23,1.37,1.22,1.24,1.31,1.2,1.28,1.22,1.17,0.96,1.41,0.81
43233,LOUISIANA.HUB,Hub,LMP,24.01,21.09,20.45,20.24,20.16,20.77,20.07,22.17,26.56,29.43,35.09,39.48,44.69,54.64,60,69.56,75.07,69.37,60.44,48.95,47.97,35.74,32.08,26.68
43233,LOUISIANA.HUB,Hub,MCC,0.54,0,0,0,0,0,0,0,0.86,1.21,6.78,6.85,10.27,18.41,16.75,23.75,29.07,26.8,20.68,11.21,8.85,5.79,4.91,2.09
43233,LOUISIANA.HUB,Hub,MLC,1.57,0.77,0.55,0.54,0.54,0.55,-0.06,0.21,1.7,1.85,0.17,1.24,0.71,0.74,2.76,2.67,0.91,0.84,0.78,0.75,0.77,0.62,1.2,1.01
43233,MICHIGAN.HUB,Hub,LMP,22.99,21.36,21.12,20.95,21.04,21.93,21.19,23.19,24.85,27.36,29.67,32.4,37.04,38.65,42.77,40.36,39.29,40.09,39.96,38.52,40.19,30.78,27.02,24.51
43233,MICHIGAN.HUB,Hub,MCC,0.28,0.3,0.35,0.4,0.56,0.83,0.2,0.52,0.6,0.49,-0.09,0.28,1.64,1.38,-0.05,-4.12,-8.39,-4.03,-1.26,-0.59,-0.35,-0.03,0.12,0.17
43233,MICHIGAN.HUB,Hub,MLC,0.81,0.74,0.87,0.85,0.86,0.88,0.86,0.71,0.25,0.5,1.62,0.73,1.69,1.78,2.33,1.34,2.59,2.39,2.24,2.12,2.19,1.48,0.93,0.76
43234,LOUISIANA.HUB,Hub,LMP,21.94,20.57,20.06,20.26,20.94,24.68,26.27,27.28,30.24,34.06,37.85,47.59,64.99,85.35,103.2,111.35,129.07,106.55,80.15,66.88,54.99,36.43,27.78,24.9
43234,LOUISIANA.HUB,Hub,MCC,0.64,0.21,0.27,0.3,0,0.36,-0.25,-0.73,-0.99,0.15,1.94,7.81,18.57,36.98,50.83,55.14,71.11,54.16,34.39,22.19,12.29,3.95,0.82,0.11
43234,LOUISIANA.HUB,Hub,MLC,0.17,0.19,0.19,0.2,0.15,-0.14,0.54,0.25,0.61,0.76,0.81,0.89,2.54,-0.34,-0.35,-0.37,-0.38,-0.34,-0.31,2.44,2.34,0.75,0.54,0.74
43234,MICHIGAN.HUB,Hub,LMP,21.86,20.84,20.23,20.43,21.73,26.19,27.6,29.34,31.76,35.29,37.38,37.8,37.83,39.38,38.4,39.99,38.14,34.47,31.87,32.09,33.94,33.8,27.34,24.47
43234,MICHIGAN.HUB,Hub,MCC,0,0,0,0.03,0.24,0.63,1.11,0.01,0.01,0.01,0.01,-3.6,-7.62,-10.98,-16.12,-18.53,-22.2,-20.07,-15.77,-11.65,-7.86,0.01,-0.61,-0.47
43234,MICHIGAN.HUB,Hub,MLC,0.73,0.67,0.63,0.64,0.7,1.1,0.51,1.57,1.13,2.13,2.27,2.51,1.57,1.65,1.8,1.94,2,1.81,1.57,1.49,1.44,2.06,1.53,0.89
43235,LOUISIANA.HUB,Hub,LMP,23.62,22.49,22.06,21.39,22.16,24.09,25.04,25.73,28.16,31.69,35.65,41.99,52.11,67.1,100,100,102.26,89.36,62.23,49.19,45.33,32.84,27.73,25.96
43235,LOUISIANA.HUB,Hub,MCC,1.09,0.36,0.41,1.09,1.43,0.42,0,-0.04,0.1,0.03,0.15,2.39,8.4,17.67,41.14,38.42,40.51,34.27,16.19,8.23,6.53,1.76,0.42,0.93
43235,LOUISIANA.HUB,Hub,MLC,0.13,0.42,1.41,0.41,0.24,0.1,0.85,0.65,0.15,0.81,1.37,1.8,2.36,2.66,3.15,3.29,3.31,2.96,2.49,2.22,2.12,1.48,1.8,1.19
43235,MICHIGAN.HUB,Hub,LMP,23.81,23.24,20.29,20.83,21.6,26.41,27.15,27.53,31.54,34.53,37.24,40.22,38.89,40.17,35.77,38.46,36.01,32.59,31.08,31.13,33.16,28,27.16,24.96
43235,MICHIGAN.HUB,Hub,MCC,0.14,0.33,0.14,0.1,0.38,1.3,2.11,1.88,2.32,2.31,1.21,1.02,-3.9,-8.22,-21.86,-21.83,-24.44,-21.35,-13.99,-8.97,-4.82,-3,0.14,0.27
43235,MICHIGAN.HUB,Hub,MLC,1.27,1.2,-0.09,0.84,0.73,1.54,0.85,0.53,1.31,1.37,1.9,1.4,1.44,1.62,1.92,2,2.01,1.81,1.52,1.36,1.3,1.4,1.51,0.85
43236,LOUISIANA.HUB,Hub,LMP,23.29,22.11,21.32,21.06,21,24.45,25.83,26.43,28.43,30.93,32.92,40.54,47.59,64.52,90,99.02,99.02,74.09,52.51,41.69,38.73,31.4,27.79,25.56
43236,LOUISIANA.HUB,Hub,MCC,0.2,0.2,0,0.91,0.32,0.53,0,0.13,0.05,0.4,1.54,0.59,8.42,18.94,39.68,45.28,41.31,27.52,14.2,3.49,1.16,0.83,0,0.18
43236,LOUISIANA.HUB,Hub,MLC,1.21,0.95,1.24,0.17,0.13,0.11,0.54,0.22,0.47,0.6,-1.16,2.21,-0.33,-0.37,-0.4,-0.41,-0.44,-0.35,-0.3,2.14,2.1,1.88,1.85,1.4
43236,MICHIGAN.HUB,Hub,LMP,22.56,21.57,20.9,20.96,22.46,26.44,27.09,27.59,30.59,32.9,34.95,40.06,40.09,44.86,44.15,44.87,45.46,41.67,35.55,35.05,35.48,29.99,27.64,24.98
43236,MICHIGAN.HUB,Hub,MCC,0.02,0.02,0.12,0.32,1.03,1.3,0.83,0.93,1.07,1.25,1.32,0.82,-0.69,-2.59,-8.24,-11.08,-14.62,-6.8,-4.33,-2.35,-1.3,0.31,0.14,0.14
43236,MICHIGAN.HUB,Hub,MLC,0.66,0.59,0.7,0.66,0.88,1.33,0.97,0.58,1.61,1.72,1.09,1.5,1.28,1.5,1.67,1.8,1.93,1.55,1.27,1.34,1.31,0.99,1.56,0.86
43237,LOUISIANA.HUB,Hub,LMP,22.74,21.47,20.89,20.48,21.36,24.17,25.27,26.31,27.52,31.32,35,44.11,53.26,69.87,93.96,106.79,104.99,81.94,56.51,45,39.67,31.01,27.62,25.15
43237,LOUISIANA.HUB,Hub,MCC,0.47,0.4,0.26,0,0,-0.53,-0.51,-0.5,-0.45,0.71,1.66,5.84,12.21,20.56,37.04,47.68,46.76,33.72,17.08,9.68,4.84,3.65,3.28,2.84
43237,LOUISIANA.HUB,Hub,MLC,0.89,0.95,0.95,0.82,0.72,0.83,1.02,1.18,0.94,0.42,0.42,2.13,2.27,3.77,4.34,4.49,4.44,2.97,2.17,1.99,2.93,1.55,1.44,1.24
43237,MICHIGAN.HUB,Hub,LMP,22.61,21.15,20.69,20.94,22.49,26.68,27.51,27.8,30.05,32.94,36.62,38.11,39.64,45.07,49.28,47.48,46.38,38.16,33.48,33.23,32.89,27.02,23.39,21.83
43237,MICHIGAN.HUB,Hub,MCC,0.43,0.26,0.25,0.38,1.04,2.18,1.88,1.18,1.34,1.48,0.79,1.07,-0.09,-1.07,-3.98,-7.84,-8.1,-7.92,-4.68,-1.34,-0.19,0.17,0.03,0.08
43237,MICHIGAN.HUB,Hub,MLC,0.8,0.77,0.76,0.9,0.81,0.63,0.87,0.99,1.68,1.27,2.91,0.9,0.95,0.6,0.68,0.7,0.69,0.83,0.9,1.24,1.18,1.04,0.46,0.68
43238,LOUISIANA.HUB,Hub,LMP,20.25,18.56,17.8,18,19.36,22.62,24.41,24.5,25.38,28.26,32.45,37.15,47.98,67.69,86.74,100.26,98.39,77.96,47.72,39.25,33.56,26.78,24.11,21.78
43238,LOUISIANA.HUB,Hub,MCC,0.24,0.34,0.14,0.07,0.05,0.07,0,0,0,0.57,1.18,3.74,11.23,24.05,36.15,49.27,49.22,35.09,14.98,8.87,4.29,1.85,0.55,0
43238,LOUISIANA.HUB,Hub,MLC,1.08,0.67,0.65,0.66,0.7,0.49,1.35,0.52,0.39,0.96,2,2.12,2.24,2.66,3.08,3.1,3,2.62,1.92,1.78,1.72,1.15,1.3,1.17
43238,MICHIGAN.HUB,Hub,LMP,20.11,18.7,18.26,18.93,20.89,24.49,24.94,26.39,27.59,29.29,31.38,33.16,35.8,37.77,39.61,38.02,36.81,33.86,29.37,29.12,28.86,25.03,22.91,21.36
43238,MICHIGAN.HUB,Hub,MCC,0.67,0.36,0.48,0.88,1.45,1.41,1.13,0.91,1.06,1.34,1.28,1,-0.05,-4.8,-9.73,-11.71,-11.15,-7.96,-2.03,-0.03,0.79,0.51,-0.07,0.21
43238,MICHIGAN.HUB,Hub,MLC,0.51,0.79,0.77,0.78,0.83,1.02,0.75,1.5,1.54,1.22,0.83,0.87,1.34,1.59,1.83,1.84,1.79,1.57,0.58,0.55,0.52,0.74,0.72,0.54
43239,LOUISIANA.HUB,Hub,LMP,23.11,21.66,21.3,20.38,21.03,21.69,21.74,23.28,25.06,27.66,31.45,34.19,39.38,55.14,62.65,71.09,74.36,63.47,47.76,38.81,39.02,29.91,27.51,26.4
43239,LOUISIANA.HUB,Hub,MCC,2.36,3.1,2.74,1.43,2.12,1.36,0.49,0.09,0.32,0.16,2.9,2.9,6.17,15.69,18.6,24.05,24.59,20.16,12.77,8.19,7.26,3.46,3.05,3.84
43239,LOUISIANA.HUB,Hub,MLC,1.13,0.45,0.65,0.91,0.65,0.83,0.84,0.88,0.73,1.49,1.12,2.53,2.05,2.42,2.68,2.32,2.93,2.56,1.74,1.2,1.99,1.69,1.34,1.2
43239,MICHIGAN.HUB,Hub,LMP,20.21,19.14,18.92,19.03,18.49,20.41,21.69,23.95,25.29,27.74,28.91,29.68,32.06,35.55,38.5,40.54,42.61,38.93,32.84,30.49,31.12,26.12,23.81,21.85
43239,MICHIGAN.HUB,Hub,MCC,0.07,0.14,0.12,0.2,0.01,0.04,0.17,0.54,0.32,0.82,0.48,0.81,-0.17,-2.73,-4.24,-5.6,-5.72,-3.56,-1.49,-0.08,0.19,0.35,-0.03,-0.05
43239,MICHIGAN.HUB,Hub,MLC,0.52,0.89,0.89,0.79,0.22,0.87,1.11,1.1,0.96,0.91,1,0.11,1.07,1.25,1.37,1.42,1.49,1.74,1.08,1.15,1.16,1.01,0.72,0.54
43240,LOUISIANA.HUB,Hub,LMP,22.54,21.17,20.57,20.45,19.94,20.32,21.21,22.98,25.25,28.05,32.02,32.26,35.61,41.77,48.55,56.31,59.37,50.78,44.68,39.54,39.21,31.35,26.73,24.75
43240,LOUISIANA.HUB,Hub,MCC,2.03,1.72,2.03,1.61,1.33,1.2,1.63,1.04,0.86,1.61,3.52,2.35,2.3,3.62,6.17,9.66,10.96,7.62,7.37,5.25,4.87,2.29,0,0
43240,LOUISIANA.HUB,Hub,MLC,0.96,0.72,0.67,0.89,0.87,0.9,0.71,0.86,1.27,1.68,1.8,1.81,2.36,2.69,2.97,3.26,2.79,2.51,2.19,1.96,2.03,1.78,1.77,1.5
43240,MICHIGAN.HUB,Hub,LMP,19.84,19.66,18.68,18.72,18.5,19.01,19.73,22.22,24.42,26.47,28.6,29.85,33.63,39.63,38.68,44.68,43.67,42.69,38.91,34.77,35.49,28.24,25.6,23.89
43240,MICHIGAN.HUB,Hub,MCC,-0.03,-0.03,-0.01,0,0.01,0.01,0,0,0,0.54,0.83,0.71,1.77,3.15,-1.85,0.07,-3.82,0.35,2.69,1.08,1.8,0,0,0
43240,MICHIGAN.HUB,Hub,MLC,0.32,0.96,0.82,0.77,0.75,0.78,0.86,1.14,1.3,1.17,1.07,1.04,0.91,1.02,1.12,1.22,1.87,1.69,1.1,1.36,1.38,0.96,0.64,0.64
43241,LOUISIANA.HUB,Hub,LMP,21.68,20.86,20.21,20.88,21.86,23.86,25.49,26.26,27.92,32.15,38.34,43.53,49.44,54.1,65.64,71.37,71.02,58.34,48.77,42.33,40.45,30.91,27.05,24.63
43241,LOUISIANA.HUB,Hub,MCC,0,0,0,0,0,-1.13,-1.29,-1.06,-2.91,-1.15,2.31,4.06,6.9,7.45,13.63,18.32,17.39,11.75,9.17,5.1,3.97,1.64,0.59,0.33
43241,LOUISIANA.HUB,Hub,MLC,0.66,0.48,0.25,0.49,0.17,-0.17,-0.17,0.04,0.41,0.66,1.31,2.11,2.61,2.84,3.97,4.04,4.08,2.84,2.41,2,1.96,0.57,1.23,1.3
43241,MICHIGAN.HUB,Hub,LMP,21.39,20.73,20.52,20.82,22.76,28.24,30.19,29.16,32.7,34.64,36.11,39.13,41.46,44.49,45.33,45.38,46.39,42.48,37.36,36.92,36.19,30.51,25.24,23.69
43241,MICHIGAN.HUB,Hub,MCC,0.16,0.16,0.15,0.23,0.38,1.97,1.77,0.54,0.82,0.13,0.08,-0.06,-0.07,-1.07,-4.05,-4.99,-4.54,-3.01,-1.31,-0.03,-0.03,0.18,0.01,0.07
43241,MICHIGAN.HUB,Hub,MLC,0.21,0.19,0.41,0.2,0.69,1.11,1.47,1.34,1.46,1.87,1.31,1.83,1.6,1.75,1.34,1.36,1.38,1.74,1.48,1.72,1.7,1.63,0,0.62
43242,LOUISIANA.HUB,Hub,LMP,22.41,21.4,20.33,20.39,21.78,23.94,24.68,27.03,28.8,31.89,37.47,42.2,48.92,57.12,68.52,76.88,74.93,55.41,44.33,37.65,36.41,28.46,25.57,22.92
43242,LOUISIANA.HUB,Hub,MCC,0.29,0.23,0.15,0.16,0.2,-1.73,-1.45,-0.69,-1.19,-0.51,1.56,3.5,7.26,11.18,17.49,22.38,23.08,10.71,5.76,2.29,1.88,0.29,0.31,0
43242,LOUISIANA.HUB,Hub,MLC,0.38,0.66,0.1,0.09,0.72,1.54,-0.16,0.04,0.47,0.66,1.33,1.43,1.75,2.51,2.79,2.64,2.52,2.45,1.66,1.3,1.91,0.9,1.04,0.68
43242,MICHIGAN.HUB,Hub,LMP,24.34,22.35,22.7,23,23.65,27.14,30.29,31.55,33.64,35.61,38.38,40.27,42.56,43.65,45.39,43.16,42.83,38.92,37.28,35.63,35.55,29.11,26.08,24.58
43242,MICHIGAN.HUB,Hub,MCC,1.74,1.62,1.54,1.78,2.15,2.61,2.56,2.51,2.46,2.04,2.46,1.57,1.01,-0.85,-4.05,-8.99,-6.79,-4.4,-0.01,1.07,1.27,1.54,1.35,1.44
43242,MICHIGAN.HUB,Hub,MLC,0.86,0.22,1.08,1.08,0.64,0.4,1.44,1.36,1.66,1.83,1.34,1.43,1.64,1.07,1.2,0.29,0.29,1.07,0.38,0.5,1.66,0.3,0.51,0.9
43243,LOUISIANA.HUB,Hub,LMP,21.76,20.81,19.4,19.54,20.6,23.6,24.77,26.64,27.98,29.92,35.05,38.63,43.95,51.51,62.38,68.85,68.8,55.53,44.71,40.03,38.51,29.44,25.85,24.26
43243,LOUISIANA.HUB,Hub,MCC,0.5,0.42,0.35,0.39,0.2,0,0,0,-0.21,-2.28,0.55,1.67,2.89,6.33,11.56,14.5,13.49,7.76,3.59,2.6,2.23,1.05,0.64,1.32
43243,LOUISIANA.HUB,Hub,MLC,0.74,0.78,0.61,0.14,0.6,1,0.05,0.88,0.51,1.13,1.5,1.95,2.42,2.91,3.45,4.1,4.18,3.27,2.67,2.43,2.35,1.1,0.9,1.15
43243,MICHIGAN.HUB,Hub,LMP,22.23,20.83,19.8,20.96,21.51,25.26,27.53,28.71,30.9,34.23,36.24,37.91,41.57,44.36,46.26,46.71,46.57,42.28,40.27,37.92,36.4,28.85,26.03,23.62
43243,MICHIGAN.HUB,Hub,MCC,0.55,0.24,0.21,0.91,1.03,1.51,1.8,2.08,1.72,1.76,1.28,0.86,0.68,0.22,-2.56,-3.73,-4.76,-3.61,0.1,1.35,0.96,0.79,0.59,0.54
43243,MICHIGAN.HUB,Hub,MLC,1.16,0.98,1.15,1.04,0.68,1.15,1.01,0.87,1.5,1.4,1.96,2.04,2.25,1.87,1.45,0.19,0.2,1.39,1.72,1.57,1.51,0.77,1.13,1.29
43244,LOUISIANA.HUB,Hub,LMP,22.31,21.18,18.91,18.72,19.84,23.94,25.82,26.94,27.19,29.84,35.84,42.2,48.49,60.71,71.09,77.48,76.92,62.65,48.45,43.2,39.05,29.45,25.89,24.26
43244,LOUISIANA.HUB,Hub,MCC,0.59,0.07,0.14,0,0.12,0.87,0.24,0.1,-1.95,-2.78,-2.17,1.93,5.99,11.95,16.78,19.49,18.6,12.45,6.2,3.73,2.34,0.23,0.78,0.59
43244,LOUISIANA.HUB,Hub,MLC,1.52,1.7,0.71,0.45,0.29,0.26,0.41,0.33,0.73,0.82,2.5,2.64,2.79,3.19,3.56,3.8,3.85,3.31,2.81,2.62,1.6,1.29,0.87,1.27
43244,MICHIGAN.HUB,Hub,LMP,21.44,20.42,19.54,19.55,21.2,25.77,28.71,31.13,31.89,34.88,39.21,41.05,42.97,46.93,51.98,54.23,54.15,48.2,41.54,39.51,37.21,29.56,25.61,23.39
43244,MICHIGAN.HUB,Hub,MCC,0.64,0.43,0.44,0.5,0.77,1.79,2.25,2.57,2.73,2.24,2.08,1.71,1.46,-0.71,-1.07,-2.42,-2.82,-0.84,0.28,0.94,0.52,0.35,0.3,0.28
43244,MICHIGAN.HUB,Hub,MLC,0.6,0.58,1.04,0.78,1,1.17,1.29,2.05,0.75,0.84,1.62,1.71,1.8,2.07,2.3,2.46,2.5,2.15,1.82,1.72,1.58,1.28,1.07,0.71
43245,LOUISIANA.HUB,Hub,LMP,21.69,19.7,19.66,19.77,20.73,24.9,28.12,28.36,29.59,34.75,40.48,47.23,52.86,63.25,71.83,81.71,78.58,65.43,49.01,39.89,36.65,30.74,27.92,26.67
43245,LOUISIANA.HUB,Hub,MCC,0.58,0.54,0.24,0.15,0.07,0.06,0.01,-0.07,-3.95,-2.25,-3.77,-0.47,0.13,2.51,3.1,9.61,7.29,4.62,-1.96,-6.56,-9.01,-5.69,-0.72,0
43245,LOUISIANA.HUB,Hub,MLC,0.21,-0.24,0.45,0.45,0,0.44,0.72,-0.41,0.44,0.49,3.48,3.73,4.12,4.73,5.35,5.62,5.57,4.76,4,3.65,3.58,1.97,0.39,1.37
43245,MICHIGAN.HUB,Hub,LMP,22.32,20.1,20.02,20.24,22.5,27.6,30.62,32.2,35.99,39.07,42.69,45.14,49.96,58.92,66,68.94,67.61,58.4,48.05,43.65,42.9,36.26,29.45,25.74
43245,MICHIGAN.HUB,Hub,MCC,0.2,-0.46,0.14,0.15,0.53,1.63,2.29,2.27,2.11,1.71,1.62,0.87,1.03,2.55,2.21,2.01,1.44,1.96,0.74,0.54,0.52,0.68,0.28,0.31
43245,MICHIGAN.HUB,Hub,MLC,1.22,1.16,0.91,0.92,1.31,1.57,0.94,1.09,0.78,0.85,0.3,0.3,0.32,0.36,0.41,0.45,0.45,0.39,0.34,0.31,0.3,1.12,0.92,0.13
43246,LOUISIANA.HUB,Hub,LMP,23.72,22.35,20.67,20.58,20.45,21.02,22.21,23.41,26.74,30.11,34,42.88,50.95,63.2,72.42,77.44,78.84,65.97,52.37,42.1,40.38,31.47,27.38,24.82
43246,LOUISIANA.HUB,Hub,MCC,0,0,0.26,0.12,0,0,-0.05,-1.07,-1.32,-1.88,-2.54,0.56,3.25,11.58,12.83,13.59,11.87,6.77,2.63,-1.8,-2.39,-2.93,0,0
43246,LOUISIANA.HUB,Hub,MLC,1.11,0.9,0.22,0.44,0.44,0.45,0.45,-0.14,0.12,-0.42,-0.32,2.24,3.04,3.29,3.81,4.1,4.31,3.82,3.22,2.85,2.76,1.84,0.43,0.15
43246,MICHIGAN.HUB,Hub,LMP,23.12,21.79,19.88,20.01,20.55,21.31,23.77,26.86,31.23,34.99,39.29,40.09,45.31,46.63,53.95,57.95,61.42,54.6,43.1,38.93,39.56,33.13,28.51,25.96
43246,MICHIGAN.HUB,Hub,MCC,-0.26,-0.19,-1.35,-0.68,-0.14,0.05,0.69,1.43,1.79,1.35,1.26,-0.09,-0.63,-3.09,-3.45,-3.55,-3.09,-2.42,-4.8,-3.35,-1.64,0.47,0.38,0.14
43246,MICHIGAN.HUB,Hub,MLC,0.77,0.53,1.04,0.67,0.68,0.69,1.27,0.81,1.5,1.23,1.17,0.1,1.28,1.39,1.62,1.75,1.85,1.64,1.38,1.23,1.19,0.1,1.18,1.15
43247,LOUISIANA.HUB,Hub,LMP,22.89,21.29,20.3,20.34,19.66,19.67,20.78,22.91,25.42,27.94,30.1,34.31,40,53.26,62.11,74.65,77.65,65.54,46.3,37.8,36.49,30.41,26.36,23.93
43247,LOUISIANA.HUB,Hub,MCC,0,0.01,0.04,0.07,0.02,0,0.16,0.03,-0.01,0,-2.51,-6.3,-4.13,7.09,9.47,13.06,12.75,9,2.04,-2.99,-5.58,-3.2,0,0
43247,LOUISIANA.HUB,Hub,MLC,0.93,0.42,0.39,0.83,0.62,0.62,0.65,0.47,-0.13,-0.34,-0.28,3.11,2.84,-0.07,-0.08,-0.1,-0.09,-0.07,-0.05,-0.05,2.72,2.18,0.37,0.22
43247,MICHIGAN.HUB,Hub,LMP,22.05,21.7,20.31,19.76,19.57,19.69,20.1,24.51,27.73,30.23,32.93,39.23,36.55,46.85,55.13,63.71,67.2,58.53,47.29,43.3,40.99,32.68,26.77,25.25
43247,MICHIGAN.HUB,Hub,MCC,0,-0.01,-0.22,-0.33,-0.09,0,-0.54,0.65,1.34,0.84,-1.01,1.35,-5.95,-1.79,-0.31,-1.17,-1.16,-1.02,0.67,0.33,0.46,0.31,0.16,0
43247,MICHIGAN.HUB,Hub,MLC,0.09,0.85,0.66,0.65,0.64,0.64,0.67,1.45,0.83,1.11,1.05,0.38,1.21,2.4,2.72,3.19,3.37,2.94,2.31,2.13,1.18,0.94,0.62,1.54
43248,LOUISIANA.HUB,Hub,LMP,24.11,22.33,21.71,20.8,20.81,21.68,21.33,23.35,26.89,27.76,31.75,33.41,39.23,46.25,53.32,68.81,68.93,57.27,40.45,36.22,34.61,29.7,28.72,25.95
43248,LOUISIANA.HUB,Hub,MCC,3.26,3.01,2.37,2.72,2.81,2.76,1.24,1.49,0.4,-1.32,-5.93,-5.76,-6.03,-4.71,-4.41,2.68,0.74,-3.55,-8.38,-8.54,-6.75,-3.49,-0.16,2.87
43248,LOUISIANA.HUB,Hub,MLC,0.4,0.17,0.67,0.24,0.14,0.41,0.41,-0.13,0.38,-0.27,2.39,-0.08,-0.1,-0.11,-0.12,-0.14,-0.15,-0.13,-0.1,-0.09,-0.07,-0.05,1.86,0.12
43248,MICHIGAN.HUB,Hub,LMP,21.6,20.04,19.83,18.51,18.48,19.18,21.36,23.94,27.95,31.7,37.78,42.72,49.14,55.16,62.69,71.91,73.95,65.36,52.57,47.87,45.6,36.49,28.05,23.58
43248,MICHIGAN.HUB,Hub,MCC,0,0,0,0,0,0.05,0.52,1.06,1.38,1.43,1.49,1.46,1.47,1.48,1.89,2.26,2.12,1.3,1.13,0.72,2.04,1.53,0.24,0.09
43248,MICHIGAN.HUB,Hub,MLC,1.15,0.89,1.16,0.67,0.62,0.62,1.16,0.89,0.46,0.92,1,2.01,2.31,2.61,2.95,3.38,3.49,3.11,2.51,2.3,2.13,1.72,0.79,0.53
43249,LOUISIANA.HUB,Hub,LMP,21.92,20.73,20.29,19.57,20.61,21.78,24.46,26.11,29.83,31.03,36.14,40.18,49.08,67.3,89.16,101.6,98.88,81.44,53.5,44.76,38.75,31.38,28.46,26.11
43249,LOUISIANA.HUB,Hub,MCC,0.53,0.4,0.81,0.33,0.39,-0.33,-2.27,-4.67,-7.92,-7.97,-5.93,-7.85,-3.91,8.32,24.18,31.1,29.48,19.13,5.01,1.6,-2.37,-2.5,-0.31,1.27
43249,LOUISIANA.HUB,Hub,MLC,0.06,0.23,0.05,0.08,0.66,-0.22,-0.14,0.12,2.41,-0.13,-0.13,-0.16,-0.17,-0.2,-0.2,-0.23,-0.21,-0.2,-0.13,-0.13,-0.12,-0.07,0.81,0.96
43249,MICHIGAN.HUB,Hub,LMP,22.24,20.8,20.24,20.01,20.58,24.66,31.29,34.69,40.26,44.23,48.31,56.14,66.3,77.02,84.19,94.74,87.98,69.8,53.71,48.03,45.64,37.81,29.79,25.2
43249,MICHIGAN.HUB,Hub,MCC,0.24,0.07,0,0,0.08,1.3,3.16,3.35,3.9,3.15,3.99,5.55,10.48,14.89,15.75,20.48,14.89,4.17,2.64,2.56,2.33,2.13,0.86,0.65
43249,MICHIGAN.HUB,Hub,MLC,0.67,0.63,0.81,0.85,0.94,1.03,1.26,0.68,1.02,1.95,2.12,2.4,2.66,2.95,3.26,3.53,3.48,3.12,2.45,2.18,2.07,1.73,0.97,0.67
43250,LOUISIANA.HUB,Hub,LMP,22.98,20.56,19.37,18.84,19.89,21.88,23.32,25.83,27.4,29.42,34.94,40.5,51.43,67.42,78.65,86.87,84.84,68.89,50.92,40.89,35.85,32.21,27.32,24.4
43250,LOUISIANA.HUB,Hub,MCC,-0.06,0,0,0,0,0,-0.14,-0.1,-1.84,-3.37,-0.01,2.01,9.26,19.78,26.77,30.64,30.72,21.76,10.94,4.34,0.4,-0.06,-0.02,0.17
43250,LOUISIANA.HUB,Hub,MLC,1.89,0.77,0.54,0.07,0.33,0.25,0.18,-0.12,-0.06,-0.03,0.09,-0.26,-0.28,-0.31,-0.32,-0.34,-0.45,-0.38,-0.32,-0.04,0.13,2.01,1.44,0.46
43250,MICHIGAN.HUB,Hub,LMP,21.83,20.54,19.84,19.73,20.53,22.57,24.44,26.35,30.87,35.01,36.93,40.35,43.81,48.92,52.11,54.25,53.51,44.82,39.71,37.37,36.96,31.84,27.62,24.58
43250,MICHIGAN.HUB,Hub,MCC,0.07,0,0,0,0,0.17,0.17,0.16,1.25,1.57,1.09,0.61,0.27,-0.26,-1.45,-3.8,-2.67,-4.1,-1.79,-0.3,0.62,0.76,0.21,0.16
43250,MICHIGAN.HUB,Hub,MLC,0.61,0.75,1.01,0.96,0.97,0.77,0.99,0.14,0.32,0.62,0.98,0.99,1.09,1.23,1.36,1.48,1.61,1.41,1.2,1.08,1.02,0.82,1.51,0.65
43251,LOUISIANA.HUB,Hub,LMP,24.32,22.06,20.88,20.81,20.9,23.28,24.48,26.5,27.62,32.29,35.88,41.72,50.38,68.67,81.39,89.48,85.69,77.85,59.87,45.74,39.02,31.72,28.39,26.02
43251,LOUISIANA.HUB,Hub,MCC,0.33,0,0.15,0.06,-0.14,-0.21,-2.09,-4.08,-6.33,-5.63,-6,-5.41,-3.58,5.8,12.36,13.51,11.17,14.87,9.08,2.2,-2.35,-3.04,-0.57,-0.59
43251,LOUISIANA.HUB,Hub,MLC,1.45,1.37,0.43,0.51,0.54,0.11,-0.36,0.09,-0.04,0.18,-0.18,-0.18,-0.2,-0.22,-0.23,-0.26,-0.24,-0.19,-0.15,-0.04,-0.13,0.12,0.15,0.89
43251,MICHIGAN.HUB,Hub,LMP,23.87,21.45,21.06,21.13,21.81,25.79,32.98,36.09,38.77,44.31,50.98,63.38,73.04,86.57,93.5,99.73,99.25,79.68,58.6,48.14,48.44,40.95,29.33,27.32
43251,MICHIGAN.HUB,Hub,MCC,0.12,0,0.05,0.03,0.26,1.01,4.22,4.94,4.15,5.83,7.61,14.57,17.16,21.47,22.02,21.07,22.09,14.47,6.01,3.04,5.6,5.31,0.18,0.04
43251,MICHIGAN.HUB,Hub,MLC,1.21,0.76,0.71,0.86,1.05,1.4,1.83,0.66,0.63,0.74,1.31,1.5,1.72,2.01,2.22,2.43,2.4,2.04,1.65,1.52,1.34,1,0.34,1.56
43252,LOUISIANA.HUB,Hub,LMP,23.19,22.05,21.73,20.67,21.22,22.92,21.69,23.7,27.09,30.13,35.59,45.38,60.1,87.88,114.02,124.42,120.02,93.2,56.96,43.7,38.11,30.79,26,24.22
43252,LOUISIANA.HUB,Hub,MCC,0,0,0,0,0,-0.99,-3.8,-4.47,-3.76,-3.68,-1.13,4.29,12.9,30.45,51.81,58.18,57.56,40.2,15.2,9.86,4.6,1.8,2.07,1.42
43252,LOUISIANA.HUB,Hub,MLC,0.13,0.43,0.8,0.13,0.73,1.11,0.1,0.34,0.42,0.07,0.11,0.42,0.21,-0.09,-0.47,-0.49,-0.45,0.52,1.23,-0.07,2.29,1.89,0.78,1.35
43252,MICHIGAN.HUB,Hub,LMP,25.22,23.84,23.02,22.48,22.62,27.26,33.87,36.42,39.06,44.51,49.41,50.13,53.02,55.85,54.07,51.59,47.97,43.02,38.65,33.73,32.33,28.42,24.56,21.86
43252,MICHIGAN.HUB,Hub,MCC,1.42,1.17,1.29,0.72,1.32,3.81,7.5,7.74,7.69,8.99,11.77,7.75,4.13,-3.61,-10.49,-17.16,-16.86,-12.34,-3.61,-1.32,0.14,0.51,0,-0.01
43252,MICHIGAN.HUB,Hub,MLC,0.74,1.05,0.8,1.22,0.81,0.65,0.98,0.85,0.94,1.78,1.03,1.71,1.9,1.94,1.88,2.02,1.92,2.88,1.73,1.14,0.97,0.81,1.41,0.42
43253,LOUISIANA.HUB,Hub,LMP,21.47,20.56,19.42,19.03,18.76,19.04,21.51,23.27,27.17,28.77,35.52,45.02,50.62,75.46,112.28,124.02,121.86,100.22,60,44.39,39.54,31.71,27.03,24.05
43253,LOUISIANA.HUB,Hub,MCC,0.57,0.56,0.9,0.49,0.38,0,0,0,0.68,1.2,5.44,10.19,12.01,28.18,55.31,61.62,60.2,48.77,21.55,12.53,8.25,4.35,2.9,2.05
43253,LOUISIANA.HUB,Hub,MLC,0.72,1.29,0.81,0.99,0.98,1.02,1.69,1.38,1.55,0.95,1.22,2.79,2.4,3.2,3.55,3.87,4.45,3.19,2.06,1.41,1.95,1.61,1.51,1.13
43253,MICHIGAN.HUB,Hub,LMP,21.45,19.62,18.75,18.01,17.84,18.49,20.58,22.76,26.44,27.67,28.81,30.52,33.14,34.41,35.32,36.96,35.78,32.47,30.11,28.08,28.06,25.14,23.43,21.69
43253,MICHIGAN.HUB,Hub,MCC,0,0,0,0,0,0,0.22,0.28,0.23,-0.25,-1.29,-2.45,-4.03,-10.56,-19.17,-22.73,-21.92,-16.74,-7.74,-3.58,-2.57,-1.53,-0.06,-0.05
43253,MICHIGAN.HUB,Hub,MLC,1.27,0.91,1.04,0.46,0.44,0.47,0.54,0.59,1.27,1.3,1.24,0.93,0.96,0.89,1.07,1.16,0.49,0.95,1.46,1.21,1.29,0.92,0.87,0.87
43254,LOUISIANA.HUB,Hub,LMP,22.46,20.73,20.16,19.48,19.16,19.67,19.47,21.92,25.58,28.74,30.23,32.82,41.97,54.76,65.02,73.56,73.4,62.31,45.39,36.74,32.59,29.39,24.75,21.68
43254,LOUISIANA.HUB,Hub,MCC,2.54,2.55,3.26,3.19,3.59,4.09,2.33,2.4,3.86,4.12,4.51,5.93,12.45,21.01,27.09,32.53,31.17,23.06,12.44,7.28,4.87,3.93,1.83,0.54
43254,LOUISIANA.HUB,Hub,MLC,0.35,0.32,0.3,0.29,0.27,0.27,0.3,0.33,0.37,1.79,1.85,1.91,2.1,2.39,2.68,2.6,2.69,2.52,2.13,1.92,0.65,0.6,0.44,0.37
43254,MICHIGAN.HUB,Hub,LMP,20.65,18.84,17.51,16.88,16.14,16.15,17.35,19.63,21.54,22.66,23.37,23.9,24.68,25.24,26.08,27.21,28.67,28.26,26.69,25.75,26.74,24.68,22.87,21.91
43254,MICHIGAN.HUB,Hub,MCC,0,0,0,0,0,0,-0.41,-0.61,-0.97,-0.72,-1.06,-1.64,-3.36,-6.81,-9.94,-12.18,-11.87,-9.41,-4.94,-2.53,-1.73,-1.46,-0.73,0
43254,MICHIGAN.HUB,Hub,MLC,1.08,0.98,0.91,0.88,0.84,0.84,0.92,1.05,1.16,0.55,0.56,0.56,0.62,0.69,0.77,0.96,1,0.94,0.81,0.74,1.4,1.28,1.12,1.14
43255,LOUISIANA.HUB,Hub,LMP,20.7,20.1,19.68,19.81,20.18,21.19,21.86,22.39,24.47,28.02,29.9,34.5,41.44,52.61,68,75.86,77.21,60,45.48,36.76,32.17,27.92,25.23,22.67
43255,LOUISIANA.HUB,Hub,MCC,0.01,0,0,0,0,0,-0.66,-0.9,-0.77,1.37,2.15,4.38,6.19,12.93,23.17,28.93,29.34,17.59,9.42,4.23,2.14,0.95,1.15,0.52
43255,LOUISIANA.HUB,Hub,MLC,0.97,1.35,1.2,1.21,0.95,0.36,0.03,0.03,-0.05,-0.14,-0.14,0.11,1.85,2.08,2.66,2.78,2.84,2.52,1.9,1.71,1.58,1.82,1.5,1.38
43255,MICHIGAN.HUB,Hub,LMP,20.33,19.42,19.07,19.2,19.83,21.96,25.45,26.21,28.46,29.6,30.67,29.93,31.98,33.48,36,36.36,37.59,37,33.21,31.94,30.06,25.95,23.77,21.82
43255,MICHIGAN.HUB,Hub,MCC,0,0,0,0,0,0,1.32,1.25,1.37,1.37,1.27,-1.54,-2.63,-5.48,-8.25,-9.96,-9.66,-4.87,-2.2,-0.01,0.57,0.07,0,0.02
43255,MICHIGAN.HUB,Hub,MLC,0.61,0.67,0.59,0.6,0.6,1.13,1.64,1.7,1.8,1.44,1.51,1.46,1.21,1.36,2.08,2.17,2.22,1.98,1.25,1.13,1.04,0.73,1.19,1.03
43256,LOUISIANA.HUB,Hub,LMP,22.83,21.19,20.44,20.22,21.1,22.8,24.04,25.41,29.05,30.51,34.31,38.18,45.6,55.61,67.31,68.7,69.02,57.94,45.88,38.96,35.5,31.57,28.53,24.48
43256,LOUISIANA.HUB,Hub,MCC,2.61,2.28,2.11,1.68,1.27,1.07,-0.53,0.69,2.88,2.74,4.02,5.35,9.85,15.99,23.21,23.01,23,17.34,10.35,6.79,5.73,4.03,3.45,1.73
43256,LOUISIANA.HUB,Hub,MLC,1.01,0.92,1.13,1.15,0.94,1.07,1.53,0.59,-0.05,-0.14,0.11,0.14,0.39,0.46,0.52,0.56,0.75,0.52,0.45,0.19,0.16,1.9,1.83,1.46
43256,MICHIGAN.HUB,Hub,LMP,19.91,18.53,17.74,17.96,19.48,21.44,25.26,26.2,29.09,30.45,32.73,34.65,36.64,38.9,41.79,42.31,42.34,39.38,36.24,33.31,30.87,26.1,23.92,22.37
43256,MICHIGAN.HUB,Hub,MCC,-0.04,-0.04,-0.03,-0.01,0,0,1.09,0.81,0.99,1.03,1.08,0.36,-0.69,-2.46,-4.26,-5.39,-5.99,-3.01,-0.86,-0.29,-0.22,-0.34,-0.2,0
43256,MICHIGAN.HUB,Hub,MLC,0.74,0.58,0.57,0.58,0.59,0.78,1.13,1.26,1.88,1.51,1.47,1.6,1.97,2.2,2.47,2.57,3.06,2.31,2.02,1.62,1.48,0.8,0.87,1.08
43257,LOUISIANA.HUB,Hub,LMP,20.01,18.51,18.02,17.77,18.45,19.62,21.3,23.06,24.34,27.24,30.75,38.22,47.17,64.01,86.18,101.87,78.83,63.56,48.28,40.83,35.39,29.65,26.77,23.33
43257,LOUISIANA.HUB,Hub,MCC,0.81,0.74,0.75,0.85,0.22,0.09,0.3,0,0.21,1.7,3.78,7.08,12.82,23.71,42.42,55.11,30.75,20.96,13.41,8.56,5.29,2.9,2.28,1.44
43257,LOUISIANA.HUB,Hub,MLC,0.37,0.34,0.33,0.32,0.32,0.35,0.04,0.57,-0.03,-0.11,-0.1,1.68,2.11,2.47,2.16,2.31,2.39,2.11,0.44,2,1.64,1.46,1.7,0.56
43257,MICHIGAN.HUB,Hub,LMP,19.9,18.42,17.9,17.81,19.74,20.55,23.53,23.89,26.41,27.53,28.29,29.19,31.33,34.91,34.64,36.02,35.79,34.2,31.82,29.21,28.19,25.53,23.5,22.48
43257,MICHIGAN.HUB,Hub,MCC,0,0,0,0.28,0.84,0.31,1.03,0.21,0.5,0.47,-0.29,-1.4,-2.58,-4.87,-8.53,-10.11,-11.64,-7.82,-4.6,-2.64,-1.36,-0.73,-0.01,0
43257,MICHIGAN.HUB,Hub,MLC,1.07,0.99,0.96,0.93,0.99,1.06,1.54,1.19,1.75,1.41,1.51,1.13,1.67,1.95,1.57,1.68,1.74,1.53,1.99,1.58,1.09,0.97,0.72,1.15
43258,LOUISIANA.HUB,Hub,LMP,19.93,19.96,19.11,19.17,19.88,20.92,21.62,23.08,24.79,27.71,32.65,36.11,41.52,56.96,70.11,80.19,77.58,61.57,43.73,34.75,32.49,27.51,24.75,22.72
43258,LOUISIANA.HUB,Hub,MCC,0,0,0,0,0,0,0,0,0,0.5,2.26,2.05,3.56,12.18,19,24.94,22.66,13.14,4.41,0.62,0.78,0.65,0.96,0.65
43258,LOUISIANA.HUB,Hub,MLC,0.37,1.04,0.98,0.98,1.01,0.19,0.05,-0.03,-0.11,0.11,0.34,0.51,0.58,1.13,1.51,1.63,1.64,1.44,1.01,0.54,0.48,0.31,0.12,0.56
43258,MICHIGAN.HUB,Hub,LMP,20.53,19.68,18.85,18.91,19.61,22.21,23.39,25,26.47,28.63,31.93,35.99,39.98,43.64,47.62,50.41,50.86,46.31,39.85,36.14,33.54,28.26,25.29,23.92
43258,MICHIGAN.HUB,Hub,MCC,0,0,0,0,0,0,0.23,0.22,0.21,0.21,0.2,0.23,0.09,-2.7,-4.66,-6.1,-5.3,-3.23,-0.84,0.27,0.25,0.21,0.44,1.26
43258,MICHIGAN.HUB,Hub,MLC,0.97,0.76,0.72,0.72,0.74,1.48,1.59,1.67,1.36,1.32,1.68,2.21,2.51,2.69,2.68,2.89,2.88,2.55,2.38,2.28,2.06,1.5,1.18,1.15
43259,LOUISIANA.HUB,Hub,LMP,21.51,19.94,18.76,18.95,19.69,20.74,23.29,23.62,26.22,28.62,31.21,35.25,43.13,53.76,64.68,69.87,65.34,55.58,37.7,32.52,31.25,28.81,27.13,24.93
43259,LOUISIANA.HUB,Hub,MCC,0.25,0.04,0.01,0,0.03,-0.7,0,0,0.21,0.29,0.74,2.07,6.77,12.48,20.11,21.66,20.4,17.14,4.93,2.12,2.28,2.13,2.49,1.82
43259,LOUISIANA.HUB,Hub,MLC,1.33,1.25,0.77,0.78,0.8,0.78,1.05,-0.13,0.08,0.27,0.4,0.46,0.49,0.98,1.25,1.34,1.06,0.55,0.47,0.43,0.31,0.42,1.01,0.71
43259,MICHIGAN.HUB,Hub,LMP,22.02,19.82,18.76,19.39,20.04,21.85,23.63,26.32,28.7,31.21,33.83,37.14,40,43.22,44.74,48.03,44.74,40.13,36.02,33.33,31.83,27.51,24.43,23.36
43259,MICHIGAN.HUB,Hub,MCC,1.04,0.24,0.18,0.62,0.56,0.65,1,1.29,1.53,1.62,1.83,2.28,1.79,0.5,-0.84,-1.28,-1.77,-0.27,1.57,1.41,1.59,1.63,0.72,0
43259,MICHIGAN.HUB,Hub,MLC,1.05,0.93,0.6,0.6,0.62,0.54,0.39,1.28,1.24,1.53,1.93,2.14,2.34,2.42,2.26,2.44,2.63,2.51,2.15,1.95,1.58,-0.38,0.08,0.96
43260,LOUISIANA.HUB,Hub,LMP,22.51,21.25,20.37,19.73,19.86,20.15,21.51,22.29,24.52,26.42,28.06,29.65,33.75,41.18,47.25,53.58,52.62,43.94,33.5,29,28.97,26.87,25.23,23.85
43260,LOUISIANA.HUB,Hub,MCC,0,0,0,0,0,0,0,0,0,0.12,0.32,0.64,1.85,5.57,7.44,10.67,9.31,6.31,1.83,0.87,1.81,0.31,0.94,0.25
43260,LOUISIANA.HUB,Hub,MLC,1.41,1.07,1.03,0.76,0.77,0.78,0.87,0.04,0.59,0.87,1.13,0.4,0.51,0.4,0.44,0.62,0.62,0.56,0.38,0.46,0.37,1.35,0.98,1.48
43260,MICHIGAN.HUB,Hub,LMP,22.21,21.11,20.1,19.59,19.76,20,21.38,23.97,25.28,26.68,27.85,29.79,32.21,36.22,40.17,42.86,43.57,38.6,33.17,28.68,28.3,26.32,23.32,23.31
43260,MICHIGAN.HUB,Hub,MCC,0.07,0.15,0.01,0,0.04,0,0.07,0.09,0.1,0.94,1.17,1.17,1.27,-0.97,-1.41,-2.2,-1.92,-0.92,0.1,1.41,1.49,1.1,-0.29,0
43260,MICHIGAN.HUB,Hub,MLC,1.04,0.78,0.75,0.62,0.63,0.63,0.67,1.63,1.25,0.31,0.07,0.01,-0.45,1.98,2.21,2.77,2.8,2.45,1.78,-0.4,0.02,0.01,0.3,1.19
43261,LOUISIANA.HUB,Hub,LMP,20.57,19.96,18.6,18.64,18.34,17.73,18.99,20.73,22.73,26.54,28.14,31.37,34.87,42.32,47.92,50.1,51.41,43.23,35.77,30.63,29.74,28.28,26.25,23.46
43261,LOUISIANA.HUB,Hub,MCC,0,0,0,0,0,0,0,0,0,1.24,2.18,3.63,6.13,10.33,12.71,12.09,11.96,7.6,4.5,2.15,1.9,3.25,2.61,1.86
43261,LOUISIANA.HUB,Hub,MLC,0.48,1.02,0.91,1.16,1.15,0.69,0.73,0.73,0.84,1.9,1.3,1.37,1.46,0.91,1.86,2.29,2.39,2.18,1.93,1.54,1.51,0.89,1.62,1.65
43261,MICHIGAN.HUB,Hub,LMP,21.51,20,18.55,18.52,18.28,18.34,19.88,21.39,23.18,24.45,25.34,26.91,27.95,31.08,33.77,36.85,38.24,35.34,31.43,28.77,28.33,24.79,23.56,22.61
43261,MICHIGAN.HUB,Hub,MCC,0.46,0.31,0.28,0.46,0.51,0.54,0.81,0.43,0.7,0.43,0.47,0.61,0.61,-0.64,-0.81,-0.66,-0.69,0.17,0.57,0.8,1,0.3,0.87,2.1
43261,MICHIGAN.HUB,Hub,MLC,0.96,0.75,0.58,0.58,0.58,0.76,0.81,0.96,0.59,0.62,0.21,-0.07,0.06,0.64,1.23,1.79,1.87,1.72,1.52,1.03,1,0.35,0.67,0.56
43262,LOUISIANA.HUB,Hub,LMP,20.85,19.68,18.01,17.99,19.51,22.2,23.57,25.24,27.32,28.84,32.21,36.99,42.1,49.85,57.09,60,59.92,49.31,42.91,37.44,33.45,29.25,26.05,24.47
43262,LOUISIANA.HUB,Hub,MCC,0.65,0.34,0.15,0.02,0,0,0.06,0.66,1.14,1.35,1.87,3.36,6.13,9.1,12.02,13.17,14.14,9.12,6.73,4.52,2.33,0.94,0.88,0.58
43262,LOUISIANA.HUB,Hub,MLC,1.37,1.22,1.13,1.14,1.21,1.6,1.49,1.24,1.42,1.68,1.48,1.64,1.4,1.59,1.63,1.69,1.66,1.57,1.42,1.6,1.52,1.72,0.91,0.95
43262,MICHIGAN.HUB,Hub,LMP,19,18.69,18.39,18.64,20.36,21.93,22.04,22.57,23.12,23.23,27.39,27.38,27.58,26.66,28.26,28.68,29.73,27.56,27.12,24.6,26.28,25.87,25.27,23.22
43262,MICHIGAN.HUB,Hub,MCC,-0.82,-0.53,0.66,0.8,0.98,0.17,-0.46,-0.76,-2.58,-3.91,-2.54,-5.79,-7.88,-13.51,-16.57,-17.9,-15.81,-12.06,-8.54,-7.88,-4.42,-2.08,0,0
43262,MICHIGAN.HUB,Hub,MLC,0.99,1.1,1,1.01,1.08,1.16,0.48,-0.01,0.94,1.33,1.07,1.18,0.89,1.01,1.39,1.44,1.42,1,0.9,1.16,1.1,1.36,1.01,0.28
43263,LOUISIANA.HUB,Hub,LMP,21.85,20.45,19.79,19.77,20.38,21.29,22.09,23.09,25.9,28.16,30.29,35.33,40.41,50.89,55.03,60,60,49.34,40.38,35.21,33.43,29.3,26.26,23.52
43263,LOUISIANA.HUB,Hub,MCC,0.2,0.16,0.08,0.05,0,0,0.06,0.24,1.38,0.57,0.77,2.69,4.74,9.35,9.29,10.32,11.37,7.39,2.91,1.79,2.13,1.69,1.36,0
43263,LOUISIANA.HUB,Hub,MLC,1.37,0.83,1,0.99,0.81,0.03,-0.06,-0.13,0.08,0.57,0.45,0.22,0.29,1,1.3,1.42,1.39,1.21,0.91,0.47,0.22,0.51,0.09,0.38
43263,MICHIGAN.HUB,Hub,LMP,20.22,19.25,19.03,19.19,20.2,22.81,23.49,24.19,25.53,28.5,30.95,34.24,36.52,38.9,43.9,49.26,47.91,40.67,38.73,35.48,32.98,29.19,25.94,23.51
43263,MICHIGAN.HUB,Hub,MCC,-1.08,-0.85,-0.41,-0.27,0,0,-0.18,-0.03,-0.09,0.08,0.43,0.51,-0.07,-4.09,-2.88,-1.54,-1.83,-2.23,-0.05,0.36,0.64,1.01,-0.07,0
43263,MICHIGAN.HUB,Hub,MLC,1.02,0.64,0.73,0.73,0.63,1.55,1.58,1.24,1.18,1.4,1.45,1.31,1.21,2.45,2.34,2.54,2.5,2.16,2.22,2.17,1.26,1.08,1.2,0.37
43264,LOUISIANA.HUB,Hub,LMP,22.66,21.35,20.31,20,20.52,22.08,23.07,24.19,26.73,28.22,30.39,34.45,39.43,46.4,53.86,54.92,54.32,44.87,36.07,31.93,29.86,28.39,25.58,22.87
43264,LOUISIANA.HUB,Hub,MCC,0.81,0.46,0.04,0,0,0,0,0,0.13,0.29,0.62,1.45,2.48,5.66,8.57,7.56,8.58,4.62,1.22,0.99,0.74,2.16,1.54,0.08
43264,LOUISIANA.HUB,Hub,MLC,0.81,0.24,0.39,0.38,0.02,0.22,0.41,0.06,0.23,0.25,0.37,0.42,0.86,1.15,1.27,1.34,1.3,1.16,0.86,0.39,0.46,0.56,0.87,0.85
43264,MICHIGAN.HUB,Hub,LMP,22.45,22.58,21.34,21.2,22.25,23.39,24.12,25.33,27.12,28.39,29.86,31.11,34.35,33.6,36.24,38.15,36.83,32.14,31.28,29.76,28.91,25.1,23.79,22.86
43264,MICHIGAN.HUB,Hub,MCC,0.53,0.51,0.36,0.49,0.26,0.08,-0.06,0.06,-0.66,-0.77,-1.4,-3.58,-3.89,-8.06,-10.08,-10.29,-9.95,-9.03,-4.78,-2.08,-1.19,-1.93,-0.33,0
43264,MICHIGAN.HUB,Hub,MLC,0.88,1.42,1.1,1.09,1.49,1.45,1.52,1.14,1.41,1.48,1.86,2.11,2.15,2.07,2.3,2.42,2.34,2.08,2.07,1.29,1.44,1.36,0.95,0.92
43265,LOUISIANA.HUB,Hub,LMP,22.76,21.34,20.75,20.52,20.81,21.81,23.47,24.96,26.06,28.36,30.43,35.38,38.55,45.54,50.57,54.12,51.61,45.63,39.96,32.93,30.5,29.55,25.72,23.88
43265,LOUISIANA.HUB,Hub,MCC,1.41,1.36,1.05,0.97,0.69,0.43,1.13,1.07,1.22,1.58,1.59,2.65,3.05,6.98,7.25,7.91,6.88,7.96,4.93,2.79,1.65,2.91,1.55,1.51
43265,LOUISIANA.HUB,Hub,MLC,0.79,0.44,0.85,0.85,0.87,0.77,0.98,1.2,0.97,1.53,1.42,1.72,1.36,1.36,1.52,1.81,1.76,1.63,1.25,1.17,1.39,1.62,1.39,1.32
43265,MICHIGAN.HUB,Hub,LMP,21.2,20.44,19.51,19.69,20.46,21.56,22.53,23.44,25.81,26.52,30.04,34.11,38.4,41.95,47.43,51.67,49.67,39.92,38.04,31.86,30.12,27.06,25,23.22
43265,MICHIGAN.HUB,Hub,MCC,-0.01,-0.01,0,0.34,0.54,0.32,0.6,0.15,1.15,0.64,0.98,2.68,3.42,3.59,4.34,5.54,5.02,2.78,3.2,2.16,1.67,0.77,1.64,1.94
43265,MICHIGAN.HUB,Hub,MLC,0.65,0.91,0.66,0.65,0.67,0.63,0.57,0.6,0.79,0.63,1.64,0.42,0.84,1.16,1.29,1.73,1.68,1.1,1.06,0.73,0.99,1.27,0.58,0.23
43266,LOUISIANA.HUB,Hub,LMP,22.16,20.51,20.27,19.93,20.11,20.93,23.27,25.04,27.58,30.2,33.98,42.73,49.4,59.68,67.76,70.02,65.77,53.42,43.63,36.4,33.31,29.4,26.79,24.25
43266,LOUISIANA.HUB,Hub,MCC,0.6,1.41,1.86,1.27,0.09,0.03,0.49,0.68,1.68,1.59,2.91,7.84,10.62,14.83,18.67,17.02,14.35,9.5,4.87,1.86,0.81,0.61,0.5,0
43266,LOUISIANA.HUB,Hub,MLC,1.66,0.73,1.28,1.29,1.38,0.78,1.04,0.99,1.42,1.79,1.55,1.39,1.42,1.83,2,2.16,2.1,1.8,1.74,1.29,1.29,1.44,1.45,0.99
43266,MICHIGAN.HUB,Hub,LMP,20.47,18.97,18.05,18.31,19.74,21.28,22.36,24.28,25.67,28.86,32.12,35.42,38.87,43.12,46.93,51.13,49.9,43.36,37.89,34.49,32.2,29.25,26.51,24.85
43266,MICHIGAN.HUB,Hub,MCC,0,0,0,0,0.1,0.52,0,0.09,0.24,0.63,1.46,1.03,0.29,-1.65,-2.08,-1.77,-1.43,-0.48,-0.32,0.14,0.16,0.84,0.7,0.77
43266,MICHIGAN.HUB,Hub,MLC,0.57,0.6,0.92,0.94,1,0.64,0.62,0.82,0.95,1.41,1.14,0.89,1.22,1.75,1.92,2.06,2.01,1.72,1.19,1.1,0.83,1.06,0.97,0.82
43267,LOUISIANA.HUB,Hub,LMP,22.6,20.94,20.54,20.49,20.11,19.6,20.8,22.35,25.05,28.68,30.41,35.78,41.04,46.3,49.79,50.85,51.65,45.95,40.77,37.53,35.39,29.49,26.65,24.76
43267,LOUISIANA.HUB,Hub,MCC,0,0.34,0,0.08,0,0,0,0,0,0.09,0,0.38,1.42,2.21,2.36,0.54,0.29,-0.08,0.3,0.77,0.29,0,0.23,0.31
43267,LOUISIANA.HUB,Hub,MLC,1.34,0.79,1.62,1.61,1.58,0.43,0.77,1,0.98,1.43,0.79,0.65,1.57,1.74,1.86,1.98,2.03,1.82,1.6,1.46,1.24,1.15,1.62,1.42
43267,MICHIGAN.HUB,Hub,LMP,21.75,20.69,19.7,19.57,19.57,20.54,21.41,22.7,25.59,29.96,33.06,39.96,40.9,43.28,50.47,58.68,59.84,54.5,47.52,41.73,40.51,31.4,26.84,24.3
43267,MICHIGAN.HUB,Hub,MCC,0.29,0.23,0,0,0.28,0.47,0.74,0.77,0.72,1.14,2.46,4.12,1.36,-0.74,3.13,8.46,8.57,8.55,7.12,5.03,5.6,2.34,0.77,0.68
43267,MICHIGAN.HUB,Hub,MLC,0.2,0.65,0.78,0.77,0.76,0.9,0.64,0.58,0.8,1.66,0.98,1.09,1.49,1.67,1.77,1.89,1.94,1.74,1.53,1.4,1.05,0.72,1.27,0.59
43268,LOUISIANA.HUB,Hub,LMP,23.57,20.91,20.27,19.3,18.2,18.45,20.45,22.44,25.68,27.5,30.76,34.71,38.97,45.35,44.94,46.31,44.31,41.8,36,33.35,32.66,31.54,26.16,24.24
43268,LOUISIANA.HUB,Hub,MCC,1.11,0.02,0.54,0.62,0,0,0.07,0.36,0.87,0,0,-0.09,-1.67,-0.44,-4.87,-9.02,-13.28,-12.76,-11.43,-8.7,-6.17,-1.24,0,0
43268,LOUISIANA.HUB,Hub,MLC,1.03,0.95,0.86,0.7,0.68,0.41,0.76,0.65,0.8,1.12,1.21,0.85,1.58,1.78,1.93,2.14,2.22,2.11,1.85,1.64,1.5,1.28,1.03,0.97
43268,MICHIGAN.HUB,Hub,LMP,23.74,22.07,19.81,18.83,19.61,19.68,20.91,22.82,25.96,28.85,33.22,39.61,46.57,52.82,57.31,64.17,65.47,62.05,52.54,45.6,42.44,34.74,27.15,25.62
43268,MICHIGAN.HUB,Hub,MCC,1.12,1.57,0.01,0.28,1.53,0.8,0.67,0.39,0.97,1.24,2.7,4.57,6,7.11,7.59,8.94,7.98,7.59,5.2,3.62,3.68,2.02,1.19,1.28
43268,MICHIGAN.HUB,Hub,MLC,1.19,0.56,0.93,0.57,0.56,0.84,0.62,1,0.98,1.23,0.97,1.09,1.51,1.7,1.84,2.04,2.12,2.01,1.76,1.57,1.43,1.22,0.83,1.07
43269,LOUISIANA.HUB,Hub,LMP,23.76,22.6,22.01,21.73,21.85,24.16,26.11,27.98,29.86,31.91,36.69,45.27,52.34,50.34,55.61,59.73,56.77,47.49,41.56,36.76,33.14,31.02,29.72,25.22
43269,LOUISIANA.HUB,Hub,MCC,0,0,0,0,0,0,0,-2.62,-4.14,-8.42,-10.65,-5.28,-6.17,-18.89,-19.46,-19.04,-19.59,-15.42,-11.59,-8.82,-9.4,-5.78,0.51,0
43269,LOUISIANA.HUB,Hub,MLC,0.76,0.59,0.58,0.62,0.27,0.74,0.28,0.98,0.82,0.94,1.65,1.75,2.01,1.57,1.7,1.79,1.75,1.44,1.23,1.06,0.98,0.86,1,0.62
43269,MICHIGAN.HUB,Hub,LMP,24.28,23.24,22.52,22.22,22.74,25.46,28.95,32.27,35.3,42.16,49.56,53.11,63.08,76.3,83.12,88.02,81.25,66.43,54.99,46.92,44.54,38.06,29.84,27.66
43269,MICHIGAN.HUB,Hub,MCC,0.36,0.25,0.12,0.16,0.09,1.14,1.86,1.61,1.08,1.55,1.86,2.17,4.11,6.6,7.54,8.71,4.37,3.08,1.48,1.03,1.71,1,0.78,2.17
43269,MICHIGAN.HUB,Hub,MLC,0.92,0.98,0.97,0.95,1.07,0.9,1.26,1.04,1.04,1.22,2.01,2.14,2.47,2.04,2.21,2.33,2.27,1.88,1.59,1.37,1.27,1.12,0.85,0.89
43270,LOUISIANA.HUB,Hub,LMP,23.75,22.88,22.23,21.99,22.01,23.59,24.42,26.35,28.65,31.88,34.65,40.96,46.6,50.49,56.03,59.58,55.45,47.49,40.69,36,33.01,28.92,25.61,23.28
43270,LOUISIANA.HUB,Hub,MCC,0,0,0,0,0,0,0,0,-0.33,-0.74,-2.11,1.13,2.52,3.75,5.11,5.87,6.21,4.12,1.48,0.96,0.42,0.12,0.17,0
43270,LOUISIANA.HUB,Hub,MLC,0.26,0.3,0.41,0.41,0.28,0.3,0.25,0.31,0.94,1.13,1.21,0.95,1.05,1.1,1.21,1.28,1.17,1.04,0.95,0.86,0.72,0.96,0.34,0.34
43270,MICHIGAN.HUB,Hub,LMP,26.75,25.21,24.36,24.05,24.07,25.85,26.68,28.7,30.84,33.92,37.93,41.28,45.04,46.43,49.06,50.08,47.19,41.36,39.49,35.55,34.06,31.64,28.33,25.52
43270,MICHIGAN.HUB,Hub,MCC,2.27,1.5,1.39,1.32,1.26,1.41,1.51,1.34,1.8,1.45,1.25,1.18,0.66,-0.63,-2.21,-3.99,-2.39,-2.3,0.01,0.27,1.28,2.79,1.92,1.4
43270,MICHIGAN.HUB,Hub,MLC,0.99,1.13,1.15,1.15,1.08,1.15,1,1.32,1,0.98,1.13,1.22,1.35,1.42,1.56,1.64,1.51,1.33,1.22,1.1,0.91,1.01,1.31,1.18
43271,LOUISIANA.HUB,Hub,LMP,22.29,21.13,20.61,20.25,20.5,22.04,22.83,24,25.17,27.12,30.75,34.33,39.86,45.49,51.92,54.15,51.23,41.92,34.82,31.16,30.56,27.4,24.96,23.35
43271,LOUISIANA.HUB,Hub,MCC,0,0,0,0,0,0,0,0.06,0.18,0,1.85,2.75,5.34,7.97,12.35,13.85,12.84,7.35,4.16,2.84,2.39,1.9,1.04,0.81
43271,LOUISIANA.HUB,Hub,MLC,0.44,0.42,0.36,0.36,0.14,0.41,0.31,0.29,0.32,0.36,0.74,1.04,0.65,0.7,0.9,0.92,0.88,0.66,1.03,0.75,1.4,1.15,0.81,0.59
43271,MICHIGAN.HUB,Hub,LMP,23.64,22.87,22.28,21.74,21.78,24.03,24.89,26.5,26.49,28.54,29.91,32.43,35.51,37.84,39.22,39.78,38.06,35.97,31.69,28.96,28.75,27.1,24.86,24.12
43271,MICHIGAN.HUB,Hub,MCC,0.6,1.03,1.11,0.95,0.86,1.24,1.23,1.83,0.54,0.39,0.69,0.78,0.56,-0.16,-0.58,-0.74,-0.55,0.96,0.97,0.46,0.57,2.23,0.78,1.12
43271,MICHIGAN.HUB,Hub,MLC,1.19,1.13,0.92,0.9,0.56,1.16,1.14,1.02,1.28,1.39,1.06,1.11,1.08,1.18,1.13,1.14,1.1,1.1,1.09,0.93,1.41,0.52,0.97,1.05
43272,LOUISIANA.HUB,Hub,LMP,21.44,20.25,19.36,19.13,19.86,21.52,22.38,23.64,24.84,25.69,28.16,30.17,32.83,37.99,39.93,41.63,40,36.08,31.13,29.65,29.11,27.17,24.93,22.94
43272,LOUISIANA.HUB,Hub,MCC,0.49,0.25,0.04,0.03,0.18,0.3,0,0.09,0.47,0.28,0.33,0.54,1.73,4.12,4.81,5.5,5.23,4.04,1.67,1.12,0.3,1,0.52,0
43272,LOUISIANA.HUB,Hub,MLC,0.67,0.75,0.62,0.61,0.73,0.66,0.67,0.65,0.85,0.84,1.01,1.32,1.42,1.55,1.62,1.66,1.6,1.47,1.31,1.03,1.67,0.94,1.24,1.05
43272,MICHIGAN.HUB,Hub,LMP,21.91,20.96,20.21,19.84,20.39,21.94,23.19,24.03,24.34,26.94,29.22,29.75,30.46,32.21,33.02,33.71,32.5,30.97,29.86,29.05,28.54,27.07,24.75,23.52
43272,MICHIGAN.HUB,Hub,MCC,0.9,1.09,1.13,0.98,0.85,0.66,0.47,0.07,-0.35,1.35,1.14,0.86,0.36,-0.57,-0.96,-1.26,-1.15,-0.05,1.13,0.26,0.77,0.8,1.37,1.23
43272,MICHIGAN.HUB,Hub,MLC,0.73,0.62,0.38,0.37,0.59,0.72,1.01,1.06,1.17,1.02,1.26,0.58,0.42,0.46,0.48,0.5,0.48,0.45,0.58,1.29,0.63,1.04,0.21,0.4
43273,LOUISIANA.HUB,Hub,LMP,21.92,20.38,20.09,19.9,20.07,21.05,22.79,24.71,25.07,27.93,31.17,38.95,46,54.56,59.44,61,59.57,52.02,42.85,34.11,31.5,29.44,27.14,22.98
43273,LOUISIANA.HUB,Hub,MCC,0,0.08,0.16,0.13,0,0,0.34,0.6,0.81,2.49,3.91,8.27,13.3,19.12,21.96,23.42,23.8,16.87,10.63,4.92,3.41,2,1.49,0
43273,LOUISIANA.HUB,Hub,MLC,0.78,0.41,0.31,0.31,0.39,-0.25,0.15,0.46,0.23,0.36,0.76,0.87,0.97,1.05,1.11,1.11,0.99,2.38,2.18,1.93,1.86,1.98,1.92,0.41
43273,MICHIGAN.HUB,Hub,LMP,21.63,20.42,20.13,20.28,20.67,23.07,23.91,26.18,26.21,26.28,28.73,29.21,29.14,29.79,30.26,29.83,28.15,26.04,25.51,24.08,24.15,25.42,23.26,23.68
43273,MICHIGAN.HUB,Hub,MCC,0.63,-0.06,-0.44,-0.11,0.43,0.64,0.99,0.91,1.13,0.61,2.26,-0.57,-2.57,-4.56,-6.08,-6.61,-6.58,-6.74,-4.56,-3.28,-2.16,-0.39,-0.58,0
43273,MICHIGAN.HUB,Hub,MLC,-0.14,0.59,0.95,0.93,0.56,1.13,0.62,1.62,1.05,0.59,-0.03,-0.03,-0.02,-0.04,-0.03,-0.03,-0.05,0.01,0.03,0.1,0.08,0.35,0.11,1.11
43274,LOUISIANA.HUB,Hub,LMP,22.82,21.4,20.81,20.17,19.88,19.97,20.7,21.92,23.61,26.57,29.17,33.82,39.99,49.12,59.29,65.16,61.59,52.75,42.27,34.49,31.47,28.64,25.93,24.23
43274,LOUISIANA.HUB,Hub,MCC,0,0.07,0.09,0,0,0,0.09,0.24,0.39,0.47,1.67,3.85,8.33,14.12,19.51,22.97,20.22,13.78,8.47,4.55,3.28,1.95,0.33,0
43274,LOUISIANA.HUB,Hub,MLC,1.06,0.95,0.93,0.94,0.79,0.53,0.54,0.2,0.44,1.94,1.95,2.11,2.1,2.32,3.01,3.2,2.76,2.62,2.28,1.97,1.89,1.92,1.9,1.55
43274,MICHIGAN.HUB,Hub,LMP,22.01,20.06,19.47,19.41,19.98,20.37,20.14,20.57,22.1,24.08,24.95,25.95,24.08,24.08,24.08,25.47,25.05,26.21,24.42,24.49,25.14,24.28,23.78,22.95
43274,MICHIGAN.HUB,Hub,MCC,0.21,-0.28,-0.29,0.18,0.52,0.44,-0.43,-1.1,-1.81,-0.18,-0.93,-2.25,-5.71,-8.57,-12.68,-13.53,-13.55,-10.14,-7.11,-3.57,-1.4,-0.83,-0.02,0
43274,MICHIGAN.HUB,Hub,MLC,0.04,-0.04,-0.03,0,0.37,0.49,0.5,0.19,1.13,0.1,0.33,0.34,0.23,-0.03,-0.01,0.01,-0.01,0,0.01,0.09,0.24,0.34,0.1,0.27
43275,LOUISIANA.HUB,Hub,LMP,23.65,22.58,21.99,21.47,20.93,21.19,21.67,22.21,23.66,27.23,30.07,33.98,41.34,52.51,61.67,68.76,69.09,55.31,43.53,35.48,32.66,29.47,27.44,25.09
43275,LOUISIANA.HUB,Hub,MCC,0.96,0.92,0.88,0.86,0.83,0.85,0.48,0.26,0.76,2.69,2.99,3.94,7.56,14.37,19.96,25.49,24.24,12.92,7.28,3.34,2.83,2.37,3.25,3.15
43275,LOUISIANA.HUB,Hub,MLC,1.05,0.98,0.94,0.95,0.93,0.94,0.94,0.55,0.37,0.45,1.35,1.66,2.25,2.54,2.79,1.76,1.82,1.73,1.48,1.8,1.79,1.54,0.91,0.65
43275,MICHIGAN.HUB,Hub,LMP,21.67,20.65,20.17,19.79,19.37,19.57,20.22,21.29,23.01,24.48,25.69,27.65,28.49,28.92,28.04,27.03,31.35,31.85,30.46,27.64,28.66,25.72,24.27,22.16
43275,MICHIGAN.HUB,Hub,MCC,0,0,0.03,0.14,0.2,0.17,0,0,0,-0.52,-0.23,-1.5,-3.03,-6.66,-10.87,-14.03,-11.13,-8.3,-3.94,-2.98,-0.04,-0.19,0,0
43275,MICHIGAN.HUB,Hub,MLC,0.03,-0.03,-0.03,-0.01,0,0,-0.03,-0.11,0.48,0.91,0.19,0.77,-0.01,-0.02,-0.01,-0.45,-0.55,-0.51,-0.37,0.28,0.66,0.35,0.99,0.87
43276,LOUISIANA.HUB,Hub,LMP,23.55,22.06,21.6,20.92,21.51,22.48,23.45,25.11,27.51,30.98,36.45,45.44,58.02,74.02,88,94.64,94.28,73.54,53.17,46.43,41.5,34.47,28.38,25.35
43276,LOUISIANA.HUB,Hub,MCC,1.15,0.92,0.9,0.96,0.94,0.58,0.14,0.22,1.02,2.4,4.59,11.19,18.57,30.04,40.06,43.79,44.48,28.7,13.18,11.47,8.6,5.51,2.93,1.29
43276,LOUISIANA.HUB,Hub,MLC,1.46,1.05,1.03,0.77,0.75,0.79,1.03,1.25,1.04,1.27,0.98,0.9,1.88,1.37,1.5,1.58,1.56,1.41,2.1,1.94,1.85,1.68,1.55,1.5
43276,MICHIGAN.HUB,Hub,LMP,21.07,20.53,20.1,19.92,20.8,22.3,23.71,24.94,27.47,28.53,33.87,36.01,35.57,35.98,36.56,37.45,34.5,35.78,35.81,29.68,29.86,27.9,24.52,23.75
43276,MICHIGAN.HUB,Hub,MCC,0,0,0,0.06,0.26,0.54,0.84,0.68,1.17,-0.13,1.11,0.69,-3.34,-8.94,-12.4,-14.49,-16.36,-10.01,-2.59,-3.92,-1.61,-0.02,-0.41,-0.04
43276,MICHIGAN.HUB,Hub,MLC,0.13,0.44,0.43,0.67,0.72,0.65,0.59,0.62,0.85,1.35,1.88,1.97,1.34,2.31,2.52,2.67,2.62,2.36,0.51,0.58,0.42,0.64,1.03,1.23
43277,LOUISIANA.HUB,Hub,LMP,22.45,21.02,21.07,21.01,21.32,22.64,23.78,24.69,27.74,31.9,40.49,49.95,65.44,90.01,128.39,131.58,131.58,97.61,72.05,55.78,47.47,39.6,29.67,25.87
43277,LOUISIANA.HUB,Hub,MCC,1,0.77,0.69,0.62,0.46,0.35,0.15,0.28,1.64,4.44,9.11,15.23,24.32,42.25,71.68,72.07,72.49,47.31,29.29,18.38,14.68,8.89,4.18,1.24
43277,LOUISIANA.HUB,Hub,MLC,0.79,0.46,1.03,1.02,0.88,1.11,1.06,0.63,1.47,1.2,0.65,0.54,1.8,1.96,1.68,1.76,1.75,1.51,1.15,1.03,0.51,1.52,0.73,1.1
43277,MICHIGAN.HUB,Hub,LMP,21.31,20,19.75,20.07,21.21,22.42,22.97,24.91,23.59,25.85,28.62,28.67,30.2,31.4,33.57,35,36.51,30.84,29.2,28.23,29.08,28.83,24.4,24.09
43277,MICHIGAN.HUB,Hub,MCC,0,-0.72,-0.35,-0.05,0.26,0.39,0,0,-1.98,-1.35,-3.7,-7.22,-11.17,-16.33,-23.5,-24.88,-22.95,-19.77,-12.93,-8.78,-4.81,-1.29,-0.34,-0.01
43277,MICHIGAN.HUB,Hub,MLC,0.65,0.93,0.75,0.75,0.97,0.85,0.4,1.13,0.94,0.94,1.59,1.71,2.05,1.93,2.04,2.13,2.12,1.82,0.52,0.64,1.61,0.93,-0.02,0.57
43278,LOUISIANA.HUB,Hub,LMP,23.78,21.64,20.87,20.56,21.71,22.57,22.79,24.6,27.98,32.34,39.37,49.39,66.16,86.21,113.54,137.48,152.71,100.64,70.83,60,49.54,36.3,29.57,26.48
43278,LOUISIANA.HUB,Hub,MCC,1.46,0.22,0.16,0.15,0.17,0.15,0.06,0.13,2.19,3.83,6.65,13.21,25.77,40.63,61.53,79.84,95.61,52.55,30.86,23.79,16.2,7.34,3.76,1.48
43278,LOUISIANA.HUB,Hub,MLC,0.4,0.41,0.34,0.33,0.71,0.7,0.2,0.89,0.61,0.96,1.05,0.99,0.31,0.15,0.63,0.72,0.72,0.61,0.33,1.03,1.1,1,0.74,1.47
43278,MICHIGAN.HUB,Hub,LMP,22.28,22.06,21.34,21.03,21.33,22.45,23.3,24.22,25.84,28.27,32.32,34.59,37.33,36.92,35.58,37.37,36.38,34.36,30.5,28.31,29.18,28.24,25,24.34
43278,MICHIGAN.HUB,Hub,MCC,-0.46,0,0,0,0,0,0.03,0,-0.1,-0.12,-0.01,-1.21,-3.14,-9.89,-17.54,-21.49,-21.93,-14.75,-9.55,-7.52,-3.77,-0.37,-0.06,0
43278,MICHIGAN.HUB,Hub,MLC,0.82,1.05,0.97,0.95,0.5,0.73,0.74,0.64,0.76,0.84,0.66,0.61,0.39,1.38,1.74,1.94,1.93,1.63,0.41,0.65,0.71,0.65,-0.01,0.81
43279,LOUISIANA.HUB,Hub,LMP,23.68,21.55,21.8,21.27,20.94,21.81,22.33,24.46,26.81,32.39,38.18,47.17,68.21,101.06,135.99,143.55,151.75,114.94,74.21,54.88,47.68,35.73,30.04,26.76
43279,LOUISIANA.HUB,Hub,MCC,0.22,0,0,0,0,0,0,0,1.14,3.87,4.23,7.43,22.16,51.74,79.54,82.58,90.51,62.4,30.89,16.9,14.22,5.59,5.28,3.41
43279,LOUISIANA.HUB,Hub,MLC,1.31,0.43,0.97,0.94,0.42,0.38,0.2,0.49,0.02,-0.03,0.49,1.16,1.85,0.27,0.84,1.22,1.25,0.8,0.27,0.17,0.31,1.64,0.69,1.05
43279,MICHIGAN.HUB,Hub,LMP,22.84,22.19,21.52,21,21.39,22.47,23.24,24.67,26.35,28.8,35.68,40.44,44.09,43.52,48.15,52.64,48.94,46.57,42.95,39.69,35.19,30.73,26.52,24.09
43279,MICHIGAN.HUB,Hub,MCC,0,0,0,0,0.27,0.26,0.37,0,-0.05,-0.09,0,-0.21,-1.87,-7.73,-10.16,-10.51,-14.48,-7.7,-2.05,0.41,1.27,1.43,0.98,0.66
43279,MICHIGAN.HUB,Hub,MLC,0.69,1.07,0.69,0.67,0.6,0.78,0.74,0.7,0.75,0.34,2.22,2.07,1.76,2.2,2.7,3.4,3.43,2.53,1.95,1.47,0.77,0.8,1.47,1.13
43280,LOUISIANA.HUB,Hub,LMP,24.63,23.44,22.41,22.14,22.13,23.18,23.9,27.14,28.84,35.87,48.07,65.59,90.17,124.59,149.07,169.19,148,108.3,88.02,61.36,57.1,37.52,28.76,26.42
43280,LOUISIANA.HUB,Hub,MCC,1.46,1.15,1.07,1.04,0.9,0.56,-1.05,-0.23,-1.2,1.6,7.19,18.1,35.08,62.82,78.52,91.09,74.59,46.02,34.3,16.16,13.91,3.73,0.06,0.45
43280,LOUISIANA.HUB,Hub,MLC,0.92,0.99,0.85,0.83,0.84,0.99,1.2,1.49,1.12,0.65,1.79,1.24,1.43,-1.47,-1.67,-1.86,-1.75,-1.49,1.4,1.18,1.88,0.46,1.08,1.42
43280,MICHIGAN.HUB,Hub,LMP,23.41,22.3,21.44,21.23,21.52,23.12,26.59,28.83,32.69,38.08,43.64,50.49,59.33,70.84,78.33,87.5,82.8,72.39,52.46,45.21,45.17,36.82,28.98,25.7
43280,MICHIGAN.HUB,Hub,MCC,0.4,0.32,0.38,0.4,0.57,0.81,2.05,1.76,2.35,3.69,2.72,1.62,2.63,3.19,1.07,1.97,2.41,4.18,-2.82,-1.31,1.94,2.19,0.63,0.02
43280,MICHIGAN.HUB,Hub,MLC,0.76,0.68,0.57,0.56,0.56,0.68,0.79,1.19,1.42,0.77,1.83,2.62,3.04,4.41,5.04,5.57,5.23,4.44,2.96,2.5,1.92,1.3,0.73,1.13
43281,LOUISIANA.HUB,Hub,LMP,24.63,22.8,22.41,21.56,21.34,21.66,21.96,23.12,25.98,29.24,33.75,54.41,69.04,111.16,137.37,160.32,136.24,108,62.12,52.13,40.21,32.46,29.77,27.06
43281,LOUISIANA.HUB,Hub,MCC,0.76,0,0,0,0,0,0,-0.51,-1.92,-3.07,-2.92,11.85,17.87,56.25,72.95,89.07,69,50.96,16.54,9.11,1.94,-0.79,0.19,1.11
43281,LOUISIANA.HUB,Hub,MLC,0.66,0.73,0.98,0.53,0.52,0.63,0.63,0.73,1.07,0.8,0.2,0.51,1.15,-1.39,-1.67,-1.84,-1.76,-1.49,-1.1,0.51,0.11,0.78,0.94,0.29
43281,MICHIGAN.HUB,Hub,LMP,24.32,23.26,22.2,22.38,22.23,22.22,22.63,24.16,28.47,33.6,39.33,42.52,49.79,51.8,59.65,65.84,65.65,56.7,48.16,43.99,39.76,33.47,29.75,26.64
43281,MICHIGAN.HUB,Hub,MCC,-0.25,0.06,0.1,0.11,0.18,0.23,0.33,0.36,0.84,1.28,1.04,-1.45,-2.87,-8.56,-11.17,-12.48,-8.28,-6.01,-1.59,-0.45,0,0,0.1,-0.3
43281,MICHIGAN.HUB,Hub,MLC,1.36,1.13,0.67,1.24,1.23,0.96,0.97,0.9,0.8,0.81,1.82,1.92,2.64,4.06,4.73,5.23,4.93,4.18,3.07,1.93,1.6,1,1.01,1.28
