,MARKET_DAY,NODE,TYPE,VALUE,HE1,HE2,HE3,HE4,HE5,HE6,HE7,HE8,HE9,HE10,HE11,HE12,HE13,HE14,HE15,HE16,HE17,HE18,HE19,HE20,HE21,HE22,HE23,HE24
4329,7/1/2019,LOUISIANA.HUB,Hub,LMP,16.73,15.77,14.28,14.8,16.67,18.49,19.54,20.27,20.99,22.21,23.16,24.48,31.63,43.77,33.85,49.47,55.85,39.94,28.48,24.66,33.44,25.29,22.73,20.88
4330,7/1/2019,LOUISIANA.HUB,Hub,MCC,0.0,0.0,0.0,0.0,0.0,0.0,0.0,0.0,0.0,0.0,0.0,0.0,0.1,0.4,0.84,3.15,2.98,0.45,0.03,0.0,0.0,0.0,0.0,0.0
4331,7/1/2019,LOUISIANA.HUB,Hub,MLC,0.04,0.1,0.12,0.07,-0.13,-0.29,-0.51,-0.69,-0.66,-0.41,-0.16,0.03,0.11,0.65,0.88,1.44,1.37,0.52,0.15,-0.07,-0.23,-0.39,-0.47,-0.19
4791,7/1/2019,MICHIGAN.HUB,Hub,LMP,17.37,16.36,14.75,15.4,18.04,19.57,20.84,21.77,22.45,23.52,24.19,25.19,33.27,49.04,34.87,62.86,70.09,43.27,33.13,25.94,35.25,27.12,24.69,22.44
4792,7/1/2019,MICHIGAN.HUB,Hub,MCC,0.02,0.03,0.01,0.0,0.49,0.0,0.0,0.0,0.0,0.0,0.0,0.0,0.91,4.98,1.49,15.78,15.8,2.05,3.3,0.0,0.0,0.04,0.21,0.12
4793,7/1/2019,MICHIGAN.HUB,Hub,MLC,0.67,0.65,0.58,0.67,0.75,0.8,0.79,0.81,0.81,0.9,0.87,0.74,0.95,1.34,1.25,2.21,2.79,2.26,1.54,1.21,1.59,1.4,1.28,1.26
11001,7/2/2019,LOUISIANA.HUB,Hub,LMP,19.96,18.93,18.28,17.93,18.85,20.02,20.38,20.65,21.5,22.21,23.36,24.24,30.33,27.54,28.61,32.45,27.79,24.79,24.2,23.31,23.2,22.7,21.61,20.91
11002,7/2/2019,LOUISIANA.HUB,Hub,MCC,0.0,0.0,0.0,0.0,0.0,0.0,0.0,0.0,0.0,-0.27,-0.86,-0.24,-44.19,-4.53,-3.25,-2.66,-4.3,-2.31,-0.03,0.0,0.0,0.0,0.0,0.0
11003,7/2/2019,LOUISIANA.HUB,Hub,MLC,-0.2,-0.08,-0.09,-0.11,-0.3,-0.42,-0.66,-0.75,-0.77,-0.74,-0.71,-0.69,-2.1,-0.79,-0.68,-0.75,-0.84,-0.81,-0.73,-0.74,-0.53,-0.67,-0.65,-0.52
11463,7/2/2019,MICHIGAN.HUB,Hub,LMP,21.74,20.38,19.96,19.26,20.58,21.68,22.28,22.38,23.17,24.21,25.76,25.98,79.18,34.2,35.34,37.51,34.37,28.99,25.86,24.68,24.35,24.0,23.0,21.98
11464,7/2/2019,MICHIGAN.HUB,Hub,MCC,0.27,0.13,0.38,0.0,0.13,0.0,0.0,0.0,0.0,0.0,0.0,0.0,0.07,0.17,1.47,0.0,0.04,0.0,0.0,0.0,0.0,0.0,0.0,0.0
11465,7/2/2019,MICHIGAN.HUB,Hub,MLC,1.32,1.24,1.21,1.21,1.3,1.23,1.24,0.98,0.9,1.0,0.82,0.81,2.51,1.17,1.33,1.64,1.4,1.07,0.9,0.63,0.63,0.62,0.74,0.56
17673,7/3/2019,LOUISIANA.HUB,Hub,LMP,20.22,19.31,18.31,18.2,18.84,19.45,20.01,20.18,20.86,21.94,22.83,23.63,37.27,38.24,31.04,37.68,31.67,30.08,25.05,23.44,23.1,22.06,21.13,20.42
17674,7/3/2019,LOUISIANA.HUB,Hub,MCC,0.0,0.0,0.0,0.0,0.0,0.0,-0.4,-1.22,-1.49,-2.0,-6.93,-5.4,-3.58,-0.42,0.0,0.0,0.14,0.05,0.0,0.0,0.0,0.0,0.0,0.0
17675,7/3/2019,LOUISIANA.HUB,Hub,MLC,-0.45,-0.32,-0.24,-0.28,-0.39,-0.43,-0.55,-0.68,-0.78,-0.7,-0.81,-0.73,-0.93,-0.54,-0.08,0.03,0.11,-0.13,-0.32,-0.28,-0.16,-0.16,-0.14,-0.04
18135,7/3/2019,MICHIGAN.HUB,Hub,LMP,21.37,20.27,19.13,19.15,20.1,20.81,22.04,23.06,24.09,25.54,31.46,30.52,42.74,42.78,31.93,38.7,32.37,31.19,26.24,24.6,24.27,23.01,21.82,21.01
18136,7/3/2019,MICHIGAN.HUB,Hub,MCC,0.0,0.0,0.0,0.0,0.0,0.0,0.0,0.0,0.0,0.0,0.0,0.0,0.0,2.81,0.0,0.0,0.0,0.0,0.0,0.0,0.0,0.0,0.0,0.0
18137,7/3/2019,MICHIGAN.HUB,Hub,MLC,0.7,0.64,0.58,0.68,0.87,0.92,1.09,0.99,0.96,0.91,0.88,0.77,0.96,0.78,0.81,1.04,0.95,1.03,0.86,0.89,1.01,0.79,0.55,0.55
24345,7/4/2019,LOUISIANA.HUB,Hub,LMP,19.16,18.74,17.91,15.93,15.27,15.24,17.33,19.05,20.3,21.86,22.84,24.62,27.29,26.58,27.6,30.25,51.04,26.34,26.7,30.7,23.88,21.94,21.71,20.73
24346,7/4/2019,LOUISIANA.HUB,Hub,MCC,0.0,0.0,0.0,0.0,0.0,0.0,-0.72,-0.58,-0.22,-3.97,-4.12,-8.36,-1.11,-0.15,0.0,0.0,0.25,0.0,-0.05,-0.03,0.0,0.0,0.0,0.0
24347,7/4/2019,LOUISIANA.HUB,Hub,MLC,-0.07,-0.07,-0.14,-0.07,-0.02,-0.04,-0.22,-0.36,-0.37,-0.35,-0.31,-0.19,-0.07,0.09,0.41,0.61,1.16,0.45,0.02,-0.22,-0.26,-0.21,-0.25,-0.21
24807,7/4/2019,MICHIGAN.HUB,Hub,LMP,19.85,19.52,18.77,16.67,15.98,15.96,19.62,20.8,21.64,27.37,28.63,34.87,29.68,27.66,28.11,30.56,51.1,26.65,27.65,31.92,25.13,22.95,22.68,21.75
24808,7/4/2019,MICHIGAN.HUB,Hub,MCC,0.0,0.0,0.0,0.0,0.0,0.0,0.46,0.0,0.0,0.0,0.0,0.0,0.0,0.0,0.0,0.0,0.0,0.0,0.0,0.0,0.0,0.0,0.0,0.0
24809,7/4/2019,MICHIGAN.HUB,Hub,MLC,0.62,0.71,0.72,0.67,0.69,0.69,0.9,0.81,0.75,1.19,1.36,1.7,1.21,1.03,0.91,0.91,1.46,0.76,0.92,0.98,1.0,0.8,0.72,0.81
31017,7/5/2019,LOUISIANA.HUB,Hub,LMP,20.09,19.09,17.12,16.18,15.99,17.23,19.11,19.76,20.98,22.71,22.78,24.11,25.52,27.01,27.85,33.44,35.16,27.44,24.88,26.78,40.46,22.95,21.12,20.72
31018,7/5/2019,LOUISIANA.HUB,Hub,MCC,0.0,-0.01,-0.08,-0.62,-1.92,-1.28,-0.47,-0.44,-0.44,-12.28,-3.71,-5.71,-0.14,0.18,0.04,0.05,0.06,0.02,0.08,0.4,0.15,0.08,0.0,0.0
31019,7/5/2019,LOUISIANA.HUB,Hub,MLC,-0.21,-0.25,-0.19,-0.17,-0.21,-0.2,-0.36,-0.47,-0.5,-0.61,-0.49,-0.45,-0.23,0.12,0.54,0.8,0.8,0.55,0.5,0.27,-0.19,-0.05,0.16,0.23
31479,7/5/2019,MICHIGAN.HUB,Hub,LMP,21.21,20.24,18.17,17.74,19.04,19.68,20.96,21.54,22.97,44.54,31.14,35.15,28.58,28.56,31.04,35.39,39.14,29.2,25.99,31.09,52.57,24.37,21.81,21.47
31480,7/5/2019,MICHIGAN.HUB,Hub,MCC,0.0,0.0,0.0,0.0,0.0,0.0,0.0,0.0,0.0,7.1,2.77,3.37,1.4,0.73,2.87,1.61,3.61,1.39,0.88,4.03,10.07,0.4,0.0,0.0
31481,7/5/2019,MICHIGAN.HUB,Hub,MLC,0.91,0.9,0.79,0.77,0.91,0.98,1.02,0.87,1.05,1.84,1.4,1.52,1.28,1.11,0.92,1.19,1.22,0.96,0.82,0.95,2.0,1.04,0.85,0.98
37689,7/6/2019,LOUISIANA.HUB,Hub,LMP,19.98,18.78,17.26,16.19,16.07,16.07,17.67,18.24,20.65,22.18,33.27,34.02,67.71,27.95,31.39,27.85,27.95,26.9,26.59,24.29,23.72,22.55,20.88,20.59
37690,7/6/2019,LOUISIANA.HUB,Hub,MCC,0.0,0.0,0.0,0.0,0.0,0.0,-12.08,-0.6,-0.01,-2.11,-3.71,1.06,5.13,0.4,0.56,0.09,0.03,0.01,0.01,0.0,0.0,0.0,0.0,0.0
37691,7/6/2019,LOUISIANA.HUB,Hub,MLC,0.11,0.04,0.07,0.04,0.01,-0.02,-0.47,-0.31,-0.19,-0.22,0.02,0.15,0.6,0.79,1.29,1.45,1.53,1.33,1.1,0.76,0.56,0.48,0.42,0.54
38151,7/6/2019,MICHIGAN.HUB,Hub,LMP,21.06,19.74,18.13,17.02,16.97,16.99,77.92,20.28,22.55,27.8,45.13,41.63,82.5,30.13,36.01,28.78,28.48,25.87,25.76,23.62,23.28,22.25,20.7,20.5
38152,7/6/2019,MICHIGAN.HUB,Hub,MCC,0.1,0.0,0.0,0.0,0.0,0.0,45.66,0.0,0.47,2.0,6.05,6.84,16.86,2.04,5.34,1.7,1.53,0.0,0.0,0.0,0.0,0.0,0.0,0.0
38153,7/6/2019,MICHIGAN.HUB,Hub,MLC,1.1,1.0,0.94,0.86,0.91,0.91,2.04,1.13,1.23,1.3,2.13,1.98,3.65,1.33,1.12,0.78,0.55,0.32,0.27,0.09,0.13,0.18,0.24,0.44
44361,7/7/2019,LOUISIANA.HUB,Hub,LMP,20.02,18.96,17.67,16.56,15.92,15.15,15.46,18.23,20.45,21.32,22.11,23.41,27.68,27.65,39.32,37.05,52.56,35.32,27.39,25.31,24.28,22.83,21.06,20.44
44362,7/7/2019,LOUISIANA.HUB,Hub,MCC,0.0,0.0,0.11,0.04,0.11,0.24,0.13,0.12,0.0,0.0,0.0,0.0,0.01,0.02,0.64,0.05,0.11,0.06,0.03,0.0,0.0,0.0,0.0,0.0
44363,7/7/2019,LOUISIANA.HUB,Hub,MLC,0.49,0.48,0.43,0.38,0.35,0.34,0.25,0.12,0.21,0.3,0.36,0.52,0.71,0.97,1.63,1.48,2.11,1.24,0.69,0.37,0.15,0.21,0.3,0.46
44823,7/7/2019,MICHIGAN.HUB,Hub,LMP,20.21,19.12,17.66,16.63,15.9,14.87,15.44,18.58,20.8,21.44,22.11,23.36,27.59,28.4,38.76,36.29,52.51,34.5,27.29,25.38,24.67,23.05,21.3,20.83
44824,7/7/2019,MICHIGAN.HUB,Hub,MCC,0.0,0.0,0.0,0.0,0.0,0.0,0.0,0.0,0.0,0.0,0.0,0.0,0.0,1.14,0.82,0.0,1.16,0.0,0.28,0.0,0.0,0.0,0.0,0.0
44825,7/7/2019,MICHIGAN.HUB,Hub,MLC,0.68,0.64,0.53,0.49,0.45,0.3,0.37,0.59,0.55,0.43,0.36,0.47,0.63,0.59,0.88,0.77,1.01,0.48,0.33,0.44,0.54,0.43,0.54,0.85
51033,7/8/2019,LOUISIANA.HUB,Hub,LMP,18.54,17.35,16.16,15.44,16.03,17.41,19.24,20.58,21.78,22.72,24.38,33.51,59.67,28.68,57.02,138.29,162.83,32.82,30.02,25.79,24.97,22.29,20.91,19.56
51034,7/8/2019,LOUISIANA.HUB,Hub,MCC,0.0,0.0,0.0,0.0,0.0,0.0,0.0,-0.3,0.0,0.0,0.0,0.52,0.36,0.8,23.7,75.12,79.83,4.11,1.16,0.04,0.03,0.0,0.02,0.04
51035,7/8/2019,LOUISIANA.HUB,Hub,MLC,0.55,0.56,0.52,0.48,0.36,0.29,0.13,-0.19,-0.15,-0.17,-0.06,0.28,1.19,0.93,1.29,2.51,3.21,0.9,0.69,0.42,0.21,0.24,0.33,0.51
51495,7/8/2019,MICHIGAN.HUB,Hub,LMP,18.84,17.54,16.21,15.48,16.35,17.93,20.11,22.06,22.84,23.93,25.82,33.76,59.28,27.49,33.15,65.13,88.29,28.4,28.76,26.33,26.5,23.08,22.84,20.18
51496,7/8/2019,MICHIGAN.HUB,Hub,MCC,0.0,0.0,0.0,0.0,0.0,0.0,0.0,0.0,0.0,0.08,0.31,0.0,0.0,0.26,0.97,3.91,7.06,0.0,0.0,0.42,1.2,0.47,1.64,0.31
51497,7/8/2019,MICHIGAN.HUB,Hub,MLC,0.84,0.75,0.56,0.53,0.68,0.81,1.0,1.0,0.91,0.97,1.07,1.04,1.16,0.28,0.15,0.56,1.44,0.59,0.59,0.57,0.57,0.56,0.64,0.84
57705,7/9/2019,LOUISIANA.HUB,Hub,LMP,18.56,17.23,16.48,15.25,15.83,17.34,18.72,19.24,20.3,22.36,24.03,26.54,31.15,76.95,206.05,251.52,493.92,182.07,86.91,38.92,73.71,30.34,22.54,21.98
57706,7/9/2019,LOUISIANA.HUB,Hub,MCC,0.01,0.0,0.0,0.0,0.0,0.0,0.0,0.0,0.0,0.02,0.0,0.27,4.99,44.56,109.04,133.4,173.26,84.7,13.4,0.0,0.0,0.13,0.0,0.0
57707,7/9/2019,LOUISIANA.HUB,Hub,MLC,0.35,0.3,0.33,0.35,0.29,0.18,0.07,0.03,0.08,0.28,0.35,0.48,0.73,0.98,3.83,4.59,8.98,2.05,0.88,0.04,-0.03,-0.22,0.01,0.31
58167,7/9/2019,MICHIGAN.HUB,Hub,LMP,19.2,17.61,16.8,15.58,16.39,18.68,20.8,20.1,20.96,24.02,25.27,26.4,26.29,32.37,100.78,129.3,342.57,99.13,73.67,38.95,74.12,30.66,22.79,22.14
58168,7/9/2019,MICHIGAN.HUB,Hub,MCC,0.16,0.0,0.0,0.0,0.0,0.52,1.04,0.0,0.0,1.23,1.06,0.11,0.51,0.59,6.22,13.88,26.64,2.37,0.46,0.0,0.0,0.0,0.0,0.0
58169,7/9/2019,MICHIGAN.HUB,Hub,MLC,0.84,0.68,0.65,0.69,0.85,1.0,1.12,0.89,0.75,0.73,0.53,0.49,0.34,0.37,1.38,1.88,4.25,1.44,0.58,0.07,0.38,0.23,0.26,0.47
64377,7/10/2019,LOUISIANA.HUB,Hub,LMP,21.39,20.8,20.41,20.24,20.41,20.79,21.29,21.78,22.33,24.21,25.28,26.49,38.5,32.95,33.67,34.79,33.9,27.68,24.22,23.41,23.62,23.52,21.55,20.31
64378,7/10/2019,LOUISIANA.HUB,Hub,MCC,0.0,0.0,0.0,0.0,0.0,0.0,0.0,-0.02,-2.62,-23.06,-7.94,0.59,3.32,2.03,2.31,2.55,1.92,-4.72,-12.97,-4.53,-1.86,-29.33,-2.09,0.0
64379,7/10/2019,LOUISIANA.HUB,Hub,MLC,0.32,0.37,0.41,0.36,0.25,0.12,-0.11,-0.43,-0.74,-1.4,-0.93,-0.67,-0.82,-0.47,-0.41,-0.21,-0.58,-1.23,-1.42,-1.0,-0.86,-2.02,-0.84,-0.66
64839,7/10/2019,MICHIGAN.HUB,Hub,LMP,21.58,20.91,20.43,20.44,20.93,21.52,22.33,23.08,26.67,53.79,40.07,28.94,40.59,36.3,36.78,40.11,41.2,42.15,49.01,33.92,27.89,57.05,27.1,22.67
64840,7/10/2019,MICHIGAN.HUB,Hub,MCC,0.0,0.0,0.0,0.0,0.0,0.0,0.0,0.0,0.0,3.53,4.86,1.59,3.32,3.73,3.88,6.36,7.11,6.74,8.34,3.56,0.35,0.13,1.66,0.7
64841,7/10/2019,MICHIGAN.HUB,Hub,MLC,0.51,0.48,0.43,0.56,0.77,0.85,0.93,0.86,0.97,1.59,1.06,0.78,1.28,1.17,1.12,1.3,1.53,1.79,2.07,1.42,1.21,2.05,0.97,1.02
71049,7/11/2019,LOUISIANA.HUB,Hub,LMP,19.25,19.17,18.34,17.53,18.34,19.27,19.94,20.84,21.58,22.87,24.29,25.63,26.74,34.75,38.54,48.56,36.95,28.17,26.23,24.7,24.95,23.06,21.92,21.18
71050,7/11/2019,LOUISIANA.HUB,Hub,MCC,0.0,0.0,0.0,0.0,0.0,0.0,-0.25,-3.42,-1.19,-1.1,0.0,0.0,0.01,0.29,0.74,0.33,0.23,0.0,0.0,0.0,0.0,0.0,0.0,0.0
71051,7/11/2019,LOUISIANA.HUB,Hub,MLC,-0.54,-0.55,-0.51,-0.51,-0.58,-0.62,-0.67,-0.96,-0.76,-0.69,-0.28,-0.25,-0.08,0.63,1.17,1.46,0.79,0.28,-0.4,-0.48,-0.38,-0.43,-0.01,0.14
71511,7/11/2019,MICHIGAN.HUB,Hub,LMP,20.92,20.85,19.96,19.18,20.21,21.17,22.04,26.76,24.63,25.72,25.58,26.97,25.11,35.35,36.15,38.41,29.76,25.11,26.03,25.31,25.75,23.95,22.43,21.58
71512,7/11/2019,MICHIGAN.HUB,Hub,MCC,0.16,0.05,0.0,0.0,0.02,0.03,0.0,0.11,0.0,0.0,0.0,0.0,-2.86,0.53,-0.93,-8.5,-6.02,-2.63,-0.51,0.0,0.0,0.0,0.0,0.0
71513,7/11/2019,MICHIGAN.HUB,Hub,MLC,0.97,1.07,1.12,1.14,1.27,1.24,1.18,1.43,1.11,1.06,1.01,1.1,1.16,0.99,0.45,0.13,-0.16,-0.15,-0.08,0.13,0.42,0.46,0.5,0.54
77721,7/12/2019,LOUISIANA.HUB,Hub,LMP,19.79,18.76,17.81,17.53,18.18,19.42,20.15,21.38,21.94,23.07,24.57,24.72,25.25,49.72,27.28,38.3,45.33,26.98,26.57,27.65,24.69,23.01,22.32,21.76
77722,7/12/2019,LOUISIANA.HUB,Hub,MCC,0.0,0.0,0.0,0.0,0.0,0.0,0.0,-0.9,-0.21,0.0,-1.0,-1.38,0.0,0.0,0.0,0.0,1.55,0.07,0.0,-1.21,-1.61,0.0,-0.01,-0.03
77723,7/12/2019,LOUISIANA.HUB,Hub,MLC,0.16,0.16,0.15,0.13,0.01,-0.09,-0.2,-0.43,-0.42,-0.42,-0.56,-0.64,-0.7,-1.99,-0.82,-1.26,-1.66,-0.95,-1.01,-1.4,-1.17,-0.93,-0.62,-0.3
78183,7/12/2019,MICHIGAN.HUB,Hub,LMP,20.24,19.17,18.25,18.09,19.07,20.49,21.26,23.7,23.25,23.85,26.3,26.79,25.78,49.55,27.65,39.21,45.1,27.76,27.5,30.05,27.45,23.84,22.74,21.93
78184,7/12/2019,MICHIGAN.HUB,Hub,MCC,0.0,0.0,0.0,0.0,0.0,0.0,0.0,0.0,0.0,0.0,0.0,0.02,0.02,-1.33,-0.09,0.0,0.0,0.0,0.0,0.0,0.0,0.0,0.0,0.0
78185,7/12/2019,MICHIGAN.HUB,Hub,MLC,0.6,0.58,0.6,0.69,0.91,0.98,0.91,0.99,0.68,0.36,0.18,0.03,-0.18,-0.82,-0.36,-0.35,-0.34,-0.09,-0.08,-0.21,-0.02,-0.09,-0.21,-0.16
84393,7/13/2019,LOUISIANA.HUB,Hub,LMP,20.82,20.04,18.79,17.68,17.26,16.67,17.7,20.12,21.64,24.24,23.38,23.47,23.87,23.89,23.31,22.56,22.67,22.28,22.0,21.51,21.78,21.48,21.07,20.45
84394,7/13/2019,LOUISIANA.HUB,Hub,MCC,0.0,0.0,0.0,0.0,0.0,0.0,0.0,0.0,0.0,-9.91,-6.44,-6.72,-0.05,-5.5,-10.3,-82.33,-23.62,-15.82,-14.89,-21.4,-32.59,-6.23,-0.44,-0.34
84395,7/13/2019,LOUISIANA.HUB,Hub,MLC,-0.07,-0.04,0.0,-0.04,-0.09,-0.04,-0.17,-0.51,-0.7,-1.61,-1.9,-1.81,-1.37,-1.88,-2.06,-6.8,-3.1,-2.77,-2.61,-3.03,-3.25,-1.4,-1.0,-0.89
84855,7/13/2019,MICHIGAN.HUB,Hub,LMP,20.98,20.3,19.0,17.86,17.54,16.99,18.34,21.3,22.78,34.12,31.64,32.37,25.48,31.43,35.69,111.53,49.0,39.79,36.85,44.44,58.24,29.64,22.97,22.16
84856,7/13/2019,MICHIGAN.HUB,Hub,MCC,0.0,0.0,0.0,0.0,0.0,0.0,0.0,0.0,0.0,-2.02,-0.36,0.0,0.0,0.0,0.0,0.0,-0.26,-0.87,-2.42,-1.4,0.0,0.0,0.0,0.0
84857,7/13/2019,MICHIGAN.HUB,Hub,MLC,0.09,0.21,0.21,0.14,0.19,0.28,0.48,0.67,0.43,0.37,0.28,0.38,0.18,0.16,0.03,-0.16,-0.13,-0.21,-0.22,-0.1,0.62,0.53,0.46,0.48
91065,7/14/2019,LOUISIANA.HUB,Hub,LMP,19.7,19.48,19.1,18.1,16.35,16.46,18.02,20.09,21.34,23.75,22.31,21.85,22.16,22.19,22.43,22.55,22.69,23.05,23.12,22.56,23.36,22.76,21.64,20.54
91066,7/14/2019,LOUISIANA.HUB,Hub,MCC,0.0,0.0,0.0,0.0,0.0,0.0,0.0,0.0,0.0,-85.46,-1.55,-1.88,-5.53,-3.72,-17.97,-22.33,-27.82,-13.89,-12.11,-2.58,-10.63,-0.48,0.0,0.0
91067,7/14/2019,LOUISIANA.HUB,Hub,MLC,-0.56,-0.5,-0.41,-0.29,-0.15,-0.14,-0.25,-0.56,-0.65,-4.55,-0.89,-0.97,-1.04,-1.03,-1.76,-2.15,-2.39,-1.86,-1.81,-1.2,-1.52,-0.99,-0.79,-0.4
91527,7/14/2019,MICHIGAN.HUB,Hub,LMP,20.68,20.45,20.08,19.0,16.94,17.0,18.83,21.22,22.17,114.97,24.94,24.88,28.88,27.53,48.27,50.03,57.06,38.11,36.09,26.31,35.8,24.3,22.68,21.58
91528,7/14/2019,MICHIGAN.HUB,Hub,MCC,0.0,0.0,0.0,0.0,0.0,0.0,0.0,0.0,-0.16,0.0,0.0,0.0,0.0,0.54,6.17,3.08,4.08,-0.69,-0.92,0.1,0.28,0.0,0.0,0.0
91529,7/14/2019,MICHIGAN.HUB,Hub,MLC,0.42,0.47,0.57,0.6,0.44,0.41,0.56,0.58,0.34,1.22,0.18,0.18,0.16,0.05,-0.06,-0.07,0.07,0.0,-0.03,-0.13,0.0,0.06,0.26,0.64
97737,7/15/2019,LOUISIANA.HUB,Hub,LMP,19.33,18.0,16.83,17.0,18.4,19.81,22.14,21.58,30.92,23.65,24.3,25.42,25.98,25.96,26.72,26.66,31.49,25.34,24.84,24.62,24.93,24.22,22.79,21.87
97738,7/15/2019,LOUISIANA.HUB,Hub,MCC,0.0,0.0,0.0,0.0,0.0,0.0,-3.04,-1.51,-0.13,-0.68,-0.06,-0.88,-9.81,-2.04,-0.41,-0.65,-0.23,0.0,0.0,0.0,0.0,0.0,0.0,0.0
97739,7/15/2019,LOUISIANA.HUB,Hub,MLC,-0.17,-0.07,0.04,0.03,-0.06,-0.18,-0.5,-0.57,-0.96,-0.96,-0.94,-1.18,-1.79,-1.41,-1.06,-1.02,-1.02,-0.57,-0.49,-0.58,-0.65,-0.69,-0.58,-0.49
98199,7/15/2019,MICHIGAN.HUB,Hub,LMP,19.98,18.47,17.26,17.49,19.09,20.76,26.78,24.46,33.11,25.98,28.9,32.43,36.87,29.36,28.32,28.26,35.48,27.47,29.41,26.59,27.0,25.12,23.7,22.79
98200,7/15/2019,MICHIGAN.HUB,Hub,MCC,0.0,0.0,0.0,0.0,0.0,0.0,0.0,0.0,0.0,0.0,2.95,4.36,-1.47,-0.78,-0.87,-1.27,1.57,0.81,3.52,1.04,1.26,0.0,0.0,0.0
98201,7/15/2019,MICHIGAN.HUB,Hub,MLC,0.49,0.4,0.48,0.51,0.62,0.77,1.11,0.8,1.1,0.7,0.64,0.59,0.76,0.72,1.01,1.22,1.17,0.75,0.57,0.35,0.16,0.22,0.33,0.43
104409,7/16/2019,LOUISIANA.HUB,Hub,LMP,20.72,20.15,19.65,19.61,20.33,21.13,21.89,22.03,22.43,22.97,24.44,25.74,27.09,61.47,39.47,32.5,28.7,98.03,27.23,24.47,25.29,25.07,23.42,21.79
104410,7/16/2019,LOUISIANA.HUB,Hub,MCC,0.0,0.0,0.0,0.0,0.0,0.0,-0.17,-0.29,0.0,0.0,0.0,-1.55,-2.46,-10.21,-1.29,-2.43,-4.83,-5.92,-4.73,-4.71,-0.18,-1.01,-0.84,-1.04
104411,7/16/2019,LOUISIANA.HUB,Hub,MLC,-0.24,-0.06,-0.06,-0.08,-0.15,-0.15,-0.4,-0.47,-0.35,-0.22,-0.2,-0.2,-0.34,-0.9,-0.31,-0.3,-0.27,-1.66,-0.83,-0.89,-0.73,-0.83,-0.88,-0.81
104871,7/16/2019,MICHIGAN.HUB,Hub,LMP,21.31,20.48,20.07,20.1,20.94,21.83,23.11,23.55,23.39,24.65,25.08,30.16,29.88,69.73,39.9,36.11,32.38,97.1,30.93,28.34,25.7,26.65,29.02,24.95
104872,7/16/2019,MICHIGAN.HUB,Hub,MCC,0.0,0.0,0.0,0.0,0.0,0.0,0.0,0.0,0.0,0.88,0.13,2.46,-0.18,-2.92,-1.21,0.96,-1.17,-7.63,-1.44,-1.21,-0.14,-0.03,3.73,1.09
104873,7/16/2019,MICHIGAN.HUB,Hub,MLC,0.35,0.27,0.36,0.4,0.46,0.56,0.65,0.76,0.61,0.59,0.31,0.21,0.17,0.05,0.04,-0.07,-0.26,-0.88,-0.42,-0.52,-0.36,-0.24,0.16,0.22
111081,7/17/2019,LOUISIANA.HUB,Hub,LMP,20.13,19.77,19.48,18.97,18.61,19.59,20.0,20.54,21.28,21.75,23.47,28.15,25.56,30.72,39.29,33.94,32.53,35.99,39.23,26.61,24.71,23.21,22.45,20.63
111082,7/17/2019,LOUISIANA.HUB,Hub,MCC,0.0,0.0,0.0,0.0,-0.71,-0.64,-0.83,-1.87,-0.54,-0.25,-1.25,-70.61,-2.66,0.02,0.03,0.04,0.02,0.03,0.01,-2.74,-2.54,0.0,0.0,0.0
111083,7/17/2019,LOUISIANA.HUB,Hub,MLC,-0.54,-0.45,-0.46,-0.63,-0.72,-0.75,-0.78,-0.83,-0.8,-0.82,-0.74,-2.37,-0.73,-0.69,-0.64,-0.39,-0.4,-0.63,-0.99,-1.06,-0.81,-0.68,-0.58,-0.42
111543,7/17/2019,MICHIGAN.HUB,Hub,LMP,20.9,20.61,20.45,20.18,20.78,21.79,22.3,23.86,23.05,23.12,25.8,102.91,29.65,34.03,46.58,43.49,40.95,39.75,49.66,33.54,28.3,24.51,25.6,27.96
111544,7/17/2019,MICHIGAN.HUB,Hub,MCC,0.0,0.0,0.0,0.0,0.0,0.0,0.0,0.0,0.0,0.0,0.0,0.0,0.0,1.8,5.5,8.25,7.06,2.29,8.69,2.77,0.0,0.41,2.16,6.42
111545,7/17/2019,MICHIGAN.HUB,Hub,MLC,0.23,0.39,0.52,0.58,0.75,0.8,0.69,0.62,0.43,0.3,0.34,1.78,0.71,0.84,1.18,0.95,0.99,0.87,0.75,0.36,0.24,0.21,0.41,0.48
117753,7/18/2019,LOUISIANA.HUB,Hub,LMP,19.45,18.7,17.58,16.52,17.58,18.92,20.11,19.97,20.32,21.9,22.7,23.33,23.53,25.24,24.1,24.84,24.72,24.57,24.85,24.34,23.53,23.2,22.54,21.52
117754,7/18/2019,LOUISIANA.HUB,Hub,MCC,0.0,0.0,0.0,0.0,0.0,0.0,-0.01,0.0,0.0,0.0,0.0,0.0,0.0,0.0,0.0,0.0,0.0,0.0,0.0,0.0,-1.21,-0.58,0.0,0.0
117755,7/18/2019,LOUISIANA.HUB,Hub,MLC,-0.22,-0.19,-0.3,-0.34,-0.49,-0.54,-0.76,-0.73,-0.47,-0.32,-0.16,-0.08,-0.07,0.08,0.11,0.13,0.08,-0.02,-0.34,-0.7,-0.65,-0.56,-0.66,-0.41
118215,7/18/2019,MICHIGAN.HUB,Hub,LMP,23.82,19.4,18.32,17.31,18.75,21.37,22.82,21.43,21.49,22.77,23.28,23.74,23.81,25.19,24.22,25.03,24.95,24.84,25.4,24.93,25.38,24.31,22.24,22.36
118216,7/18/2019,MICHIGAN.HUB,Hub,MCC,3.58,0.0,0.0,0.0,0.09,1.16,1.19,0.01,0.0,0.0,0.0,-0.01,-0.07,-0.15,-0.02,0.0,0.0,0.0,0.0,-0.18,-0.06,0.0,-1.03,0.0
118217,7/18/2019,MICHIGAN.HUB,Hub,MLC,0.57,0.51,0.44,0.46,0.59,0.76,0.76,0.72,0.7,0.56,0.42,0.34,0.27,0.18,0.25,0.32,0.31,0.26,0.21,0.07,0.04,-0.03,0.07,0.44
124425,7/19/2019,LOUISIANA.HUB,Hub,LMP,19.44,19.11,18.31,18.55,17.93,19.43,19.45,20.22,21.36,22.38,23.1,23.76,23.73,24.22,24.28,24.57,24.86,20.05,23.63,23.67,23.57,23.31,22.78,21.64
124426,7/19/2019,LOUISIANA.HUB,Hub,MCC,0.0,0.0,0.0,0.0,-1.3,-0.77,-1.87,-0.09,-0.75,-0.05,0.0,0.0,0.0,0.0,0.0,0.0,0.0,-5.4,0.0,0.0,0.0,0.0,0.0,0.0
124427,7/19/2019,LOUISIANA.HUB,Hub,MLC,-0.27,-0.34,-0.52,-0.7,-0.77,-0.88,-0.96,-0.88,-0.87,-0.8,-0.69,-0.6,-0.48,-0.52,-0.36,-0.43,-0.66,-0.7,-0.6,-0.65,-0.72,-0.79,-0.8,-0.76
124887,7/19/2019,MICHIGAN.HUB,Hub,LMP,20.23,19.98,19.29,19.75,20.75,21.81,23.14,21.82,23.75,24.57,27.13,25.48,25.04,25.42,25.24,26.12,26.83,26.94,25.59,27.93,24.5,24.35,24.04,22.98
124888,7/19/2019,MICHIGAN.HUB,Hub,MCC,0.0,0.0,0.0,0.0,0.05,0.03,0.05,0.0,0.0,0.32,2.55,0.32,0.0,0.0,0.0,0.5,0.68,0.19,0.91,3.35,0.0,0.0,0.0,0.0
124889,7/19/2019,MICHIGAN.HUB,Hub,MLC,0.52,0.53,0.46,0.5,0.7,0.71,0.82,0.62,0.78,1.02,0.78,0.81,0.82,0.69,0.6,0.61,0.64,0.6,0.46,0.25,0.21,0.26,0.46,0.57
131097,7/20/2019,LOUISIANA.HUB,Hub,LMP,20.89,20.09,19.28,18.22,17.3,17.18,17.65,18.84,20.4,21.82,23.53,25.35,24.56,24.09,25.68,25.8,24.57,22.8,22.28,22.05,22.12,21.57,21.08,20.57
131098,7/20/2019,LOUISIANA.HUB,Hub,MCC,-0.04,0.0,0.0,0.0,0.0,0.0,0.0,0.0,0.0,0.0,-0.4,0.0,0.0,0.0,0.0,0.32,0.31,0.0,0.0,0.85,0.01,0.0,0.0,0.0
131099,7/20/2019,LOUISIANA.HUB,Hub,MLC,-0.62,-0.54,-0.5,-0.55,-0.56,-0.6,-0.61,-0.7,-0.74,-0.54,-0.42,-0.49,-0.36,-0.35,-0.36,-0.66,-0.82,-0.67,-0.6,-0.52,-0.54,-0.48,-0.3,-0.19
131559,7/20/2019,MICHIGAN.HUB,Hub,LMP,22.19,21.12,20.16,19.2,18.31,18.57,19.51,20.62,22.04,23.16,25.09,26.47,25.6,25.15,27.73,28.22,26.34,24.25,23.37,17.95,23.06,22.62,21.98,21.52
131560,7/20/2019,MICHIGAN.HUB,Hub,MCC,0.0,0.0,0.0,0.0,0.0,0.35,0.62,0.37,0.09,0.0,0.0,0.0,0.0,0.0,0.8,1.07,0.33,0.01,0.0,-4.08,-0.06,0.0,0.0,0.0
131561,7/20/2019,MICHIGAN.HUB,Hub,MLC,0.63,0.5,0.38,0.42,0.44,0.44,0.63,0.72,0.8,0.81,0.74,0.63,0.68,0.71,0.89,1.01,0.94,0.78,0.49,0.3,0.48,0.58,0.6,0.77
137769,7/21/2019,LOUISIANA.HUB,Hub,LMP,19.62,19.27,17.95,17.52,16.71,16.73,17.68,19.11,20.08,21.42,22.33,23.76,27.73,24.06,23.03,24.02,26.55,26.75,23.7,22.86,22.11,21.55,20.55,19.66
137770,7/21/2019,LOUISIANA.HUB,Hub,MCC,0.0,0.0,0.0,0.0,0.0,0.0,-0.04,-0.33,-0.03,-0.28,-0.02,-0.04,2.84,1.23,0.11,0.37,0.8,0.74,0.19,-0.04,0.0,0.0,0.0,0.0
137771,7/21/2019,LOUISIANA.HUB,Hub,MLC,-0.2,-0.27,-0.25,-0.27,-0.22,-0.24,-0.31,-0.46,-0.52,-0.51,-0.41,-0.45,-0.43,-0.4,-0.54,-0.7,-0.87,-1.01,-0.84,-0.8,-0.6,-0.56,-0.33,-0.26
138231,7/21/2019,MICHIGAN.HUB,Hub,LMP,20.69,20.42,18.97,18.64,17.71,17.7,18.88,20.82,21.37,22.88,23.48,25.05,17.38,20.49,24.34,25.39,27.76,28.11,25.09,24.36,23.36,22.7,21.5,20.67
138232,7/21/2019,MICHIGAN.HUB,Hub,MCC,0.0,0.0,0.0,0.0,0.0,0.0,0.0,0.0,0.0,0.0,0.0,0.0,-8.7,-3.46,0.0,0.01,0.01,0.0,0.0,0.0,0.0,0.0,0.0,0.0
138233,7/21/2019,MICHIGAN.HUB,Hub,MLC,0.87,0.88,0.77,0.86,0.77,0.72,0.85,0.92,0.74,0.67,0.71,0.79,0.76,0.74,0.87,1.03,1.13,1.08,0.74,0.66,0.65,0.6,0.62,0.75
144441,7/22/2019,LOUISIANA.HUB,Hub,LMP,18.75,16.52,15.72,15.54,17.18,19.3,19.86,20.63,21.37,21.9,22.17,22.82,22.99,23.73,24.13,24.28,26.89,24.21,23.83,23.31,22.71,22.11,20.69,18.93
144442,7/22/2019,LOUISIANA.HUB,Hub,MCC,0.0,0.0,0.0,0.0,0.0,0.0,0.0,0.0,0.0,0.0,0.0,0.0,0.0,0.0,0.0,0.0,2.02,0.0,0.0,0.0,0.0,0.0,0.0,0.0
144443,7/22/2019,LOUISIANA.HUB,Hub,MLC,-0.22,-0.1,-0.12,-0.14,-0.14,-0.06,-0.06,-0.2,-0.17,0.01,0.27,0.34,0.51,0.57,0.52,0.61,0.55,0.41,0.23,0.12,0.23,0.2,0.34,0.42
144903,7/22/2019,MICHIGAN.HUB,Hub,LMP,19.83,17.35,16.52,16.44,18.3,20.61,21.15,21.88,22.43,22.9,22.95,23.51,23.29,23.94,24.4,24.48,18.45,24.38,24.17,23.66,22.93,22.45,20.67,18.77
144904,7/22/2019,MICHIGAN.HUB,Hub,MCC,0.0,0.0,0.0,0.0,0.0,0.0,0.0,0.0,0.0,0.0,0.0,0.0,0.0,0.0,0.0,0.0,-6.61,0.0,0.0,0.0,0.0,0.0,0.0,0.0
144905,7/22/2019,MICHIGAN.HUB,Hub,MLC,0.86,0.74,0.68,0.76,0.99,1.25,1.23,1.05,0.89,1.01,1.05,1.02,0.81,0.78,0.79,0.81,0.74,0.58,0.56,0.47,0.45,0.54,0.32,0.26
151113,7/23/2019,LOUISIANA.HUB,Hub,LMP,17.36,16.43,15.49,14.98,16.11,17.45,19.62,19.9,20.66,20.98,21.3,21.88,22.4,23.54,24.07,26.49,24.65,24.54,25.46,21.74,22.11,21.31,20.34,18.17
151114,7/23/2019,LOUISIANA.HUB,Hub,MCC,0.0,0.0,0.0,0.0,0.0,0.0,0.0,0.0,0.0,0.0,0.0,0.0,0.0,-1.37,0.0,0.0,0.0,0.0,-2.82,0.0,0.0,0.0,0.0,0.0
151115,7/23/2019,LOUISIANA.HUB,Hub,MLC,0.42,0.37,0.33,0.32,0.25,0.17,0.02,-0.28,-0.41,-0.28,-0.27,-0.27,-0.23,-0.56,-0.56,-0.7,-0.81,-0.91,-1.28,-0.77,-0.7,-0.67,-0.41,-0.21
151575,7/23/2019,MICHIGAN.HUB,Hub,LMP,17.14,16.27,15.39,14.92,16.26,17.81,20.44,21.0,21.82,21.83,22.08,22.75,23.28,26.21,25.19,27.54,25.67,25.49,29.77,22.51,23.16,22.51,21.28,18.98
151576,7/23/2019,MICHIGAN.HUB,Hub,MCC,0.0,0.0,0.0,0.0,0.0,0.0,0.0,0.0,0.0,0.0,0.0,0.0,0.0,0.0,0.0,0.0,0.0,0.0,0.0,0.0,0.0,0.0,0.0,0.0
151577,7/23/2019,MICHIGAN.HUB,Hub,MLC,0.21,0.21,0.23,0.26,0.4,0.54,0.83,0.82,0.74,0.57,0.51,0.61,0.65,0.74,0.55,0.35,0.21,0.04,0.21,0.0,0.35,0.52,0.54,0.61
157785,7/24/2019,LOUISIANA.HUB,Hub,LMP,16.93,15.91,15.38,15.17,16.18,17.47,19.03,19.31,20.05,21.1,22.29,24.11,28.71,35.35,28.73,33.03,42.52,28.26,32.29,23.61,22.94,21.3,19.55,18.42
157786,7/24/2019,LOUISIANA.HUB,Hub,MCC,0.0,0.0,0.0,0.0,-0.06,0.0,-0.32,-0.08,-2.09,-0.45,-1.24,-20.51,0.0,0.0,0.0,0.0,0.0,0.0,0.0,0.0,-3.45,0.0,0.0,0.0
157787,7/24/2019,LOUISIANA.HUB,Hub,MLC,-0.15,-0.18,-0.21,-0.24,-0.4,-0.47,-0.49,-0.63,-0.94,-0.79,-0.8,-1.5,-0.84,-0.98,-0.62,-0.57,-0.81,-0.71,-0.98,-0.87,-0.9,-0.62,-0.27,-0.32
158247,7/24/2019,MICHIGAN.HUB,Hub,LMP,17.68,16.48,15.99,15.86,17.29,18.79,20.95,20.81,26.54,23.76,25.07,47.4,30.37,37.16,29.81,34.22,43.98,29.36,33.97,24.94,28.09,22.55,20.66,19.91
158248,7/24/2019,MICHIGAN.HUB,Hub,MCC,0.0,0.0,0.0,0.0,0.0,0.0,0.0,0.0,2.68,0.67,0.0,0.0,0.0,0.0,0.0,0.0,0.0,0.0,0.0,0.0,0.0,0.0,0.0,0.0
158249,7/24/2019,MICHIGAN.HUB,Hub,MLC,0.6,0.39,0.4,0.46,0.65,0.85,1.12,0.8,0.77,0.75,0.74,1.28,0.82,0.83,0.47,0.62,0.66,0.4,0.7,0.46,0.8,0.64,0.84,1.17
164457,7/25/2019,LOUISIANA.HUB,Hub,LMP,16.01,14.22,12.53,13.0,13.43,15.17,16.08,16.87,19.34,22.69,25.96,22.45,24.66,24.63,26.3,45.13,52.54,29.28,25.57,24.11,26.01,21.18,19.08,18.7
164458,7/25/2019,LOUISIANA.HUB,Hub,MCC,0.0,0.0,0.0,0.0,0.0,-0.67,-5.29,-4.01,-1.88,-15.21,-11.69,-12.43,-6.87,-1.4,-2.96,0.0,0.0,0.0,-0.49,-5.72,-1.03,0.0,0.0,0.0
164459,7/25/2019,LOUISIANA.HUB,Hub,MLC,-0.29,-0.13,-0.08,-0.16,-0.22,-0.37,-0.48,-0.65,-0.67,-1.39,-1.69,-1.56,-1.15,-0.84,-0.96,-1.21,-1.45,-0.95,-1.0,-1.22,-1.06,-0.77,-0.36,-0.13
164919,7/25/2019,MICHIGAN.HUB,Hub,LMP,17.51,15.4,13.52,14.15,14.71,17.54,24.56,23.75,23.37,41.97,41.77,38.55,34.75,28.47,34.62,55.22,64.76,32.92,28.76,32.87,29.89,23.2,20.59,20.2
164920,7/25/2019,MICHIGAN.HUB,Hub,MCC,0.0,0.0,0.0,0.0,0.0,0.0,0.7,0.43,0.0,0.0,0.0,0.0,0.0,0.0,2.32,5.55,6.97,0.59,0.0,0.0,0.0,0.0,0.0,0.0
164921,7/25/2019,MICHIGAN.HUB,Hub,MLC,1.21,1.05,0.91,0.99,1.07,1.32,2.02,1.79,1.48,2.68,2.43,2.11,2.08,1.59,2.07,3.33,3.8,2.1,1.7,1.82,1.79,1.26,1.14,1.37
171129,7/26/2019,LOUISIANA.HUB,Hub,LMP,16.62,15.54,14.42,13.75,14.77,17.63,19.38,19.93,21.69,21.11,22.48,23.6,34.51,26.73,27.1,31.11,47.75,28.39,24.68,24.13,22.99,21.69,20.68,20.0
171130,7/26/2019,LOUISIANA.HUB,Hub,MCC,0.0,0.0,0.0,0.0,0.0,-0.01,-0.08,-0.19,-6.53,-0.22,-0.11,0.0,0.0,0.0,0.0,0.0,2.0,0.09,0.0,0.0,0.0,0.0,0.0,0.0
171131,7/26/2019,LOUISIANA.HUB,Hub,MLC,-0.13,-0.06,-0.07,-0.09,-0.15,-0.39,-0.49,-0.67,-0.98,-0.28,-0.18,-0.01,0.05,0.11,0.4,0.56,0.87,0.34,0.17,-0.06,-0.07,0.01,0.24,0.37
171591,7/26/2019,MICHIGAN.HUB,Hub,LMP,17.98,16.72,15.45,14.75,15.99,19.43,21.43,22.02,32.54,23.0,24.41,25.24,36.63,28.23,28.08,32.18,47.32,29.31,25.58,26.1,24.06,22.49,21.14,20.41
171592,7/26/2019,MICHIGAN.HUB,Hub,MCC,0.0,0.0,0.0,0.0,0.0,0.0,0.0,0.0,1.54,0.08,0.05,0.0,0.0,0.0,0.0,0.0,0.0,0.0,0.0,0.94,0.0,0.0,0.0,0.0
171593,7/26/2019,MICHIGAN.HUB,Hub,MLC,1.23,1.12,0.96,0.91,1.07,1.41,1.48,1.23,1.8,1.31,1.59,1.63,2.17,1.6,1.38,1.64,2.43,1.35,1.07,0.98,1.0,0.81,0.7,0.77
177801,7/27/2019,LOUISIANA.HUB,Hub,LMP,17.34,16.89,15.6,15.03,14.48,14.98,16.1,19.41,20.57,21.62,23.3,23.92,25.7,27.64,30.05,35.26,59.89,48.2,39.42,26.53,25.3,22.96,21.27,20.26
177802,7/27/2019,LOUISIANA.HUB,Hub,MCC,0.0,0.0,0.0,0.0,0.0,0.0,-0.45,-0.1,-7.23,-5.06,0.0,0.0,0.0,0.0,0.0,0.0,0.0,0.0,0.0,0.0,0.0,0.0,0.0,0.0
177803,7/27/2019,LOUISIANA.HUB,Hub,MLC,0.36,0.33,0.22,0.11,0.12,0.08,-0.1,-0.31,-0.59,-0.29,-0.25,-0.22,-0.12,-0.2,-0.21,-0.24,-0.27,-0.22,-0.39,-0.45,-0.42,-0.41,-0.22,0.06
178263,7/27/2019,MICHIGAN.HUB,Hub,LMP,17.87,17.36,16.06,15.5,14.9,15.39,17.5,20.67,32.04,29.52,24.02,24.69,26.33,28.36,36.88,39.49,63.4,50.3,40.14,27.28,26.26,24.2,22.22,20.89
178264,7/27/2019,MICHIGAN.HUB,Hub,MCC,0.0,0.0,0.0,0.0,0.0,0.0,0.18,0.04,2.82,1.95,0.0,0.0,0.0,0.0,6.07,3.33,2.2,1.33,0.21,0.0,0.07,0.12,0.0,0.0
178265,7/27/2019,MICHIGAN.HUB,Hub,MLC,0.88,0.81,0.67,0.58,0.54,0.49,0.67,0.82,0.83,0.6,0.47,0.55,0.52,0.53,0.56,0.67,1.04,0.55,0.12,0.3,0.47,0.71,0.73,0.69
184473,7/28/2019,LOUISIANA.HUB,Hub,LMP,18.49,17.68,16.18,15.18,15.17,14.53,14.29,15.78,21.6,22.91,28.4,24.61,23.98,26.6,26.53,27.9,33.69,73.07,25.17,34.45,23.78,21.48,19.98,19.66
184474,7/28/2019,LOUISIANA.HUB,Hub,MCC,0.0,0.0,0.0,0.0,0.0,0.0,-1.39,-10.79,-3.16,-1.87,-4.42,-1.34,-4.74,-2.46,-5.06,-1.45,-16.57,-77.1,-3.51,-22.47,-27.03,0.0,0.0,0.0
184475,7/28/2019,LOUISIANA.HUB,Hub,MLC,0.05,0.06,0.0,0.01,-0.1,-0.09,-0.14,-0.19,-0.43,-0.52,-0.91,-0.77,-0.71,-0.64,-0.73,-0.7,-1.22,-4.3,-0.83,-1.91,-1.95,-0.59,-0.23,-0.11
184935,7/28/2019,MICHIGAN.HUB,Hub,LMP,19.24,18.59,17.15,16.06,16.13,15.46,17.45,32.67,27.9,27.48,35.73,29.48,31.52,31.84,36.72,34.01,60.07,191.81,31.36,70.69,55.5,22.97,21.03,20.77
184936,7/28/2019,MICHIGAN.HUB,Hub,MCC,0.0,0.0,0.0,0.0,0.0,0.0,0.55,4.16,1.23,0.73,0.0,1.14,0.34,0.33,2.39,2.23,5.69,28.38,0.32,9.14,0.89,0.16,0.01,0.0
184937,7/28/2019,MICHIGAN.HUB,Hub,MLC,0.8,0.97,0.97,0.89,0.87,0.85,1.08,1.75,1.48,1.44,2.0,1.62,1.75,1.81,2.02,1.73,2.91,8.96,1.53,2.72,1.86,0.75,0.81,1.0
191145,7/29/2019,LOUISIANA.HUB,Hub,LMP,19.24,18.58,17.66,18.31,18.51,18.37,19.34,20.36,20.89,22.98,37.01,27.95,28.56,29.56,27.49,24.07,24.08,23.94,22.19,23.22,21.35,8.88,18.19,18.61
191146,7/29/2019,LOUISIANA.HUB,Hub,MCC,0.0,0.0,0.0,0.0,-1.01,-4.05,-8.44,-12.44,-3.7,-5.82,0.0,-0.05,-0.25,0.0,0.0,0.0,0.0,0.0,-2.11,-1.93,-11.24,-14.68,-2.98,-1.68
191147,7/29/2019,LOUISIANA.HUB,Hub,MLC,-0.17,-0.14,-0.15,-0.28,-0.46,-0.55,-0.84,-1.13,-0.8,-0.96,-0.94,-0.5,-0.01,0.19,0.18,0.19,-0.03,-0.28,-0.31,-0.55,-0.41,-0.37,-0.04,-0.14
191607,7/29/2019,MICHIGAN.HUB,Hub,LMP,20.59,19.89,18.88,19.67,21.16,24.09,29.86,35.58,27.12,31.08,41.11,33.7,32.58,32.56,29.51,24.79,24.66,25.05,25.08,26.2,33.87,24.72,21.85,21.25
191608,7/29/2019,MICHIGAN.HUB,Hub,MCC,0.0,0.0,0.0,0.0,0.0,0.0,0.0,0.23,0.81,0.0,1.25,3.75,2.19,1.6,1.07,0.1,0.01,0.37,0.0,0.0,0.0,0.0,0.0,0.0
191609,7/29/2019,MICHIGAN.HUB,Hub,MLC,1.18,1.17,1.07,1.07,1.17,1.12,1.24,1.43,0.91,1.33,1.9,1.46,1.58,1.59,1.14,0.82,0.54,0.45,0.47,0.51,0.88,0.79,0.63,0.82
197817,7/30/2019,LOUISIANA.HUB,Hub,LMP,11.75,16.89,15.3,14.54,14.72,15.4,17.82,18.96,19.47,20.21,21.43,22.59,21.35,21.5,27.21,21.78,21.62,21.84,23.19,23.6,20.95,22.16,19.46,18.31
197818,7/30/2019,LOUISIANA.HUB,Hub,MCC,-9.21,-2.35,-3.66,-3.95,-4.63,-6.36,-3.49,-5.66,-5.25,-15.26,-45.46,-64.92,-7.79,-10.68,-198.19,-11.83,-10.22,-17.21,-51.89,-128.48,-5.74,-113.06,-0.69,-1.64
197819,7/30/2019,LOUISIANA.HUB,Hub,MLC,-0.2,-0.3,-0.28,-0.31,-0.39,-0.43,-0.44,-0.62,-0.65,-0.79,-1.63,-1.72,-0.62,-0.84,-5.85,-0.7,-0.7,-0.98,-1.93,-4.37,-0.6,-3.11,-0.25,-0.35
198279,7/30/2019,MICHIGAN.HUB,Hub,LMP,22.09,20.51,20.28,19.89,20.93,23.56,22.98,26.59,26.56,40.8,78.45,94.83,31.6,35.07,284.1,37.33,34.07,41.9,80.06,162.61,28.51,144.45,21.18,21.23
198280,7/30/2019,MICHIGAN.HUB,Hub,MCC,0.0,0.0,0.0,0.0,0.0,0.08,0.05,0,0.0,2.63,6.03,0.13,0.03,0.04,39.56,1.19,0.0,0.0,0.0,0.0,0.0,0.0,0.0,0.0
198281,7/30/2019,MICHIGAN.HUB,Hub,MLC,0.93,0.97,1.04,1.09,1.2,1.29,1.18,1.34,1.2,1.91,3.91,5.47,1.81,2.0,13.29,1.84,1.54,1.87,3.06,6.17,1.22,6.12,0.77,0.93
204489,7/31/2019,LOUISIANA.HUB,Hub,LMP,16.6,15.82,14.87,16.53,15.08,14.21,14.5,14.97,17.81,20.15,21.25,21.62,22.54,33.55,24.7,27.81,38.28,26.84,27.33,24.1,22.98,21.77,20.85,19.93
204490,7/31/2019,LOUISIANA.HUB,Hub,MCC,-1.79,-2.48,-1.79,-63.74,-52.95,-2.35,-4.62,-5.46,-3.17,-0.78,-1.84,-6.61,-5.69,-63.48,0.0,0.0,0.0,0.0,0.0,0.0,0.0,0.0,0.0,0.0
204491,7/31/2019,LOUISIANA.HUB,Hub,MLC,-0.38,-0.36,-0.31,-1.78,-1.97,-0.48,-0.46,-0.52,-0.52,-0.5,-0.52,-0.37,-0.25,-0.78,0.11,0.31,0.64,0.32,0.02,-0.18,-0.3,-0.34,-0.17,-0.15
204951,7/31/2019,MICHIGAN.HUB,Hub,LMP,19.72,19.75,17.98,336.62,306.23,21.51,20.83,21.82,22.22,22.3,24.79,30.02,29.86,102.58,25.48,28.45,38.83,27.33,28.22,25.14,24.2,22.97,21.74,20.89
204952,7/31/2019,MICHIGAN.HUB,Hub,MCC,0.0,0.0,0.0,249.74,233.32,3.78,0.36,0,0.0,0.0,0.0,0.0,0.0,0.0,0.0,0.0,0.0,0.0,0.02,0.06,0.01,0.02,0.0,0.0
204953,7/31/2019,MICHIGAN.HUB,Hub,MLC,0.95,1.09,1.02,4.83,2.9,0.7,0.9,0.87,0.72,0.87,1.18,1.43,1.37,4.76,0.88,0.95,1.19,0.81,0.89,0.81,0.92,0.84,0.72,0.81
211161,8/1/2019,LOUISIANA.HUB,Hub,LMP,17.8,16.37,15.8,15.48,15.76,17.49,18.77,18.98,19.93,21.0,21.82,22.66,23.32,25.53,33.33,60.42,88.43,27.68,24.43,23.61,22.98,21.56,20.94,19.12
211162,8/1/2019,LOUISIANA.HUB,Hub,MCC,0.0,0.0,0.0,0.0,0.0,0.0,0.0,0,-1.29,-0.01,0.0,0.0,0.0,-0.41,0.07,1.32,1.02,-7.27,-5.47,-2.75,0.0,0.0,0.0,0.0
211163,8/1/2019,LOUISIANA.HUB,Hub,MLC,-0.03,0.07,0.02,0.02,-0.05,-0.18,-0.26,-0.35,-0.43,-0.21,-0.23,-0.02,0.03,0.13,0.34,0.72,0.68,0.03,-0.17,-0.21,-0.2,-0.16,-0.06,0.1
211623,8/1/2019,MICHIGAN.HUB,Hub,LMP,18.58,17.0,16.39,16.09,16.51,18.52,20.02,20.13,22.41,21.94,22.78,23.35,23.94,26.64,33.85,59.99,89.28,35.79,30.64,27.06,23.81,22.45,21.75,19.73
211624,8/1/2019,MICHIGAN.HUB,Hub,MCC,0.0,0.0,0.0,0.0,0.0,0.0,0.0,0,0.0,0.0,0.0,0.01,0.0,0.1,0.0,0.0,0.0,0.0,0.0,0.0,0.0,0.01,0.04,0.0
211625,8/1/2019,MICHIGAN.HUB,Hub,MLC,0.74,0.7,0.62,0.63,0.71,0.84,0.99,0.81,0.76,0.72,0.73,0.67,0.65,0.73,0.93,1.61,2.56,0.87,0.57,0.49,0.62,0.72,0.71,0.71
217833,8/2/2019,LOUISIANA.HUB,Hub,LMP,18.87,17.14,16.61,16.23,16.67,18.64,18.52,19.18,20.74,22.39,23.43,24.02,25.01,31.16,41.81,103.81,32.7,25.93,24.19,24.2,23.87,22.61,21.94,21.41
217834,8/2/2019,LOUISIANA.HUB,Hub,MCC,0.0,0.0,0.0,0.0,-0.02,-1.13,-1.49,-0.78,-0.64,-0.03,0.0,0.0,0.07,0.92,2.09,8.05,1.14,0.24,0.01,0.02,0.0,0.0,0.0,0.0
217835,8/2/2019,LOUISIANA.HUB,Hub,MLC,0.04,0.13,0.01,-0.09,-0.24,-0.39,-0.4,-0.46,-0.38,-0.09,-0.13,0.1,0.22,0.36,0.79,1.99,0.43,0.0,-0.11,-0.11,-0.04,0.12,0.43,0.59
218295,8/2/2019,MICHIGAN.HUB,Hub,LMP,19.66,17.68,17.17,16.86,17.54,20.97,21.21,21.13,22.3,23.07,24.16,24.4,25.09,30.43,39.74,95.91,31.91,26.26,24.74,24.77,24.54,23.07,21.99,21.73
218296,8/2/2019,MICHIGAN.HUB,Hub,MCC,0.0,0.0,0.0,0.0,0.0,0.0,0.0,0.16,0.06,0.01,0.0,0.0,0.0,0.0,0.0,0.0,0.0,0.0,0.0,0.0,0.0,0.0,0.0,0.16
218297,8/2/2019,MICHIGAN.HUB,Hub,MLC,0.83,0.67,0.57,0.55,0.61,0.81,0.8,0.55,0.49,0.56,0.6,0.49,0.37,0.55,0.82,2.14,0.78,0.58,0.45,0.48,0.63,0.58,0.48,0.75
224505,8/3/2019,LOUISIANA.HUB,Hub,LMP,19.08,18.28,17.6,17.11,16.55,16.48,16.41,18.51,20.56,20.52,21.58,23.36,26.48,27.25,27.23,32.62,38.86,35.32,30.1,24.63,23.07,23.1,20.13,19.12
224506,8/3/2019,LOUISIANA.HUB,Hub,MCC,0.0,0.0,-0.13,-0.05,-0.48,-0.85,-2.63,-2.31,-0.69,-2.62,-4.42,-13.37,-2.25,-0.18,-1.27,-5.46,-0.12,0.88,0.46,-0.08,-3.26,-44.34,-0.04,-0.69
224507,8/3/2019,LOUISIANA.HUB,Hub,MLC,0.38,0.22,0.12,0.04,-0.01,-0.03,-0.05,-0.08,-0.13,-0.2,-0.26,-0.03,0.29,0.41,0.4,0.46,0.45,0.49,0.46,0.14,0.03,-0.42,-0.02,-0.07
224967,8/3/2019,MICHIGAN.HUB,Hub,LMP,19.26,18.45,18.0,17.5,17.47,17.73,19.6,21.61,22.05,23.75,26.76,37.66,29.02,27.63,28.77,38.6,39.47,34.71,31.66,24.84,26.87,69.52,20.55,20.44
224968,8/3/2019,MICHIGAN.HUB,Hub,MCC,0.0,0.0,0.0,0.0,0.0,0.0,0.0,0.01,0.12,0.0,0.05,0.0,0.0,0.0,0.0,0.0,0.0,0.02,2.07,0.0,0.0,0.0,0.0,0.02
224969,8/3/2019,MICHIGAN.HUB,Hub,MLC,0.56,0.39,0.39,0.39,0.42,0.36,0.52,0.71,0.54,0.41,0.45,0.9,0.59,0.61,0.67,0.97,0.92,0.74,0.41,0.27,0.57,1.66,0.35,0.55
231177,8/4/2019,LOUISIANA.HUB,Hub,LMP,17.82,16.88,15.64,15.11,15.03,15.01,14.92,16.6,19.44,20.61,21.65,22.45,23.37,24.7,25.0,24.93,23.97,24.08,22.98,22.14,21.7,21.22,20.31,18.93
231178,8/4/2019,LOUISIANA.HUB,Hub,MCC,-0.17,0.0,0.0,0.0,0.0,0.0,-0.55,-2.34,-0.79,-0.23,-0.08,-0.26,-0.44,-0.92,-1.26,-3.08,-5.6,-10.08,-5.02,-4.41,-4.24,-1.68,-0.02,-0.14
231179,8/4/2019,LOUISIANA.HUB,Hub,MLC,0.04,0.02,0.05,0.06,0.07,0.06,0.02,-0.02,0.04,0.07,0.13,0.22,0.33,0.43,0.31,0.11,-0.13,-0.43,-0.4,-0.32,-0.25,-0.21,-0.1,-0.09
231639,8/4/2019,MICHIGAN.HUB,Hub,LMP,18.61,17.48,16.13,15.56,15.48,15.45,15.96,19.83,21.0,21.47,22.45,23.76,24.9,26.0,26.46,29.13,29.9,34.46,28.23,27.07,28.09,23.56,20.92,19.8
231640,8/4/2019,MICHIGAN.HUB,Hub,MCC,0.01,0.0,0.0,0.0,0.0,0.0,0.0,0.0,0.0,0.0,0.0,0.4,0.64,0.14,0.0,0.69,0.0,0.0,0.0,0.13,1.53,0.0,0.0,0.0
231641,8/4/2019,MICHIGAN.HUB,Hub,MLC,0.65,0.61,0.54,0.51,0.52,0.5,0.51,0.87,0.83,0.7,0.84,0.87,0.78,0.67,0.5,0.54,0.2,-0.14,-0.17,0.06,0.37,0.44,0.49,0.63
237849,8/5/2019,LOUISIANA.HUB,Hub,LMP,18.32,17.08,16.25,15.71,17.02,18.06,18.8,19.08,20.04,20.64,21.82,24.75,25.95,29.74,51.57,46.8,32.55,26.43,24.91,24.07,23.5,22.38,21.01,19.77
237850,8/5/2019,LOUISIANA.HUB,Hub,MCC,0.0,0.0,0.0,0.0,0.0,0.0,-0.27,-1.67,-0.53,-1.11,-1.66,0.0,0.0,0.0,0.04,-0.75,0.0,0.0,0.0,0.0,0.0,0.0,0.0,0.0
237851,8/5/2019,LOUISIANA.HUB,Hub,MLC,0.02,0.08,0.08,0.08,0.02,-0.07,-0.21,-0.3,-0.42,-0.51,-0.43,-0.15,0.1,0.25,0.56,0.86,0.84,0.64,0.48,0.39,0.28,0.21,0.07,-0.08
238311,8/5/2019,MICHIGAN.HUB,Hub,LMP,19.17,17.78,16.88,16.39,17.92,18.98,20.09,21.83,21.66,23.34,25.21,25.55,26.6,30.37,52.52,47.94,32.52,26.49,25.65,24.54,24.09,22.71,21.56,20.4
238312,8/5/2019,MICHIGAN.HUB,Hub,MCC,0.0,0.0,0.0,0.0,0.0,0.0,0.0,0.0,0.0,0.32,0.58,0.0,0.0,0.0,0.0,0.0,0.0,0.0,0.58,0.24,0.28,0.0,0.0,0.0
238313,8/5/2019,MICHIGAN.HUB,Hub,MLC,0.87,0.77,0.71,0.77,0.92,0.85,0.8,0.78,0.67,0.76,0.72,0.66,0.74,0.88,1.55,1.26,0.82,0.7,0.64,0.61,0.6,0.55,0.62,0.55
244521,8/6/2019,LOUISIANA.HUB,Hub,LMP,18.9,18.67,15.7,15.87,17.08,19.55,19.01,19.69,20.14,21.13,21.95,23.32,24.84,27.55,27.25,33.03,32.73,33.66,24.99,23.12,23.38,22.15,20.64,20.13
244522,8/6/2019,LOUISIANA.HUB,Hub,MCC,0.0,0.0,0.0,0.0,0.0,-0.43,-0.01,-1.17,-0.88,0.0,0.0,0.0,0.0,-0.13,-0.1,0.0,-0.05,-0.84,0.0,-0.8,-0.18,0.0,0.0,0.0
244523,8/6/2019,LOUISIANA.HUB,Hub,MLC,0.04,0.06,0.09,0.06,-0.02,-0.21,-0.25,-0.36,-0.45,-0.32,-0.12,0.01,0.24,0.5,0.56,0.63,0.4,-0.07,-0.1,-0.11,-0.08,-0.06,-0.02,0.08
244983,8/6/2019,MICHIGAN.HUB,Hub,LMP,19.41,19.36,16.2,16.36,17.86,21.47,20.25,22.41,22.51,22.14,22.49,23.67,24.86,27.22,26.71,32.28,32.33,34.62,25.19,24.13,23.91,22.72,21.23,20.63
244984,8/6/2019,MICHIGAN.HUB,Hub,MCC,0.0,0.0,0.0,0.0,0.0,0.16,0.0,0.09,0.0,0.0,0.0,0.0,0.07,0.09,0.0,0.0,0.0,0.0,0.0,0.0,0.0,0.0,0.0,0.0
244985,8/6/2019,MICHIGAN.HUB,Hub,MLC,0.56,0.76,0.58,0.55,0.76,1.11,0.98,1.1,1.04,0.7,0.41,0.36,0.19,-0.05,-0.07,-0.12,-0.04,0.06,0.1,0.11,0.27,0.51,0.57,0.58
251193,8/7/2019,LOUISIANA.HUB,Hub,LMP,16.6,15.92,15.2,15.14,15.99,18.77,19.08,19.76,20.62,22.26,23.17,24.3,33.65,26.02,26.86,31.73,49.74,28.05,25.54,23.71,23.24,21.96,20.56,19.9
251194,8/7/2019,LOUISIANA.HUB,Hub,MCC,0.0,0.0,0.0,0.0,0.0,0.0,0.0,-0.6,-0.47,-0.99,0.0,0.0,0.0,0.0,0.0,0.0,0.0,0.0,0.0,0.0,0.0,0.0,0.0,0.0
251195,8/7/2019,LOUISIANA.HUB,Hub,MLC,0.16,0.19,0.2,0.19,0.12,-0.01,-0.08,-0.42,-0.52,-0.5,-0.32,-0.05,0.27,0.28,0.17,0.07,0.01,-0.12,-0.17,-0.28,-0.36,-0.38,-0.27,-0.06
251655,8/7/2019,MICHIGAN.HUB,Hub,LMP,16.9,16.17,15.46,15.43,16.45,19.55,20.0,21.67,22.39,24.44,24.25,25.04,34.33,26.37,27.27,32.61,51.23,28.88,26.3,24.51,24.15,22.95,21.42,20.55
251656,8/7/2019,MICHIGAN.HUB,Hub,MCC,0.0,0.0,0.0,0.0,0.0,0.0,0.0,0.0,0.0,0.0,0.0,0.0,0.0,0.0,0.0,0.0,0.0,0.0,0.0,0.0,0.0,0.01,0.0,0.01
251657,8/7/2019,MICHIGAN.HUB,Hub,MLC,0.46,0.44,0.47,0.48,0.59,0.78,0.84,0.89,0.78,0.69,0.77,0.69,0.95,0.62,0.59,0.95,1.5,0.72,0.59,0.52,0.55,0.61,0.58,0.57
257865,8/8/2019,LOUISIANA.HUB,Hub,LMP,18.36,17.09,15.85,15.18,16.65,18.81,19.05,19.29,20.06,21.11,22.5,24.14,26.28,35.63,29.7,28.8,27.57,24.41,24.48,24.22,23.56,21.54,20.54,19.58
257866,8/8/2019,LOUISIANA.HUB,Hub,MCC,0.0,0.0,0.0,0.0,0.0,0.0,0.0,-0.7,-1.51,-2.5,-10.81,0.3,1.16,6.28,2.24,0.98,0.49,0.06,0.11,0.21,0.18,0.04,0.0,0.0
257867,8/8/2019,LOUISIANA.HUB,Hub,MLC,-0.06,0.07,0.11,0.11,-0.05,-0.31,-0.35,-0.6,-0.61,-0.53,-0.46,-0.03,0.34,0.81,0.97,0.77,0.88,0.54,0.38,0.27,0.22,0.06,0.1,0.26
258327,8/8/2019,MICHIGAN.HUB,Hub,LMP,19.01,17.61,16.24,15.55,17.34,19.85,20.18,21.32,22.84,24.8,34.74,24.48,25.16,28.87,26.94,27.41,26.37,23.92,24.13,24.0,23.54,21.77,20.76,19.95
258328,8/8/2019,MICHIGAN.HUB,Hub,MCC,0.0,0.0,0.0,0.0,0.0,0.0,0.0,0.0,0.0,0.0,0.0,0.0,0.0,0.02,0.15,0.0,0.0,0.0,0.0,0.0,0.0,0.0,0.0,0.0
258329,8/8/2019,MICHIGAN.HUB,Hub,MLC,0.59,0.59,0.5,0.48,0.64,0.73,0.78,0.74,0.66,0.67,0.98,0.61,0.37,0.31,0.29,0.36,0.17,0.1,0.14,0.25,0.38,0.33,0.32,0.62
264537,8/9/2019,LOUISIANA.HUB,Hub,LMP,17.95,17.22,15.83,15.57,16.23,18.14,19.17,19.37,20.1,21.16,22.48,23.92,25.8,28.7,52.77,40.65,39.75,31.29,25.65,22.93,23.12,20.84,20.14,19.36
264538,8/9/2019,LOUISIANA.HUB,Hub,MCC,0.0,0.0,0.0,0.0,0.0,0.0,0.0,-0.47,-0.7,-0.05,0.09,0.05,0.56,0.59,0.49,0.29,0.14,0.05,0.02,0.01,0.0,0.0,0.0,0.0
264539,8/9/2019,LOUISIANA.HUB,Hub,MLC,0.23,0.23,0.16,0.04,-0.02,-0.12,-0.17,-0.37,-0.37,-0.27,-0.05,0.38,0.77,1.16,2.67,2.09,1.66,1.01,0.65,0.43,0.18,0.23,0.29,0.31
264999,8/9/2019,MICHIGAN.HUB,Hub,LMP,18.28,17.41,15.96,15.84,16.71,18.89,20.19,21.09,22.09,22.16,23.0,23.87,24.71,27.3,49.69,38.19,37.98,30.34,25.14,22.6,23.17,20.92,20.25,19.69
265000,8/9/2019,MICHIGAN.HUB,Hub,MCC,0.0,0.0,0.0,0.0,0.0,0.0,0.0,0.0,0.02,0.0,0.0,0,0.0,0.23,0,0.0,0.0,0,0.0,0.0,0.0,0.0,0.0,0.0
265001,8/9/2019,MICHIGAN.HUB,Hub,MLC,0.57,0.42,0.29,0.31,0.47,0.62,0.84,0.89,0.91,0.68,0.57,0.38,0.23,0.12,0.08,-0.08,0.04,0.12,0.16,0.11,0.24,0.31,0.4,0.64
271209,8/10/2019,LOUISIANA.HUB,Hub,LMP,17.68,15.85,14.87,14.1,14.09,14.44,15.36,17.88,19.83,20.52,21.42,25.48,23.11,24.95,25.19,26.75,42.19,31.47,27.54,23.17,23.47,21.5,20.74,20.19
271210,8/10/2019,LOUISIANA.HUB,Hub,MCC,0.0,0.0,0.0,0.0,0.0,0.0,0.0,0.0,0.0,0.0,0.0,0.01,0.01,0.02,0.4,0.67,0.14,0.06,0.04,0.01,0.01,0.0,0.0,0.0
271211,8/10/2019,LOUISIANA.HUB,Hub,MLC,0.31,0.37,0.35,0.31,0.26,0.16,0.03,-0.15,-0.09,-0.02,0.01,0.19,0.56,0.8,0.94,0.98,1.48,0.94,0.66,0.36,0.21,0.15,0.25,0.16
271671,8/10/2019,MICHIGAN.HUB,Hub,LMP,17.92,15.88,14.86,14.19,14.2,14.65,15.84,18.76,20.65,21.15,21.97,25.86,22.87,24.4,24.06,25.29,41.03,30.71,27.08,23.01,23.42,21.44,20.63,20.37
271672,8/10/2019,MICHIGAN.HUB,Hub,MCC,0.0,0.0,0.0,0.0,0.0,0.0,0.0,0.0,0.0,0.0,0.0,0,0.0,0,0,0.0,0.0,0,0.0,0.0,0.0,0.0,0.0,0.0
271673,8/10/2019,MICHIGAN.HUB,Hub,MLC,0.55,0.4,0.35,0.4,0.38,0.37,0.5,0.73,0.73,0.61,0.57,0.58,0.32,0.27,0.2,0.19,0.47,0.24,0.23,0.21,0.17,0.1,0.14,0.35
277881,8/11/2019,LOUISIANA.HUB,Hub,LMP,18.9,18.04,15.65,15.21,14.81,15.79,16.07,17.36,19.38,20.09,21.33,23.16,23.67,24.77,25.72,27.97,31.43,32.19,31.33,30.52,25.91,23.16,20.88,19.85
277882,8/11/2019,LOUISIANA.HUB,Hub,MCC,0.0,0.0,0.0,0.0,0.0,0.0,0.0,0.0,0.0,0.0,0.01,0.12,0.04,0.03,0.07,0.09,0.09,0.07,0.72,0.74,0.44,0.22,0.04,0.0
277883,8/11/2019,LOUISIANA.HUB,Hub,MLC,0.1,0.16,0.23,0.29,0.27,0.22,0.19,0.07,0.19,0.25,0.3,0.32,0.73,0.88,1.03,1.16,1.25,1.12,0.83,0.63,0.5,0.26,0.11,-0.1
278343,8/11/2019,MICHIGAN.HUB,Hub,LMP,19.14,18.14,15.55,15.01,14.69,15.78,16.19,17.75,19.82,20.58,21.58,23.23,23.26,24.13,24.91,27.06,30.52,31.46,30.3,29.69,25.56,23.21,21.18,20.5
278344,8/11/2019,MICHIGAN.HUB,Hub,MCC,0.0,0.0,0.0,0.0,0.0,0.0,0.0,0.0,0.0,0.0,0.0,0,0.0,0,0,0.0,0.0,0,0.0,0.0,0.0,0.0,0.0,0.0
278345,8/11/2019,MICHIGAN.HUB,Hub,MLC,0.35,0.25,0.13,0.08,0.14,0.21,0.32,0.46,0.63,0.74,0.57,0.51,0.36,0.28,0.29,0.34,0.42,0.46,0.52,0.54,0.59,0.52,0.46,0.55
284553,8/12/2019,LOUISIANA.HUB,Hub,LMP,18.49,17.19,16.38,16.87,17.49,18.88,19.42,19.43,20.25,21.48,24.5,28.39,40.81,29.81,99.73,37.27,45.91,36.06,71.37,32.59,45.24,23.73,22.26,21.22
284554,8/12/2019,LOUISIANA.HUB,Hub,MCC,0.0,0.0,0.0,0.0,0.0,-0.98,-0.88,-1.31,-2.44,-0.86,-15.7,0.62,0.88,0.09,0.76,0.6,0.36,0.12,0.3,0.09,0.53,0.2,0.12,-0.05
284555,8/12/2019,LOUISIANA.HUB,Hub,MLC,-0.22,-0.16,-0.12,-0.17,-0.31,-0.43,-0.53,-0.7,-0.75,-0.67,-1.03,-0.58,-0.36,-0.01,0.58,0.38,0.84,0.51,0.67,0.14,0.12,0.01,-0.13,-0.35
285015,8/12/2019,MICHIGAN.HUB,Hub,LMP,19.38,17.94,17.06,17.67,18.66,21.47,22.01,22.49,24.54,24.35,43.19,29.61,41.9,30.9,102.09,37.77,46.65,36.87,72.91,33.3,45.98,24.17,23.03,22.43
285016,8/12/2019,MICHIGAN.HUB,Hub,MCC,0.0,0.0,0.0,0.0,0.0,0.0,0.0,0.0,0.0,0.22,0.0,0,0.0,0,0,0.0,0.0,0,0.0,0.0,0.0,0.0,0.0,0.0
285017,8/12/2019,MICHIGAN.HUB,Hub,MLC,0.67,0.59,0.56,0.63,0.86,1.17,1.18,1.06,1.1,1.14,1.97,1.25,1.61,1.16,3.7,1.48,1.94,1.44,2.51,0.94,1.39,0.65,0.76,0.82
291225,8/13/2019,LOUISIANA.HUB,Hub,LMP,19.91,19.37,19.03,18.63,18.71,19.47,19.61,5.04,19.15,16.52,4.9,-7.05,16.23,18.52,21.23,25.38,12.93,3.05,25.26,23.5,23.82,21.52,20.26,19.42
291226,8/13/2019,LOUISIANA.HUB,Hub,MCC,0.01,0.0,0.0,0.0,0.0,-0.46,-0.94,-23.82,-1.87,-13.23,-41.51,-37.75,-9.08,-38.07,-16.87,-23.23,-26.22,-28.92,-1.9,0.22,0.56,0.07,0.0,0.0
291227,8/13/2019,LOUISIANA.HUB,Hub,MLC,-0.16,-0.08,-0.08,-0.09,-0.18,-0.38,-0.47,-0.44,-0.37,-0.35,0.8,1.51,1.23,1.96,1.91,2.13,1.54,1.14,0.59,-0.26,-0.35,-0.3,-0.23,-0.17
291687,8/13/2019,MICHIGAN.HUB,Hub,LMP,20.66,20.1,19.79,19.45,19.75,21.66,22.36,30.9,22.42,31.49,47.58,30.08,24.65,56.01,37.01,47.6,38.59,31.57,27.2,24.18,24.35,22.5,21.4,20.6
291688,8/13/2019,MICHIGAN.HUB,Hub,MCC,0.0,0.0,0.0,0.0,0.0,0.2,0.13,0.0,0.0,0.0,0.0,0,0.0,0,0,0.0,0.0,0,0.0,0.0,0.0,0.0,0.0,0.0
291689,8/13/2019,MICHIGAN.HUB,Hub,MLC,0.59,0.64,0.68,0.73,0.86,1.15,1.21,1.6,1.04,1.4,1.97,0.89,0.57,1.38,0.82,1.11,0.98,0.74,0.63,0.65,0.73,0.75,0.92,1.01
297897,8/14/2019,LOUISIANA.HUB,Hub,LMP,18.2,17.49,16.32,15.96,16.96,19.85,19.92,19.7,20.36,21.77,24.09,36.18,34.81,87.03,28.71,36.77,33.06,24.59,23.54,22.62,22.28,21.21,20.22,19.53
297898,8/14/2019,LOUISIANA.HUB,Hub,MCC,0.0,0.0,0.0,0.0,0.0,0.0,0.0,-0.66,-0.67,-0.07,0.0,0.0,2.01,9.5,0.45,0.82,-17.49,-1.86,-0.54,-0.03,-1.03,-0.02,-0.01,0.0
297899,8/14/2019,LOUISIANA.HUB,Hub,MLC,-0.11,0.05,0.06,-0.01,-0.1,-0.24,-0.34,-0.55,-0.48,-0.31,-0.12,0.02,0.07,0.22,-0.19,-0.36,-0.73,-0.5,-0.56,-0.48,-0.58,-0.46,-0.45,-0.28
298359,8/14/2019,MICHIGAN.HUB,Hub,LMP,19.32,18.28,16.99,16.72,17.99,21.34,21.42,21.99,22.58,23.34,25.57,38.26,34.41,95.18,30.61,39.34,53.48,28.49,25.47,23.93,24.81,22.5,21.43,20.78
298360,8/14/2019,MICHIGAN.HUB,Hub,MCC,0.0,0.0,0.0,0.0,0.0,0.0,0.0,0.0,0.0,0.0,0.0,0.0,0.02,13.85,0.67,1.21,0.03,0.51,0.0,0.05,0.06,0.0,0.0,0.0
298361,8/14/2019,MICHIGAN.HUB,Hub,MLC,1.01,0.85,0.73,0.75,0.94,1.25,1.16,1.08,1.07,1.19,1.36,2.1,1.65,4.02,1.49,1.81,2.17,1.02,0.82,0.75,0.87,0.82,0.76,0.97
304569,8/15/2019,LOUISIANA.HUB,Hub,LMP,18.65,17.13,16.41,17.13,17.1,18.71,19.43,19.09,19.51,21.69,22.28,25.52,26.07,29.2,27.5,29.42,27.48,26.31,23.26,23.5,22.94,21.26,20.17,18.85
304570,8/15/2019,LOUISIANA.HUB,Hub,MCC,0.0,0.0,0.0,0.0,-1.32,-1.65,-0.92,-1.27,-2.18,-0.89,-3.29,0.0,0.0,0.0,0.0,0.08,0.11,0.01,0.0,0.0,0.0,0.0,0.0,0.0
304571,8/15/2019,LOUISIANA.HUB,Hub,MLC,-0.29,-0.14,-0.08,-0.14,-0.23,-0.24,-0.2,-0.28,-0.28,-0.31,-0.26,-0.11,0.24,0.68,0.86,0.69,0.34,0.12,-0.04,-0.12,-0.08,0.0,0.08,0.06
305031,8/15/2019,MICHIGAN.HUB,Hub,LMP,19.71,17.85,17.05,17.93,19.45,21.49,21.4,21.34,22.75,23.84,27.05,26.85,26.95,29.67,27.64,29.75,28.05,27.25,24.08,24.57,24.06,22.23,20.94,19.78
305032,8/15/2019,MICHIGAN.HUB,Hub,MCC,0.0,0.0,0.0,0.0,0.0,0.0,0.0,0.0,0.0,0.0,0.0,0.0,0.0,0.0,0.0,0.0,0.0,0.0,0.0,0.0,0.0,0.0,0.0,0.0
305033,8/15/2019,MICHIGAN.HUB,Hub,MLC,0.76,0.59,0.56,0.65,0.81,0.9,0.85,0.7,0.78,0.95,1.22,1.22,1.12,1.15,1.0,1.1,1.02,1.06,0.79,0.95,1.04,0.98,0.85,0.99
311241,8/16/2019,LOUISIANA.HUB,Hub,LMP,16.8,15.45,14.71,14.44,15.05,17.09,17.91,18.63,19.54,20.67,21.5,22.22,24.61,28.43,45.88,55.28,35.21,27.15,24.85,24.13,23.61,21.05,19.64,18.85
311242,8/16/2019,LOUISIANA.HUB,Hub,MCC,0.0,0.0,0.0,0.0,0.0,-0.6,-0.84,-0.46,0.0,0.0,0.0,0.0,0.17,0.03,0.08,0.18,0.07,0.03,0.02,0.01,0.23,0.01,0.0,0.0
311243,8/16/2019,LOUISIANA.HUB,Hub,MLC,0.02,0.05,0.06,0.03,-0.06,-0.25,-0.17,-0.21,-0.15,-0.1,0.0,0.09,0.39,0.84,1.62,2.26,1.59,0.97,0.56,0.25,0.01,0.13,0.25,0.32
311703,8/16/2019,MICHIGAN.HUB,Hub,LMP,17.63,16.06,15.23,15.01,15.83,18.93,20.02,20.35,20.65,21.71,22.62,23.19,25.12,28.68,46.08,55.07,34.79,27.1,25.08,24.62,24.14,21.75,20.14,19.29
311704,8/16/2019,MICHIGAN.HUB,Hub,MCC,0.0,0.0,0.0,0.0,0.0,0.0,0.0,0.0,0.0,0.0,0.0,0.0,0.0,0.0,0.0,0.0,0.0,0.0,0.0,0.0,0.0,0.0,0.0,0.0
311705,8/16/2019,MICHIGAN.HUB,Hub,MLC,0.85,0.67,0.57,0.6,0.72,1.0,1.1,1.05,0.96,0.95,1.12,1.07,1.07,1.12,1.9,2.22,1.24,0.95,0.82,0.75,0.78,0.85,0.76,0.76
317913,8/17/2019,LOUISIANA.HUB,Hub,LMP,17.6,15.99,14.29,13.36,12.75,13.61,14.13,14.8,18.32,20.52,21.39,22.63,24.99,23.99,25.26,26.0,28.41,24.4,22.56,22.72,22.15,20.93,19.05,17.73
317914,8/17/2019,LOUISIANA.HUB,Hub,MCC,0.0,0.0,0.0,0.0,0.0,0.0,-0.01,-1.5,-1.26,0.0,0.0,0.0,0.0,0.0,0.11,0.01,0.0,0.0,0.0,0.0,0.0,0.0,0.0,0.0
317915,8/17/2019,LOUISIANA.HUB,Hub,MLC,0.17,0.14,0.15,0.11,0.07,0.03,-0.06,-0.14,-0.11,0.1,0.29,0.4,0.41,0.37,0.25,0.2,0.13,0.05,0.23,0.25,0.13,0.18,0.32,0.36
318375,8/17/2019,MICHIGAN.HUB,Hub,LMP,18.16,16.43,14.61,13.74,13.2,14.25,14.95,17.45,20.8,21.45,22.07,23.2,25.77,24.74,26.23,27.4,29.96,25.75,23.52,23.72,23.32,22.08,19.89,18.4
318376,8/17/2019,MICHIGAN.HUB,Hub,MCC,0.0,0.0,0.0,0.0,0.0,0.0,0.0,0.0,0.0,0.0,0.0,0.0,0.0,0.0,0.03,0.11,0.03,0.0,0.0,0.0,0.0,0.0,0.0,0.0
318377,8/17/2019,MICHIGAN.HUB,Hub,MLC,0.74,0.58,0.46,0.49,0.53,0.67,0.76,1.0,1.1,1.02,0.97,0.97,1.19,1.12,1.31,1.49,1.66,1.41,1.19,1.25,1.29,1.33,1.15,1.02
324585,8/18/2019,LOUISIANA.HUB,Hub,LMP,16.31,15.31,14.26,13.7,13.29,13.28,14.18,15.66,18.69,20.43,21.29,23.74,23.15,22.56,22.89,29.01,23.44,23.56,21.62,22.36,22.24,20.94,19.79,17.55
324586,8/18/2019,LOUISIANA.HUB,Hub,MCC,0.0,0.0,0.0,0.0,0.0,0.0,0.0,-0.59,0.0,0.0,0.0,0.0,0.0,0.0,0.0,6.49,0.12,-1.36,-2.64,-0.08,-0.02,0.0,0.0,0.0
324587,8/18/2019,LOUISIANA.HUB,Hub,MLC,0.32,0.24,0.18,0.15,0.13,0.17,0.13,-0.01,-0.03,0.12,0.34,0.43,0.3,0.62,0.66,0.53,0.2,0.09,-0.01,-0.05,0.08,0.07,0.03,0.12
325047,8/18/2019,MICHIGAN.HUB,Hub,LMP,16.9,15.88,14.75,14.12,13.73,13.7,14.67,17.06,19.73,21.29,21.79,24.3,23.93,22.79,23.1,33.3,24.54,25.72,25.29,23.42,22.69,21.38,20.3,18.04
325048,8/18/2019,MICHIGAN.HUB,Hub,MCC,0.0,0.0,0.0,0.0,0.0,0.0,0.0,0.0,0.0,0.0,0.0,0.0,0.0,0.0,0.0,10.43,0.39,0.03,0.19,0.24,0.01,0.0,0.0,0.0
325049,8/18/2019,MICHIGAN.HUB,Hub,MLC,0.91,0.81,0.66,0.58,0.57,0.59,0.62,0.79,1.0,0.98,0.84,0.99,1.08,0.84,0.88,0.89,1.03,0.86,0.83,0.69,0.5,0.5,0.53,0.61
331257,8/19/2019,LOUISIANA.HUB,Hub,LMP,16.43,15.79,14.82,14.38,14.78,16.02,17.88,19.08,20.51,21.13,22.27,23.34,23.66,25.82,40.58,36.35,25.96,24.2,22.99,22.52,22.59,21.09,21.42,18.74
331258,8/19/2019,LOUISIANA.HUB,Hub,MCC,0.0,-0.25,-0.38,-0.68,-0.94,-1.86,-1.07,-0.47,-9.97,-1.76,-1.66,-0.41,-0.29,-1.6,-5.43,-17.96,-7.15,-5.66,-2.61,-0.63,-0.13,-0.01,-3.19,-0.79
331259,8/19/2019,LOUISIANA.HUB,Hub,MLC,0.09,0.06,0.06,0.04,-0.01,-0.14,-0.2,-0.33,-0.53,-0.39,-0.38,-0.26,-0.42,-0.51,-0.77,-0.97,-0.57,-0.6,-0.57,-0.45,-0.45,-0.16,-0.26,-0.15
331719,8/19/2019,MICHIGAN.HUB,Hub,LMP,16.89,16.62,15.81,15.87,16.83,19.37,20.33,21.0,32.73,24.4,25.22,24.83,25.29,28.96,48.56,57.45,34.84,31.56,27.19,24.46,24.19,22.17,30.44,20.95
331720,8/19/2019,MICHIGAN.HUB,Hub,MCC,0.0,0.14,0.21,0.37,0.5,0.49,0.19,0.07,0.01,0.01,0.02,0.0,0.0,0.0,0.0,0.0,0.0,0.0,0.0,0.0,0.03,0.0,4.25,0.21
331721,8/19/2019,MICHIGAN.HUB,Hub,MLC,0.55,0.49,0.46,0.48,0.6,0.87,0.99,1.05,1.72,1.11,0.9,0.83,0.92,1.03,1.78,2.16,1.16,1.09,1.02,0.87,1.0,0.92,1.33,1.06
337929,8/20/2019,LOUISIANA.HUB,Hub,LMP,16.76,15.23,13.32,12.28,13.25,15.75,16.51,16.42,19.82,21.13,23.42,25.79,23.95,23.51,24.11,24.97,33.75,25.05,24.05,23.48,23.14,21.56,20.63,19.08
337930,8/20/2019,LOUISIANA.HUB,Hub,MCC,-1.38,-1.39,-1.65,-1.98,-2.33,-3.64,-2.51,-4.31,-5.49,-3.51,-10.96,-0.71,1.91,0.0,0.03,0.08,0.05,0.02,0.01,0.0,0.0,0.0,0.0,0.0
337931,8/20/2019,LOUISIANA.HUB,Hub,MLC,-0.21,-0.19,-0.08,-0.02,-0.1,-0.26,-0.2,-0.43,-0.5,-0.29,-0.43,-0.11,0.19,0.38,0.69,0.86,1.46,0.94,0.71,0.58,0.64,0.47,0.26,0.15
338391,8/20/2019,MICHIGAN.HUB,Hub,LMP,19.95,18.44,16.72,16.1,17.79,21.85,21.06,24.1,31.06,26.63,37.05,28.18,26.45,24.43,24.53,25.01,23.49,24.89,24.02,23.74,23.23,21.7,21.49,20.53
338392,8/20/2019,MICHIGAN.HUB,Hub,MCC,0.6,0.68,0.86,1.03,1.17,0.83,0.59,1.6,3.66,0.0,0.01,0.0,3.44,0.0,0.0,0.0,-9.98,0.0,0.0,0.0,0.0,0.0,0.31,0.74
338393,8/20/2019,MICHIGAN.HUB,Hub,MLC,1.0,0.96,0.81,0.79,0.94,1.37,1.25,1.35,1.59,1.7,2.23,1.58,1.16,1.3,1.13,0.98,1.23,0.8,0.69,0.84,0.73,0.61,0.81,0.86
344601,8/21/2019,LOUISIANA.HUB,Hub,LMP,18.13,16.43,15.23,14.29,15.95,18.27,20.06,20.06,20.62,21.27,22.74,24.37,26.07,30.02,32.85,25.68,24.3,23.89,23.11,22.97,22.67,20.96,20.32,19.92
344602,8/21/2019,LOUISIANA.HUB,Hub,MCC,-0.04,-0.21,-0.32,-0.35,-1.72,-2.03,-0.2,-0.3,-0.53,-1.46,-0.86,-7.95,-2.86,-2.72,-8.09,-11.11,-2.66,-3.69,-1.13,-3.24,-2.48,-0.08,-0.42,-0.52
344603,8/21/2019,LOUISIANA.HUB,Hub,MLC,0.15,0.09,0.06,0.08,-0.04,-0.13,-0.03,-0.26,-0.28,-0.29,-0.18,-0.25,-0.2,-0.22,-0.54,-0.64,-0.43,-0.51,-0.38,-0.4,-0.26,-0.22,-0.17,-0.05
345063,8/21/2019,MICHIGAN.HUB,Hub,LMP,18.91,17.35,16.28,15.44,19.32,22.15,21.61,21.89,22.62,24.32,25.11,34.43,30.87,47.3,79.58,68.58,29.5,30.92,26.38,27.88,26.62,22.31,21.94,21.55
345064,8/21/2019,MICHIGAN.HUB,Hub,MCC,0.12,0.13,0.19,0.21,0.73,0.52,0.09,0.04,0.01,0.0,0.0,0.0,0.0,12.07,35.04,28.42,0.4,1.24,0.64,0.0,0.0,0.0,0.0,0.0
345065,8/21/2019,MICHIGAN.HUB,Hub,MLC,0.77,0.66,0.61,0.67,0.89,1.21,1.23,1.24,1.17,1.3,1.34,1.86,1.74,2.26,3.07,2.74,1.72,1.59,1.12,1.28,1.21,1.05,1.04,1.06
351273,8/22/2019,LOUISIANA.HUB,Hub,LMP,19.6,19.05,17.4,16.4,16.13,17.61,19.75,20.06,20.56,21.37,22.61,23.52,27.08,31.96,25.34,27.11,26.16,24.78,24.4,24.05,22.98,20.86,20.18,18.09
351274,8/22/2019,LOUISIANA.HUB,Hub,MCC,-0.82,-0.38,-0.69,-1.23,-2.8,-2.48,-0.87,-1.02,-0.81,-0.89,-0.2,-0.01,0.0,0.0,0.0,0.0,0.0,0.0,0.0,0.0,0.0,0.06,0.0,0.0
351275,8/22/2019,LOUISIANA.HUB,Hub,MLC,-0.05,-0.04,-0.09,-0.09,-0.1,-0.06,0.09,0.1,0.12,0.15,0.36,0.54,0.67,0.89,0.79,0.86,0.79,0.71,0.77,0.7,0.7,0.7,0.64,0.49
351735,8/22/2019,MICHIGAN.HUB,Hub,LMP,21.47,20.46,19.36,19.12,20.61,21.73,21.79,22.17,22.24,23.12,23.57,24.18,27.89,32.7,25.82,27.51,26.56,25.07,24.61,24.52,23.37,21.23,20.48,18.36
351736,8/22/2019,MICHIGAN.HUB,Hub,MCC,0.01,0.07,0.37,0.61,0.63,0.48,0.12,0.04,0.0,0.0,0.0,0.0,0.0,0.0,0.0,0.0,0.0,0.0,0.0,0.0,0.0,0.1,0.0,0.0
351737,8/22/2019,MICHIGAN.HUB,Hub,MLC,0.99,0.92,0.81,0.78,0.95,1.11,1.14,1.16,1.0,1.0,1.12,1.19,1.48,1.62,1.27,1.26,1.19,1.0,0.98,1.17,1.09,1.03,0.93,0.76
357945,8/23/2019,LOUISIANA.HUB,Hub,LMP,15.94,14.26,13.07,13.41,14.09,16.7,19.47,19.47,20.26,20.74,21.09,21.31,21.74,21.98,22.33,22.71,22.78,22.25,21.48,20.99,20.3,18.45,14.82,15.64
357946,8/23/2019,LOUISIANA.HUB,Hub,MCC,0.0,0.0,0.0,0.0,0.0,0.0,0.0,0.0,-0.64,-0.61,-0.21,0.0,0.0,0.0,0.0,0.0,0.0,0.0,0.0,0.0,0.0,0.0,0.0,0.0
357947,8/23/2019,LOUISIANA.HUB,Hub,MLC,0.41,0.42,0.38,0.36,0.31,0.25,0.22,0.16,-0.05,-0.03,-0.04,0.07,0.18,0.36,0.48,0.56,0.58,0.52,0.46,0.43,0.56,0.58,0.56,0.58
358407,8/23/2019,MICHIGAN.HUB,Hub,LMP,16.19,14.37,13.16,13.61,14.42,17.23,20.25,20.25,21.79,22.09,21.97,21.79,22.18,22.14,22.33,22.6,22.53,22.05,21.39,21.05,20.29,18.56,14.79,15.66
358408,8/23/2019,MICHIGAN.HUB,Hub,MCC,0.0,0.0,0.0,0.0,0.0,0.0,0.0,0.0,0.0,0.0,0.0,0.0,0.0,0.0,0.0,0.0,0.0,0.0,0.0,0.0,0.0,0.0,0.0,0.0
358409,8/23/2019,MICHIGAN.HUB,Hub,MLC,0.67,0.53,0.47,0.56,0.63,0.77,1.0,0.94,0.84,0.72,0.63,0.55,0.62,0.52,0.47,0.44,0.33,0.32,0.37,0.49,0.54,0.68,0.53,0.61
364617,8/24/2019,LOUISIANA.HUB,Hub,LMP,15.6,13.49,12.75,12.63,12.38,13.19,14.67,15.94,18.74,19.62,20.2,21.14,21.8,21.82,22.95,23.29,22.56,22.84,23.54,20.77,20.17,18.1,16.07,17.0
364618,8/24/2019,LOUISIANA.HUB,Hub,MCC,0.74,1.02,0.09,0.0,0.0,0.0,0.0,0.0,0.0,0.0,0.0,0.04,0.0,0.14,0.03,0.04,0.02,0.01,1.57,0.0,0.0,0.01,0.28,0.71
364619,8/24/2019,LOUISIANA.HUB,Hub,MLC,0.5,0.46,0.46,0.4,0.37,0.36,0.27,0.16,0.24,0.48,0.83,1.22,1.31,1.28,1.28,1.25,1.12,1.0,0.94,0.69,0.69,0.81,0.69,0.74
365079,8/24/2019,MICHIGAN.HUB,Hub,LMP,14.97,12.43,12.62,12.67,12.44,13.31,14.96,16.4,19.23,19.98,19.99,20.32,20.85,20.68,21.94,22.22,21.63,22.06,21.18,20.33,19.96,17.78,15.46,15.88
365080,8/24/2019,MICHIGAN.HUB,Hub,MCC,0.0,0.0,0.0,0.0,0.0,0.0,0.0,0.0,0.0,0.0,0.0,0.0,0.0,0.0,0.0,0.0,0.0,0.0,0.0,0.0,0.0,0.0,0.0,0.0
365081,8/24/2019,MICHIGAN.HUB,Hub,MLC,0.61,0.43,0.42,0.44,0.43,0.48,0.56,0.62,0.73,0.84,0.62,0.44,0.36,0.27,0.29,0.22,0.22,0.23,0.15,0.25,0.48,0.49,0.36,0.33
371289,8/25/2019,LOUISIANA.HUB,Hub,LMP,14.69,13.86,13.22,12.17,10.63,11.76,13.02,13.07,17.78,18.8,19.55,19.85,20.66,21.04,21.17,21.57,21.76,21.43,21.43,21.42,21.36,19.95,19.29,18.26
371290,8/25/2019,LOUISIANA.HUB,Hub,MCC,3.07,3.14,2.69,1.64,0.18,0.0,0.0,0.0,0.0,0.0,0.0,0.0,0.0,0.0,0.0,0.0,0.0,0.0,0.0,0.0,0.0,0.0,0.0,0.0
371291,8/25/2019,LOUISIANA.HUB,Hub,MLC,0.51,0.44,0.41,0.39,0.35,0.35,0.38,0.39,0.39,0.53,0.76,0.88,0.87,0.79,0.76,0.7,0.63,0.53,0.44,0.37,0.31,0.4,0.48,0.41
371751,8/25/2019,MICHIGAN.HUB,Hub,LMP,11.35,10.46,10.32,10.34,10.26,11.59,12.85,12.94,17.91,18.78,19.31,19.31,20.1,20.53,20.71,21.33,21.61,21.31,21.34,21.43,21.41,19.85,19.11,18.16
371752,8/25/2019,MICHIGAN.HUB,Hub,MCC,0.0,0.0,0.0,0.0,0.0,0.0,0.0,0.0,0.0,0.0,0.0,0.0,0.0,0.0,0.0,0.0,0.0,0.0,0.0,0.0,0.0,0.0,0.0,0.0
371753,8/25/2019,MICHIGAN.HUB,Hub,MLC,0.23,0.18,0.19,0.19,0.15,0.17,0.2,0.25,0.52,0.51,0.51,0.34,0.31,0.29,0.29,0.45,0.47,0.41,0.35,0.39,0.35,0.3,0.29,0.3
377961,8/26/2019,LOUISIANA.HUB,Hub,LMP,15.12,15.02,14.65,15.05,15.7,19.44,20.5,20.2,20.51,34.86,22.0,23.2,23.3,23.08,23.06,22.68,23.3,23.37,23.05,23.14,22.17,20.03,19.98,16.94
377962,8/26/2019,LOUISIANA.HUB,Hub,MCC,0.0,0.0,0.0,0.0,0.0,0.0,0.0,-0.01,0.0,0.0,0.0,0.0,0.0,0.0,0.0,0.0,0.07,0.05,0.0,0.0,0.18,0.44,0.02,0.04
377963,8/26/2019,LOUISIANA.HUB,Hub,MLC,0.32,0.31,0.23,0.17,0.07,-0.07,-0.21,-0.31,-0.3,-0.63,-0.38,-0.09,0.07,0.13,0.34,0.63,0.85,0.78,0.62,0.35,0.5,0.57,0.53,0.48
378423,8/26/2019,MICHIGAN.HUB,Hub,LMP,14.83,14.68,14.43,14.98,15.84,19.98,21.25,20.92,21.18,34.04,22.17,23.11,23.32,23.01,22.71,21.97,22.44,22.61,22.38,22.79,21.7,19.09,19.64,16.67
378424,8/26/2019,MICHIGAN.HUB,Hub,MCC,0.0,0.0,0.0,0.0,0.0,0.0,0.0,0.0,0.0,-2.01,-0.5,-0.26,0.0,0.0,0.0,0.0,0.12,0.09,0.0,0.0,0.3,0.07,0.0,0.0
378425,8/26/2019,MICHIGAN.HUB,Hub,MLC,0.04,-0.04,0.01,0.1,0.2,0.47,0.53,0.4,0.38,0.55,0.29,0.07,0.1,0.06,-0.01,-0.08,-0.07,-0.01,-0.05,0.01,-0.09,0.0,0.2,0.26
384633,8/27/2019,LOUISIANA.HUB,Hub,LMP,16.73,15.32,14.79,14.25,15.22,19.14,20.66,20.03,20.92,21.76,22.6,33.1,37.98,37.93,29.35,28.82,33.47,34.92,27.55,24.21,23.52,20.72,20.43,19.56
384634,8/27/2019,LOUISIANA.HUB,Hub,MCC,0.76,0.68,0.0,0.0,0.0,0.0,-0.51,-0.74,-8.0,-10.13,-0.64,0.0,0.0,2.86,4.27,0.61,1.1,1.55,1.12,0.08,0.0,0.0,0.01,0.0
384635,8/27/2019,LOUISIANA.HUB,Hub,MLC,0.46,0.45,0.41,0.42,0.31,0.09,-0.05,-0.15,-0.27,-0.35,-0.16,-0.19,0.15,0.37,0.62,0.8,0.92,0.9,0.69,0.66,0.66,0.72,0.88,0.77
385095,8/27/2019,MICHIGAN.HUB,Hub,LMP,15.7,14.34,14.62,14.13,15.34,19.87,22.54,22.38,34.16,38.33,24.7,34.87,39.45,36.09,25.5,28.72,33.0,34.69,27.78,24.59,23.78,20.83,20.36,19.7
385096,8/27/2019,MICHIGAN.HUB,Hub,MCC,0.0,0.0,0.0,0.0,0.0,0.0,0.22,0.31,3.45,4.49,0.29,0.0,0.0,0.0,0.0,0.0,0.0,0.48,0.78,0.12,0.0,0.0,0.0,0.0
385097,8/27/2019,MICHIGAN.HUB,Hub,MLC,0.19,0.15,0.24,0.31,0.43,0.82,1.11,1.15,1.52,1.6,1.02,1.57,1.63,1.4,1.03,1.32,1.55,1.73,1.25,0.99,0.92,0.83,0.82,0.91
391305,8/28/2019,LOUISIANA.HUB,Hub,LMP,16.83,16.03,14.13,14.53,15.0,19.6,18.86,19.21,20.08,21.14,21.65,22.0,23.97,28.29,36.67,49.1,33.25,29.39,27.33,23.44,24.07,20.54,19.85,17.87
391306,8/28/2019,LOUISIANA.HUB,Hub,MCC,0.0,0.0,0.0,0.0,0.0,0.0,0.0,0.0,0.0,0.0,0.0,0.0,0.3,3.11,8.27,1.29,4.36,0.0,0.0,0.0,0.0,0.0,0.0,0.0
391307,8/28/2019,LOUISIANA.HUB,Hub,MLC,0.6,0.53,0.48,0.42,0.34,0.27,0.28,0.25,0.19,0.1,0.4,0.82,1.0,1.31,1.75,2.85,1.57,1.15,0.6,0.11,-0.13,0.0,0.21,0.3
391767,8/28/2019,MICHIGAN.HUB,Hub,LMP,17.05,16.25,14.25,14.77,15.42,21.69,19.86,20.09,20.88,21.88,21.93,21.92,23.57,24.64,27.18,44.88,27.32,28.0,26.81,23.56,24.56,20.97,20.22,18.15
391768,8/28/2019,MICHIGAN.HUB,Hub,MCC,0.0,0.0,0.0,0.0,0.0,1.19,0.25,0.0,0.0,0.0,0.0,0.0,0.0,0.0,0.0,-0.75,-0.28,-0.33,-0.01,0.0,0.0,0.0,0.0,0.0
391769,8/28/2019,MICHIGAN.HUB,Hub,MLC,0.83,0.74,0.6,0.66,0.76,1.16,1.03,1.14,0.98,0.84,0.68,0.75,0.9,0.76,0.53,0.67,0.28,0.09,0.09,0.23,0.35,0.43,0.58,0.57
397977,8/29/2019,LOUISIANA.HUB,Hub,LMP,16.14,13.7,12.6,12.17,12.57,13.95,17.74,17.96,19.49,20.02,20.61,21.89,23.13,24.31,28.38,47.12,110.09,29.06,31.41,26.78,24.01,21.41,20.3,19.81
397978,8/29/2019,LOUISIANA.HUB,Hub,MCC,0.0,0.0,0.0,0.0,0.0,0.0,0.0,0.0,0.0,0.0,0.0,0.0,0.04,0.0,0.0,0.0,0.0,0.0,0.0,0.0,0.0,0.0,0.0,0.0
397979,8/29/2019,LOUISIANA.HUB,Hub,MLC,0.14,0.16,0.18,0.15,0.13,0.16,0.11,0.05,-0.03,0.22,0.46,0.7,0.87,0.75,0.84,1.44,3.45,0.76,0.6,0.16,0.09,0.2,0.24,0.29
398439,8/29/2019,MICHIGAN.HUB,Hub,LMP,16.69,14.15,13.21,12.93,13.72,15.15,19.11,19.09,20.81,20.91,20.99,21.91,22.95,24.12,27.98,45.87,106.28,28.68,31.55,27.56,24.68,21.9,20.84,20.48
398440,8/29/2019,MICHIGAN.HUB,Hub,MCC,0.0,0.0,0.15,0.28,0.52,0.55,0.4,0.0,0.01,0.0,0.0,0.0,0.06,0.0,0.0,-0.36,-2.04,-0.09,0.0,0.0,0.0,0.0,0.0,0.0
398441,8/29/2019,MICHIGAN.HUB,Hub,MLC,0.69,0.61,0.64,0.63,0.76,0.81,1.08,1.17,1.29,1.1,0.84,0.73,0.67,0.56,0.43,0.55,1.68,0.47,0.75,0.94,0.76,0.69,0.78,0.96
404649,8/30/2019,LOUISIANA.HUB,Hub,LMP,18.06,16.72,16.07,16.6,17.31,18.99,19.53,19.45,20.12,21.05,21.83,22.92,30.25,36.27,34.2,32.27,27.57,24.83,23.08,22.43,22.12,21.02,20.03,19.92
404650,8/30/2019,LOUISIANA.HUB,Hub,MCC,0.0,0.0,0.0,0.0,-0.04,-1.73,-0.71,-0.4,-0.51,-0.62,-1.46,-0.42,-1.32,0.0,0.0,0.0,0.0,0.0,0.0,0.0,0.0,0.0,0.0,0.0
404651,8/30/2019,LOUISIANA.HUB,Hub,MLC,0.23,0.19,0.09,-0.06,-0.18,-0.31,-0.23,-0.36,-0.39,-0.24,-0.2,-0.11,0.06,0.42,0.73,1.02,0.87,0.62,0.48,0.42,0.38,0.34,0.47,0.55
405111,8/30/2019,MICHIGAN.HUB,Hub,LMP,18.75,17.38,16.8,17.57,18.63,22.43,21.48,21.02,21.83,22.75,24.46,24.33,32.77,37.3,34.71,32.21,27.46,24.81,23.18,22.48,22.13,21.2,20.02,19.98
405112,8/30/2019,MICHIGAN.HUB,Hub,MCC,0.0,0.0,0.03,0.09,0.09,0.11,0.0,0.0,0.0,0.0,0.0,0.0,0.0,0.0,0.0,0.0,0.0,0.0,0.0,0.0,0.0,0.0,0.0,0.0
405113,8/30/2019,MICHIGAN.HUB,Hub,MLC,0.92,0.85,0.79,0.82,1.0,1.29,1.01,0.81,0.81,0.85,0.98,0.88,1.26,1.45,1.24,0.96,0.76,0.6,0.58,0.48,0.39,0.52,0.46,0.62
411321,8/31/2019,LOUISIANA.HUB,Hub,LMP,19.21,17.73,15.76,15.25,14.78,14.89,14.95,15.8,18.77,20.13,20.88,21.79,22.33,23.44,25.17,28.16,25.81,23.95,22.62,22.26,22.06,20.83,19.93,18.2
411322,8/31/2019,LOUISIANA.HUB,Hub,MCC,0.0,0.0,0.0,0.0,0.0,0.0,0.0,0.0,0.0,0.0,0.0,0.0,0.01,0.1,0.2,0.35,0.17,0.01,0.0,0.0,0.0,0.0,0.0,0.0
411323,8/31/2019,LOUISIANA.HUB,Hub,MLC,0.48,0.39,0.27,0.21,0.15,0.11,0.07,-0.06,0.03,0.19,0.39,0.51,0.71,0.8,0.83,0.98,0.92,0.88,0.73,0.65,0.43,0.39,0.5,0.57
411783,8/31/2019,MICHIGAN.HUB,Hub,LMP,19.41,17.95,16.02,15.62,15.25,15.48,15.62,16.76,19.71,20.87,21.16,21.84,22.01,23.13,24.93,27.86,25.46,23.43,22.14,21.91,22.11,21.03,20.0,18.22
411784,8/31/2019,MICHIGAN.HUB,Hub,MCC,0.0,0.0,0.0,0.0,0.0,0.0,0.0,0.0,0.0,0.0,0.0,0.0,0.01,0.16,0.31,0.54,0.25,0.01,0.0,0.0,0.0,0.0,0.0,0.0
411785,8/31/2019,MICHIGAN.HUB,Hub,MLC,0.67,0.62,0.53,0.57,0.63,0.71,0.74,0.9,0.98,0.94,0.66,0.56,0.39,0.45,0.49,0.49,0.48,0.37,0.26,0.3,0.48,0.59,0.57,0.59
418011,9/1/2019,LOUISIANA.HUB,Hub,LMP,16.42,15.43,14.71,14.42,13.98,13.7,14.31,14.99,17.58,20.01,20.44,21.04,21.67,22.57,22.77,23.2,23.28,23.39,22.5,21.75,21.52,20.47,19.98,18.93
418012,9/1/2019,LOUISIANA.HUB,Hub,MCC,0.0,0.0,0.0,0.0,0.0,0.0,0.0,0.0,0.0,0.0,0.0,0.0,0.0,0.0,0.0,0.06,0.0,0.0,0.0,0.0,0.0,0.0,0.0,0.0
418013,9/1/2019,LOUISIANA.HUB,Hub,MLC,0.44,0.29,0.23,0.16,0.12,0.14,0.04,-0.01,0.15,0.39,0.55,0.58,0.83,0.95,0.84,0.68,0.55,0.39,0.42,0.33,0.31,0.43,0.56,0.39
418482,9/1/2019,MICHIGAN.HUB,Hub,LMP,16.52,15.68,14.99,14.74,14.36,14.07,14.83,15.63,18.1,20.37,20.34,20.77,21.01,21.71,22.03,22.2,23.17,23.04,22.11,21.88,21.92,20.54,20.05,19.67
418483,9/1/2019,MICHIGAN.HUB,Hub,MCC,0.0,0.0,0.0,0.0,0.0,0.0,0.0,0.0,0.0,0.0,0.0,0.0,0.0,0.0,0.0,-0.36,0.4,0.02,0.0,0.3,0.48,0.2,0.23,0.61
418484,9/1/2019,MICHIGAN.HUB,Hub,MLC,0.55,0.55,0.51,0.48,0.5,0.51,0.55,0.63,0.67,0.75,0.45,0.31,0.17,0.1,0.1,0.1,0.05,0.03,0.03,0.16,0.24,0.29,0.41,0.52
424749,9/2/2019,LOUISIANA.HUB,Hub,LMP,16.85,15.54,14.28,13.89,13.43,14.14,14.39,14.97,18.27,21.1,21.86,22.84,39.53,25.85,40.3,30.54,54.55,25.06,24.52,23.1,23.14,20.78,19.78,17.72
424750,9/2/2019,LOUISIANA.HUB,Hub,MCC,0.0,0.0,0.0,0.0,0.0,0.0,0.0,0.0,0.0,0.0,0.0,0.22,1.3,0.54,0.81,0.52,0.65,0.21,0.16,0.0,0.0,0.0,0.0,0.0
424751,9/2/2019,LOUISIANA.HUB,Hub,MLC,0.31,0.32,0.27,0.22,0.21,0.16,0.18,0.17,0.27,0.41,0.49,0.55,1.2,0.89,1.35,1.07,1.91,0.87,0.74,0.63,0.47,0.46,0.75,0.65
425220,9/2/2019,MICHIGAN.HUB,Hub,LMP,17.43,15.75,14.47,14.14,13.72,14.56,14.88,15.56,18.89,21.7,22.61,23.18,41.79,26.0,44.58,32.56,62.05,25.49,26.13,25.91,27.47,23.33,21.87,18.37
425221,9/2/2019,MICHIGAN.HUB,Hub,MCC,0.31,0.0,0.0,0.0,0.0,0.0,0.0,0.04,0.03,0.12,0.47,0.42,3.82,1.11,5.64,2.93,8.85,0.97,1.81,2.68,4.02,2.28,2.07,0.44
425222,9/2/2019,MICHIGAN.HUB,Hub,MLC,0.58,0.53,0.46,0.48,0.5,0.58,0.67,0.72,0.85,0.89,0.76,0.69,0.94,0.46,0.79,0.67,1.2,0.52,0.71,0.76,0.78,0.73,0.76,0.86
431487,9/3/2019,LOUISIANA.HUB,Hub,LMP,17.26,15.31,14.78,12.11,13.99,19.28,19.85,20.37,20.66,22.0,23.45,24.1,24.07,25.03,30.5,26.11,54.52,26.62,28.48,26.79,23.82,21.54,21.08,20.76
431488,9/3/2019,LOUISIANA.HUB,Hub,MCC,0.0,0.0,0.0,0.0,0.0,0.0,0.0,0.0,0.0,0.0,0.0,0.0,0.0,0.0,1.81,0.2,4.38,0.34,0.9,0.0,0.0,0.0,0.0,0.0
431489,9/3/2019,LOUISIANA.HUB,Hub,MLC,0.53,0.4,0.26,0.24,0.24,0.03,0.03,-0.04,-0.06,0.11,0.26,0.37,0.62,0.91,0.96,1.1,2.09,0.91,0.85,0.49,0.25,0.25,0.38,0.44
431958,9/3/2019,MICHIGAN.HUB,Hub,LMP,19.5,17.49,17.08,12.55,14.47,20.46,20.83,21.35,21.5,22.66,23.97,24.56,23.89,24.29,17.56,23.81,22.52,23.53,21.57,26.69,24.0,21.81,21.32,21.15
431959,9/3/2019,MICHIGAN.HUB,Hub,MCC,1.96,2.02,2.13,0.19,0.0,0.0,0.0,0.0,0.0,0.0,0.0,0.0,0.0,0.0,-10.29,-1.17,-25.8,-1.98,-5.28,0.0,0.0,0.0,0.0,0.0
431960,9/3/2019,MICHIGAN.HUB,Hub,MLC,0.82,0.56,0.43,0.49,0.72,1.2,1.01,0.95,0.78,0.77,0.78,0.83,0.44,0.17,0.11,0.18,0.27,0.14,0.12,0.39,0.43,0.51,0.62,0.83
438225,9/4/2019,LOUISIANA.HUB,Hub,LMP,19.63,18.16,16.74,17.01,17.75,19.34,19.7,19.75,20.16,22.04,22.9,23.38,24.67,28.79,29.24,77.25,51.68,26.83,25.33,24.18,23.33,21.5,20.53,18.85
438226,9/4/2019,LOUISIANA.HUB,Hub,MCC,0.0,0.0,0.0,0.0,-0.07,-0.47,0.0,-0.11,-0.84,-32.04,-4.84,0.0,0.01,0.04,0.05,0.13,0.11,0.03,0.03,0.01,0.0,0.0,0.0,0.0
438227,9/4/2019,LOUISIANA.HUB,Hub,MLC,0.28,0.18,0.11,-0.01,-0.23,-0.49,-0.54,-0.67,-0.67,-1.5,-0.54,-0.15,0.12,0.31,0.61,1.91,1.31,0.84,0.68,0.35,0.18,0.41,0.59,0.34
438696,9/4/2019,MICHIGAN.HUB,Hub,LMP,20.26,18.8,17.33,17.7,18.93,21.63,21.29,21.62,22.8,58.27,29.66,24.5,25.36,29.33,29.38,77.46,51.76,26.58,25.16,24.48,23.79,21.74,20.65,19.3
438697,9/4/2019,MICHIGAN.HUB,Hub,MCC,0.0,0.0,0.0,0.0,0.03,0.22,0.0,0.0,0.04,0.01,0.01,0.0,0.0,0.0,0.0,0.0,0.0,0.0,0.0,0.0,0.0,0.0,0.0,0.0
438698,9/4/2019,MICHIGAN.HUB,Hub,MLC,0.92,0.82,0.7,0.68,0.84,1.11,1.04,1.09,1.1,2.68,1.37,0.97,0.82,0.89,0.81,2.25,1.5,0.62,0.54,0.66,0.64,0.64,0.71,0.79
444963,9/5/2019,LOUISIANA.HUB,Hub,LMP,17.22,15.34,14.18,14.2,15.47,17.69,18.61,19.13,19.56,20.5,21.78,22.78,23.42,23.78,27.61,42.41,31.81,27.41,25.89,25.3,24.34,21.87,21.07,20.09
444964,9/5/2019,LOUISIANA.HUB,Hub,MCC,0.04,0.0,0.0,0.0,-0.19,-0.26,0.0,0.0,0.0,0.0,0.0,0.0,0.0,0.01,2.67,4.12,1.74,0.07,0.02,0.01,0.0,0.0,0.0,0.0
444965,9/5/2019,LOUISIANA.HUB,Hub,MLC,0.21,0.22,0.19,0.02,-0.16,-0.32,-0.12,-0.17,-0.12,0.15,0.44,0.73,0.87,1.04,1.2,1.67,1.25,1.16,0.72,0.35,0.22,0.45,0.52,0.42
445434,9/5/2019,MICHIGAN.HUB,Hub,LMP,17.88,15.83,14.67,15.22,17.12,20.4,20.26,20.49,20.79,21.44,22.42,23.11,23.69,23.41,24.27,37.29,29.24,26.36,25.2,25.06,24.31,21.62,20.96,20.29
445435,9/5/2019,MICHIGAN.HUB,Hub,MCC,0.06,0.0,0.0,0.27,0.35,0.86,0.35,0.0,0.0,0.0,0.0,0.04,0.36,0.0,0.0,0.0,0.0,0.0,0.0,0.0,0.0,0.0,0.0,0.0
445436,9/5/2019,MICHIGAN.HUB,Hub,MLC,0.84,0.71,0.67,0.77,0.96,1.27,1.18,1.19,1.12,1.08,1.07,1.01,0.78,0.68,0.53,0.67,0.42,0.18,0.05,0.13,0.19,0.2,0.4,0.61
451701,9/6/2019,LOUISIANA.HUB,Hub,LMP,16.86,15.11,14.35,14.06,14.92,17.58,19.48,19.69,20.4,21.57,22.66,23.58,24.89,25.23,27.61,28.85,28.47,26.19,24.74,24.26,23.05,22.24,21.41,21.07
451702,9/6/2019,LOUISIANA.HUB,Hub,MCC,0.0,0.0,0.0,0.0,-0.2,-0.42,0.0,0.0,0.0,0.0,0.0,0.0,0.0,0.01,0.03,0.05,0.27,0.0,-0.08,0.0,0.0,0.0,0.0,0.0
451703,9/6/2019,LOUISIANA.HUB,Hub,MLC,0.39,0.31,0.24,0.17,-0.01,-0.18,-0.21,-0.34,-0.26,0.05,0.18,0.38,0.66,0.94,1.21,1.36,1.54,1.3,0.88,0.53,0.5,0.72,0.76,0.72
452172,9/6/2019,MICHIGAN.HUB,Hub,LMP,17.08,15.33,14.61,14.4,15.88,19.36,20.66,20.95,21.64,22.49,23.29,23.74,24.61,24.33,26.19,27.18,26.23,24.44,23.73,23.81,22.69,21.72,20.91,20.85
452173,9/6/2019,MICHIGAN.HUB,Hub,MCC,0.0,0.0,0.0,0.0,0.11,0.21,0.0,0.0,0.0,0.0,0.0,0.0,0.0,0.0,0.0,0.0,0.0,0.0,0.0,0.0,0.0,0.0,0.0,0.0
452174,9/6/2019,MICHIGAN.HUB,Hub,MLC,0.61,0.54,0.51,0.51,0.64,0.96,0.97,0.92,0.98,0.97,0.81,0.54,0.38,0.05,-0.18,-0.27,-0.42,-0.45,-0.22,0.08,0.14,0.2,0.26,0.5
458439,9/7/2019,LOUISIANA.HUB,Hub,LMP,20.23,18.96,18.39,17.51,16.13,16.89,18.35,18.92,20.09,21.32,22.22,23.57,26.91,28.47,28.46,47.02,31.12,26.4,27.13,24.53,23.41,22.27,21.44,20.92
458440,9/7/2019,LOUISIANA.HUB,Hub,MCC,0.0,0.0,0.0,0.0,0.0,0.0,0.0,0.0,0.0,0.0,0.0,0.0,2.06,1.85,1.06,1.22,3.65,0.52,1.81,0.02,0.0,0.0,0.11,0.01
458441,9/7/2019,LOUISIANA.HUB,Hub,MLC,0.69,0.56,0.36,0.24,0.14,0.05,-0.03,-0.09,0.09,0.21,0.44,0.66,1.11,1.19,1.3,2.31,1.44,1.45,1.36,1.15,1.09,1.2,1.32,1.16
458910,9/7/2019,MICHIGAN.HUB,Hub,LMP,20.1,18.92,18.68,17.99,16.75,17.73,19.46,20.25,21.09,22.04,22.51,23.59,24.31,26.07,26.65,44.45,26.64,24.74,24.27,23.92,22.91,21.62,20.41,20.64
458911,9/7/2019,MICHIGAN.HUB,Hub,MCC,0.0,0.0,0.0,0.0,0.0,0.0,0.0,0.0,0.0,0.0,0.0,0.0,0.0,0.0,0.0,0.0,0.0,0.0,0.0,0.0,0.0,0.0,0.0,0.3
458912,9/7/2019,MICHIGAN.HUB,Hub,MLC,0.56,0.52,0.65,0.72,0.77,0.89,1.09,1.25,1.09,0.93,0.73,0.67,0.56,0.64,0.55,0.97,0.61,0.32,0.32,0.56,0.58,0.55,0.4,0.59
465177,9/8/2019,LOUISIANA.HUB,Hub,LMP,19.51,17.12,16.12,15.14,15.3,15.4,16.42,18.52,20.1,21.41,22.3,28.59,41.82,42.59,40.71,38.57,37.9,27.57,25.02,25.37,23.48,22.26,21.55,21.3
465178,9/8/2019,LOUISIANA.HUB,Hub,MCC,0.01,0.0,0.0,0.0,0.0,0.0,0.0,0.0,0.0,0.0,0.0,5.13,17.72,17.57,15.56,13.55,12.64,2.59,0.63,1.47,0.16,0.05,0.02,0.0
465179,9/8/2019,LOUISIANA.HUB,Hub,MLC,0.94,0.72,0.55,0.49,0.42,0.36,0.32,0.3,0.57,0.76,0.99,1.17,1.3,1.42,1.51,1.55,1.59,1.52,1.54,1.38,1.32,1.41,1.36,1.24
465648,9/8/2019,MICHIGAN.HUB,Hub,LMP,19.25,17.01,16.13,15.2,15.49,15.69,16.87,19.23,20.38,21.5,22.06,22.91,23.26,24.02,23.77,23.55,23.76,23.54,23.16,22.99,22.49,21.27,20.62,20.68
465649,9/8/2019,MICHIGAN.HUB,Hub,MCC,0.08,0.0,0.0,0.0,0.0,0.0,0.0,0.0,0.0,0.0,0.0,0.0,0.0,0.0,0.0,0.0,0.0,0.0,0.0,0.0,0.0,0.0,0.0,0.0
465650,9/8/2019,MICHIGAN.HUB,Hub,MLC,0.62,0.62,0.55,0.56,0.62,0.65,0.77,1.01,0.85,0.85,0.76,0.62,0.47,0.42,0.13,0.08,0.1,0.08,0.29,0.47,0.49,0.46,0.45,0.62
471915,9/9/2019,LOUISIANA.HUB,Hub,LMP,20.44,18.7,18.69,18.11,19.27,20.35,21.43,21.33,21.74,22.6,23.92,29.48,29.76,93.52,43.81,366.7,117.27,25.12,28.33,24.91,22.88,22.13,20.68,19.65
471916,9/9/2019,LOUISIANA.HUB,Hub,MCC,0.0,0.12,0.43,0.0,0.0,0.0,0.0,0.0,0.0,0.0,0.0,0.0,0.37,17.52,11.44,91.97,28.17,0.0,-4.61,-5.27,-0.63,-0.01,0.0,0.0
471917,9/9/2019,LOUISIANA.HUB,Hub,MLC,1.08,0.86,0.65,0.5,0.41,0.47,0.58,0.57,0.57,0.4,0.38,0.44,0.83,2.43,1.52,14.15,4.0,0.95,1.07,0.84,0.67,0.84,1.03,0.91
472386,9/9/2019,MICHIGAN.HUB,Hub,LMP,20.06,18.3,18.22,18.5,19.97,21.12,22.17,22.13,22.61,23.7,24.92,30.42,29.82,76.66,31.84,266.05,86.19,24.68,32.95,30.94,23.95,22.21,21.08,20.31
472387,9/9/2019,MICHIGAN.HUB,Hub,MCC,0.0,-0.03,-0.11,0.0,0.0,0.0,0.0,0.0,0.0,0.0,0.0,0.0,0.0,0.0,0.0,0.0,0.0,0.0,0.0,0.41,0.15,0.14,0.72,0.83
472388,9/9/2019,MICHIGAN.HUB,Hub,MLC,0.71,0.62,0.72,0.88,1.11,1.23,1.32,1.37,1.44,1.5,1.39,1.38,1.26,3.1,0.99,5.47,1.09,0.52,1.07,1.2,0.95,0.76,0.7,0.74
478653,9/10/2019,LOUISIANA.HUB,Hub,LMP,18.09,17.02,15.24,15.16,16.1,19.2,20.77,20.81,21.04,22.42,23.23,23.94,24.65,26.95,36.78,59.68,35.02,34.5,348.0,25.09,24.5,23.74,22.19,20.79
478654,9/10/2019,LOUISIANA.HUB,Hub,MCC,0.0,-0.87,-0.23,0.0,-1.11,-3.38,-0.99,-0.43,-0.02,0.03,0.03,-0.02,0.1,0.0,-1.89,2.25,1.25,-4.27,-166.18,-0.64,0.02,-0.2,0.02,0.0
478655,9/10/2019,LOUISIANA.HUB,Hub,MLC,0.63,0.51,0.4,0.35,0.24,0.21,0.23,0.14,0.25,0.49,0.73,0.81,0.92,0.82,0.81,1.09,0.67,0.46,0.56,0.19,0.34,0.36,0.49,0.64
479124,9/10/2019,MICHIGAN.HUB,Hub,LMP,18.5,18.86,16.17,15.69,18.06,24.24,22.72,22.01,21.67,22.73,23.18,23.81,24.14,26.78,39.02,58.1,34.06,39.64,522.38,28.91,26.61,26.39,22.9,21.88
479125,9/10/2019,MICHIGAN.HUB,Hub,MCC,0.39,0.73,0.55,0.34,0.36,0.53,0.09,0.0,0.0,0.0,0.0,0.0,0.0,0.0,0.0,0.0,0.0,0.0,0.0,2.26,1.42,1.75,0.16,0.66
479126,9/10/2019,MICHIGAN.HUB,Hub,MLC,0.65,0.76,0.55,0.55,0.73,1.36,1.11,0.91,0.86,0.83,0.72,0.66,0.51,0.66,1.15,1.75,0.96,1.33,8.76,1.12,1.05,1.06,1.05,1.07
485391,9/11/2019,LOUISIANA.HUB,Hub,LMP,18.77,17.04,16.61,16.24,16.98,20.12,21.67,21.31,21.69,22.61,24.97,25.46,31.56,32.21,30.31,36.51,38.39,29.01,27.3,30.44,24.61,23.01,22.35,21.02
485392,9/11/2019,LOUISIANA.HUB,Hub,MCC,0.0,-0.49,-0.8,-0.82,-0.79,-1.82,-9.75,-3.84,-1.83,-1.47,-14.46,-5.17,-16.02,-2.34,-1.25,-0.99,-2.3,-67.0,-2.48,-18.21,-27.49,-0.16,0.0,-0.02
485393,9/11/2019,LOUISIANA.HUB,Hub,MLC,0.5,0.42,0.35,0.34,0.31,0.11,0.13,0.08,0.21,0.37,0.62,0.54,0.63,0.41,0.59,0.79,0.9,1.82,0.57,0.47,0.85,0.63,0.56,0.46
485862,9/11/2019,MICHIGAN.HUB,Hub,LMP,19.28,18.18,18.39,18.04,19.28,25.38,36.33,28.92,26.15,26.22,46.79,33.38,51.78,39.63,35.99,40.93,45.79,162.25,33.06,69.52,90.31,24.39,23.76,21.82
485863,9/11/2019,MICHIGAN.HUB,Hub,MCC,0.08,0.26,0.41,0.42,0.69,2.1,2.96,2.17,1.38,1.03,5.58,1.34,1.72,3.35,3.4,2.5,4.32,65.42,2.96,19.48,37.32,1.06,0.95,0.15
485864,9/11/2019,MICHIGAN.HUB,Hub,MLC,0.93,0.82,0.91,0.91,1.12,1.45,2.08,1.68,1.47,1.47,2.41,1.96,3.1,2.15,1.62,1.72,1.69,2.64,0.89,1.87,1.75,0.8,1.02,1.1
492129,9/12/2019,LOUISIANA.HUB,Hub,LMP,18.71,18.28,16.41,15.6,16.57,20.23,20.11,19.84,21.23,22.41,24.59,25.52,29.38,33.41,43.33,59.27,29.98,26.14,26.01,26.81,25.08,23.17,21.73,20.53
492130,9/12/2019,LOUISIANA.HUB,Hub,MCC,0.0,-0.09,-0.58,-0.97,-1.08,-1.98,-0.18,-0.14,-6.23,-0.28,-0.19,0.0,0.48,-1.19,0.0,1.55,0.68,1.64,0.0,-6.9,-0.37,0.0,0.08,0.0
492131,9/12/2019,LOUISIANA.HUB,Hub,MLC,0.46,0.35,0.28,0.24,0.14,-0.11,0.09,-0.03,0.0,0.24,0.42,0.52,0.65,0.58,0.88,0.99,0.48,0.39,0.37,0.15,0.18,0.58,0.66,0.39
492600,9/12/2019,MICHIGAN.HUB,Hub,LMP,19.08,18.75,17.7,17.63,19.05,25.78,21.88,21.56,33.05,24.03,25.38,25.94,29.29,38.52,49.34,17.61,7.64,16.22,27.23,39.63,27.85,23.48,21.78,20.58
492601,9/12/2019,MICHIGAN.HUB,Hub,MCC,0.0,0.05,0.31,0.52,0.56,1.86,0.23,0.31,4.15,0.43,0.0,0.0,0,3.27,5.42,-40.83,-21.86,-8.37,0.94,5.01,1.73,0.08,0.07,0.0
492602,9/12/2019,MICHIGAN.HUB,Hub,MLC,0.82,0.69,0.68,0.77,1.0,1.6,1.44,1.24,1.44,1.16,1.03,0.94,1.04,1.24,1.48,1.71,0.68,0.48,0.66,1.07,0.86,0.81,0.73,0.44
498867,9/13/2019,LOUISIANA.HUB,Hub,LMP,19.0,17.94,17.36,17.11,17.85,19.83,20.46,20.33,22.97,23.59,32.21,28.14,142.94,28.01,26.41,26.58,26.44,26.1,23.91,24.83,23.53,22.54,21.46,21.01
498868,9/13/2019,LOUISIANA.HUB,Hub,MCC,0.0,0.0,0.0,0.0,0.0,0.0,0.0,0.0,-32.18,-30.67,-5.49,0.0,0,0.0,0.0,0.0,0.0,2.13,0.0,0.46,0.08,0.02,0.0,0.0
498869,9/13/2019,LOUISIANA.HUB,Hub,MLC,0.4,0.41,0.31,0.22,0.1,-0.06,0.1,0.12,0.09,0.36,0.67,0.85,2.46,0.78,1.01,1.17,1.06,0.95,0.99,0.67,0.66,0.59,0.73,0.74
499338,9/13/2019,MICHIGAN.HUB,Hub,LMP,19.07,17.99,17.54,17.39,18.43,20.91,22.13,21.04,80.84,76.34,49.06,33.92,207.8,32.47,30.09,31.17,28.9,27.18,23.05,25.23,22.98,22.23,21.01,20.79
499339,9/13/2019,MICHIGAN.HUB,Hub,MCC,0.0,0.0,0.0,0.0,0.0,0.24,1.05,0.08,23.24,20.03,10.6,5.86,62.66,4.55,4.1,5.26,3.04,3.93,0.09,1.41,0.1,0.05,0.0,0.17
499340,9/13/2019,MICHIGAN.HUB,Hub,MLC,0.46,0.47,0.49,0.49,0.68,0.78,0.72,0.75,2.55,2.41,1.43,0.77,4.65,0.69,0.59,0.5,0.48,0.22,0.04,0.12,0.09,0.24,0.27,0.35
505605,9/14/2019,LOUISIANA.HUB,Hub,LMP,19.2,17.29,16.49,15.35,14.99,15.07,16.9,18.57,18.19,20.89,21.74,22.15,27.63,23.67,24.61,24.62,24.55,24.62,23.71,23.1,22.32,21.6,21.19,20.52
505606,9/14/2019,LOUISIANA.HUB,Hub,MCC,0.0,0.0,0.0,0.0,0.0,0.0,0.0,0.0,0.0,0.0,0.01,0.01,3.39,0.43,0.59,0.75,0.8,0.01,0.0,0.0,0.0,0.0,0.0,0.0
505607,9/14/2019,LOUISIANA.HUB,Hub,MLC,0.53,0.44,0.35,0.28,0.21,0.16,0.15,0.04,0.35,0.61,0.93,1.04,1.27,1.4,1.37,1.28,1.14,0.92,0.82,0.72,0.64,0.71,0.87,0.94
506076,9/14/2019,MICHIGAN.HUB,Hub,LMP,18.95,17.14,16.58,15.48,15.28,15.44,17.46,20.46,19.38,21.11,21.35,21.57,22.63,22.86,24.55,24.06,23.72,24.15,23.22,22.76,22.1,21.37,20.86,20.13
506077,9/14/2019,MICHIGAN.HUB,Hub,MCC,0.01,0.0,0.0,0.0,0.0,0.0,0.0,0.92,0.74,0.09,0.0,0.0,-0.78,0.67,1.62,1.13,0.79,0.09,0.0,0.0,0.0,0.0,0.0,0.0
506078,9/14/2019,MICHIGAN.HUB,Hub,MLC,0.27,0.28,0.43,0.42,0.5,0.53,0.71,1.01,0.8,0.75,0.54,0.47,0.43,0.34,0.28,0.34,0.31,0.38,0.32,0.38,0.42,0.49,0.54,0.56
512343,9/15/2019,LOUISIANA.HUB,Hub,LMP,19.48,18.31,16.34,15.69,15.74,16.0,17.2,18.07,19.57,20.81,22.39,23.27,24.3,26.12,26.9,141.08,48.7,65.04,26.62,25.72,23.81,22.73,21.36,20.51
512344,9/15/2019,LOUISIANA.HUB,Hub,MCC,0.06,0.0,0.0,0.0,0.0,0.0,0.0,0.0,0.0,0.0,0.0,0.0,0,0.0,0.0,0.0,0.0,0.15,-0.27,-2.87,-0.03,0.11,0.01,0.0
512345,9/15/2019,LOUISIANA.HUB,Hub,MLC,0.83,0.63,0.48,0.36,0.31,0.26,0.26,0.2,0.34,0.43,0.45,0.57,0.74,0.79,0.65,3.12,0.97,0.92,0.11,0.15,0.19,0.31,0.68,0.64
512814,9/15/2019,MICHIGAN.HUB,Hub,LMP,19.09,18.19,16.33,15.78,15.91,16.2,17.42,18.36,19.83,20.96,22.48,23.1,23.75,25.5,26.4,138.62,48.1,64.51,27.05,28.95,24.15,23.32,21.61,21.09
512815,9/15/2019,MICHIGAN.HUB,Hub,MCC,0.0,0.0,0.0,0.0,0.0,0.0,0.0,0.0,0.0,0.0,0.0,0.0,0,0.0,0.0,0.0,0.0,0.0,0.0,0.0,0.0,0.17,0.05,0.25
512816,9/15/2019,MICHIGAN.HUB,Hub,MLC,0.49,0.51,0.46,0.45,0.48,0.47,0.49,0.49,0.6,0.57,0.53,0.4,0.19,0.17,0.16,0.66,0.37,0.53,0.28,0.51,0.5,0.84,0.9,0.97
519081,9/16/2019,LOUISIANA.HUB,Hub,LMP,17.11,16.74,15.91,16.0,18.16,20.05,21.24,21.32,22.16,22.86,23.99,25.75,26.71,26.82,25.26,25.65,25.38,24.66,24.06,24.39,24.48,22.32,21.33,20.06
519082,9/16/2019,LOUISIANA.HUB,Hub,MCC,0.0,0.0,0.0,0.0,-0.15,-0.32,0.0,0.0,-0.71,-0.19,-0.68,-0.43,-0.22,-0.82,-2.64,-3.32,-1.42,0.03,0.13,0.18,0.96,0.34,0.32,0.0
519083,9/16/2019,LOUISIANA.HUB,Hub,MLC,0.56,0.42,0.32,0.23,0.1,0.06,0.13,0.07,0.03,0.06,0.14,0.14,0.06,-0.24,-0.13,-0.1,-0.04,0.01,0.15,0.13,0.12,0.3,0.54,0.39
519552,9/16/2019,MICHIGAN.HUB,Hub,LMP,17.6,17.58,16.82,16.67,19.58,22.15,22.6,22.69,24.33,24.3,25.92,27.37,28.35,29.22,29.33,30.39,28.13,25.64,25.15,25.29,24.6,22.88,21.62,20.7
519553,9/16/2019,MICHIGAN.HUB,Hub,MCC,0.28,0.48,0.45,0.05,0.23,0.45,0.0,0.0,0.0,0.0,0.0,0.0,0.18,0.06,0.04,0.03,0.19,0.06,0.24,0.0,0.0,0.0,0.0,0.0
519554,9/16/2019,MICHIGAN.HUB,Hub,MLC,0.76,0.78,0.78,0.85,1.14,1.4,1.5,1.44,1.48,1.3,1.4,1.33,1.29,1.27,1.26,1.3,1.11,0.97,1.14,1.2,1.21,1.2,1.14,1.02
525819,9/17/2019,LOUISIANA.HUB,Hub,LMP,17.31,16.5,15.7,15.47,17.46,19.73,20.41,20.14,21.62,23.43,23.97,24.54,25.4,27.46,28.09,28.74,26.16,26.36,25.63,25.91,23.72,21.72,20.59,19.13
525820,9/17/2019,LOUISIANA.HUB,Hub,MCC,0.0,0.0,0.0,0.0,0.0,0.0,0.0,0.0,0.0,0.0,0.03,0.23,0.82,1.7,0.62,-2.13,0.07,0.0,0.0,0.0,0.0,0.0,0.46,0.0
525821,9/17/2019,LOUISIANA.HUB,Hub,MLC,0.38,0.37,0.3,0.25,0.3,0.27,0.45,0.55,0.61,0.58,0.56,0.79,1.02,1.03,1.0,1.09,0.84,0.74,0.47,0.44,0.41,0.64,0.62,0.5
526290,9/17/2019,MICHIGAN.HUB,Hub,LMP,17.68,16.81,16.08,15.94,18.1,20.73,21.16,20.72,22.17,23.99,24.45,24.68,24.33,25.35,27.14,30.46,25.65,26.16,25.82,26.45,24.38,22.19,20.41,19.58
526291,9/17/2019,MICHIGAN.HUB,Hub,MCC,0.0,0.0,0.0,0.0,0.0,0.0,0.0,0.0,0.0,0.0,0.05,0.41,0.15,0.0,0.0,0.0,0.0,0.0,0.0,0.03,0.14,0.18,0.19,0.18
526292,9/17/2019,MICHIGAN.HUB,Hub,MLC,0.76,0.68,0.67,0.72,0.93,1.26,1.2,1.13,1.16,1.15,1.01,0.74,0.62,0.62,0.67,0.68,0.39,0.53,0.67,0.95,0.93,0.93,0.72,0.76
532557,9/18/2019,LOUISIANA.HUB,Hub,LMP,17.59,17.18,15.95,15.89,16.73,19.41,19.94,20.03,21.02,22.49,23.3,24.13,24.55,24.79,25.91,25.88,27.27,27.99,26.01,24.86,22.82,22.05,21.24,20.56
532558,9/18/2019,LOUISIANA.HUB,Hub,MCC,0.0,0.0,0.0,0.0,-0.14,-0.1,0.0,0.0,0.0,0.0,0.0,0.0,0.06,0.01,0.01,0.01,-0.6,-1.21,-0.07,0.0,0.0,0.0,0.0,0.0
532559,9/18/2019,LOUISIANA.HUB,Hub,MLC,0.37,0.3,0.31,0.21,0.12,-0.02,0.15,0.09,0.03,0.15,0.38,0.66,0.97,1.17,1.1,0.86,0.6,0.32,0.12,0.18,0.31,0.42,0.55,0.57
533028,9/18/2019,MICHIGAN.HUB,Hub,LMP,18.17,17.77,16.5,16.56,17.78,20.76,20.85,20.79,21.94,23.42,24.06,24.48,24.23,24.13,25.32,25.53,27.83,29.25,26.16,24.84,22.7,21.99,21.1,20.42
533029,9/18/2019,MICHIGAN.HUB,Hub,MCC,0.13,0.12,0.1,0.07,0.09,0.05,0.0,0.0,0.0,0.0,0.0,0.0,0.0,0.0,0.0,0.0,0.0,0.0,0.0,0.0,0.0,0.0,0.0,0.0
533030,9/18/2019,MICHIGAN.HUB,Hub,MLC,0.82,0.77,0.75,0.82,0.93,1.18,1.06,0.85,0.95,1.07,1.14,1.01,0.72,0.52,0.51,0.53,0.56,0.38,0.2,0.16,0.18,0.37,0.42,0.44
539295,9/19/2019,LOUISIANA.HUB,Hub,LMP,19.61,18.54,17.83,17.84,18.81,20.09,21.2,21.17,21.58,22.53,23.51,24.02,25.02,26.66,28.1,30.1,29.07,27.69,25.52,25.27,23.17,22.67,21.87,20.51
539296,9/19/2019,LOUISIANA.HUB,Hub,MCC,0.0,0.0,0.0,0.0,0.0,0.0,0.0,0.0,0.0,0.0,0.0,0.0,0.0,0.04,0.15,0.01,0.0,0.0,0.0,0.0,0.0,0.0,0.0,0.0
539297,9/19/2019,LOUISIANA.HUB,Hub,MLC,0.4,0.36,0.31,0.28,0.21,0.21,0.24,0.19,0.28,0.3,0.51,0.52,0.61,0.43,0.39,0.32,0.29,0.19,0.2,0.25,0.5,0.53,0.77,0.64
539766,9/19/2019,MICHIGAN.HUB,Hub,LMP,19.51,18.38,17.78,17.94,19.24,20.77,21.61,21.46,22.07,23.0,23.82,24.34,25.01,26.65,27.9,30.07,28.96,27.65,25.41,25.26,22.97,22.69,21.65,20.44
539767,9/19/2019,MICHIGAN.HUB,Hub,MCC,0.0,0.0,0.0,0.0,0.0,0.0,0.0,0.0,0.0,0.0,0.0,0.0,0.0,0.0,0.0,0.0,0.0,0.0,0.0,0.0,0.0,0.0,0.0,0.0
539768,9/19/2019,MICHIGAN.HUB,Hub,MLC,0.29,0.2,0.26,0.38,0.64,0.88,0.64,0.48,0.77,0.77,0.82,0.85,0.6,0.47,0.34,0.3,0.19,0.15,0.1,0.25,0.3,0.55,0.55,0.58
546033,9/20/2019,LOUISIANA.HUB,Hub,LMP,18.9,17.91,17.76,18.31,18.83,20.98,52.07,21.69,23.06,25.77,28.51,28.88,29.25,52.36,33.32,32.52,36.66,24.25,23.64,23.27,22.87,21.97,21.57,21.12
546034,9/20/2019,LOUISIANA.HUB,Hub,MCC,0.0,0.0,0.0,0.0,0.0,0.0,26.15,0.02,0.66,2.01,4.48,-6.52,4.13,15.07,7.19,6.52,8.99,-1.48,-0.77,0.0,0.0,0.0,0.0,0.0
546035,9/20/2019,LOUISIANA.HUB,Hub,MLC,0.51,0.43,0.29,0.24,0.21,0.13,0.19,0.16,0.17,0.08,0.07,-0.14,-0.08,-0.04,0.06,0.07,0.07,0.06,0.2,0.32,0.5,0.62,0.62,0.6
546504,9/20/2019,MICHIGAN.HUB,Hub,LMP,19.06,18.13,18.13,18.82,19.53,22.04,23.62,22.5,23.22,24.73,24.99,37.16,26.32,39.15,27.31,27.17,28.81,26.62,25.11,23.95,24.05,22.47,21.9,21.51
546505,9/20/2019,MICHIGAN.HUB,Hub,MCC,0.0,0.0,0.0,0.0,0.0,0.0,-3.49,0.0,0.0,0.0,0.0,0.0,0.0,0.0,0.0,0.0,0.0,0.0,0.0,0.0,0.51,0.0,0.0,0.0
546506,9/20/2019,MICHIGAN.HUB,Hub,MLC,0.67,0.65,0.65,0.75,0.91,1.18,1.37,0.98,0.99,1.06,1.03,1.62,1.12,1.81,1.23,1.24,1.21,0.95,0.89,1.0,1.18,1.12,0.95,0.99
552771,9/21/2019,LOUISIANA.HUB,Hub,LMP,19.11,18.51,18.26,17.58,17.43,18.55,18.18,19.31,21.02,22.93,23.88,26.68,26.5,27.79,39.38,36.73,25.65,25.43,25.13,24.84,23.93,23.16,22.25,21.54
552772,9/21/2019,LOUISIANA.HUB,Hub,MCC,0.0,0.0,0.0,0.0,0.0,0.0,0.0,0.0,0.0,0.0,0.0,0.0,0.05,0.35,1.96,1.49,0.17,0.03,0.0,0.0,0.0,0.0,0.0,0.0
552773,9/21/2019,LOUISIANA.HUB,Hub,MLC,0.38,0.27,0.09,0.01,-0.02,-0.06,-0.04,-0.12,-0.03,0.21,0.52,0.48,0.41,0.53,0.65,0.59,0.52,0.58,0.43,0.34,0.4,0.64,0.63,0.45
553242,9/21/2019,MICHIGAN.HUB,Hub,LMP,19.66,19.21,19.01,18.35,18.34,19.68,19.15,20.66,22.18,25.06,25.11,30.86,28.2,29.35,47.6,39.13,26.71,26.2,25.71,25.57,24.57,23.68,22.49,21.91
553243,9/21/2019,MICHIGAN.HUB,Hub,MCC,0.0,0.0,0.0,0.0,0.0,0.0,0.0,0.23,0.02,1.0,0.25,2.81,0.19,0.51,8.23,2.22,0.25,0.15,0.0,0.0,0.0,0.0,0.0,0.0
553244,9/21/2019,MICHIGAN.HUB,Hub,MLC,0.93,0.96,0.84,0.78,0.9,1.06,0.93,1.0,1.1,1.34,1.48,1.85,1.96,1.93,2.61,2.24,1.5,1.23,1.01,1.06,1.04,1.16,0.87,0.82
559509,9/22/2019,LOUISIANA.HUB,Hub,LMP,20.79,19.56,19.41,19.14,18.18,18.42,18.4,18.39,19.97,22.36,25.04,33.46,28.09,58.82,29.44,30.95,38.48,36.81,37.73,76.74,25.21,24.37,22.98,21.68
559510,9/22/2019,LOUISIANA.HUB,Hub,MCC,0.0,0.0,0.0,0.0,0.0,0.0,0.0,0.0,0.0,0.0,0.0,0.0,0.04,3.5,0.8,0.76,0.74,0.02,0.0,0.0,0.0,0.05,0.0,0.17
559511,9/22/2019,LOUISIANA.HUB,Hub,MLC,0.18,0.08,-0.06,-0.12,-0.12,-0.16,-0.15,-0.12,0.17,0.47,0.72,0.67,0.8,1.91,1.18,1.28,1.49,1.29,0.77,1.31,0.5,0.58,0.68,0.53
559980,9/22/2019,MICHIGAN.HUB,Hub,LMP,21.33,20.0,19.98,19.77,18.8,19.16,19.14,19.06,20.45,22.62,25.16,34.18,28.49,61.11,29.92,31.43,39.23,37.27,38.76,79.02,25.82,24.91,23.31,22.32
559981,9/22/2019,MICHIGAN.HUB,Hub,MCC,0.0,0.0,0.0,0.0,0.0,0.0,0.0,0.0,0.0,0.0,0.0,0.0,0.06,5.46,1.34,1.16,1.12,0.03,0.0,0.0,0.0,0.07,0.0,0.25
559982,9/22/2019,MICHIGAN.HUB,Hub,MLC,0.71,0.52,0.52,0.51,0.5,0.59,0.59,0.55,0.65,0.73,0.83,1.39,1.17,2.24,1.12,1.36,1.87,1.74,1.8,3.59,1.11,1.11,1.01,1.09
566247,9/23/2019,LOUISIANA.HUB,Hub,LMP,20.27,19.7,19.32,19.61,20.09,21.33,26.51,22.11,22.52,23.69,27.68,29.4,34.75,61.54,61.37,66.5,34.96,30.35,25.78,26.64,23.38,21.89,20.66,19.47
566248,9/23/2019,LOUISIANA.HUB,Hub,MCC,0.0,0.0,0.0,0.01,0.0,-1.66,-86.45,0.0,0.0,-0.02,-3.59,0.28,0.81,12.06,18.62,21.38,6.02,2.21,0.0,0.0,0.07,0.01,0.04,0.0
566249,9/23/2019,LOUISIANA.HUB,Hub,MLC,0.56,0.41,0.33,0.23,0.08,-0.05,-0.44,0.04,0.09,0.08,0.12,0.2,0.47,1.49,1.6,1.82,1.24,1.01,0.67,0.63,0.8,0.79,0.79,0.7
566718,9/23/2019,MICHIGAN.HUB,Hub,LMP,20.64,20.14,19.91,20.44,21.23,24.56,120.75,23.39,23.74,24.88,32.74,30.6,35.86,52.35,44.77,46.86,28.16,27.3,25.24,26.47,23.05,21.62,20.34,19.31
566719,9/23/2019,MICHIGAN.HUB,Hub,MCC,0.0,0.0,0.0,0.01,0.0,0.04,0.0,0.0,0.02,0.0,0.04,0.4,1.17,3.12,2.79,3.01,0.19,0.0,0.0,0.0,0.0,0.0,0.0,0.01
566720,9/23/2019,MICHIGAN.HUB,Hub,MLC,0.92,0.85,0.92,1.06,1.23,1.5,7.35,1.32,1.29,1.25,1.55,1.28,1.22,1.25,0.82,0.55,0.26,0.17,0.14,0.46,0.54,0.52,0.51,0.53
572985,9/24/2019,LOUISIANA.HUB,Hub,LMP,17.26,16.01,15.08,15.24,17.82,19.4,20.94,19.17,20.02,21.35,22.55,26.83,28.23,33.19,48.3,46.61,41.51,29.67,30.61,32.15,22.3,21.71,20.45,19.35
572986,9/24/2019,LOUISIANA.HUB,Hub,MCC,0.0,0.0,0.0,0.0,0.0,0.0,0.0,0.0,0.0,0.0,0.1,2.2,2.91,5.75,13.45,14.43,12.37,4.26,3.71,2.4,0.55,0.89,0.7,0.16
572987,9/24/2019,LOUISIANA.HUB,Hub,MLC,0.49,0.37,0.26,0.19,0.04,0.01,0.07,0.14,0.03,-0.09,0.05,0.16,0.36,0.61,0.98,1.1,1.14,0.75,0.63,0.42,0.56,0.92,1.02,0.92
573456,9/24/2019,MICHIGAN.HUB,Hub,LMP,17.23,16.16,15.38,15.68,18.69,20.47,26.69,21.46,23.66,23.66,24.43,28.61,29.8,28.84,35.33,33.04,29.63,25.91,29.03,36.73,23.13,22.09,19.5,18.9
573457,9/24/2019,MICHIGAN.HUB,Hub,MCC,0.0,0.0,0.0,0.0,0.0,0.0,4.58,1.47,2.61,1.01,0.66,2.66,3.5,0.76,0.05,0.81,0.78,0.56,1.95,6.42,1.29,1.67,0.27,0.15
573458,9/24/2019,MICHIGAN.HUB,Hub,MLC,0.46,0.52,0.57,0.63,0.91,1.08,1.23,0.96,1.06,1.21,1.37,1.48,1.34,1.25,1.41,1.14,0.84,0.69,0.81,0.99,0.64,0.52,0.5,0.48
579723,9/25/2019,LOUISIANA.HUB,Hub,LMP,17.91,16.34,15.42,15.43,17.08,19.57,19.87,19.76,20.53,22.27,23.08,23.36,26.43,30.45,58.22,81.53,166.5,30.32,40.52,26.93,23.72,22.57,21.2,20.48
579724,9/25/2019,LOUISIANA.HUB,Hub,MCC,0.0,0.0,0.0,0.0,0.0,0.11,0.0,0.0,0.0,0.39,0.7,0.36,0.86,2.17,13.56,28.72,82.65,3.17,6.63,0.16,0.01,0.32,0.07,0.06
579725,9/25/2019,LOUISIANA.HUB,Hub,MLC,0.71,0.61,0.53,0.46,0.32,0.23,0.4,0.27,0.19,0.24,0.34,0.42,0.63,0.66,1.27,1.79,3.01,0.96,0.83,0.35,0.34,0.65,0.73,0.65
580194,9/25/2019,MICHIGAN.HUB,Hub,LMP,17.68,16.1,15.24,15.29,17.22,20.12,20.46,20.1,21.01,22.32,22.6,23.06,25.02,26.79,41.66,39.52,54.52,25.57,32.1,26.77,23.79,22.2,20.88,20.44
580195,9/25/2019,MICHIGAN.HUB,Hub,MCC,0.03,0.02,0.01,0.0,0.0,0.18,0.44,0.09,0.06,0.06,0.02,0.0,-0.3,-1.02,-1.79,-11.47,-26.34,-0.64,-1.24,-0.04,0.01,0.12,0.0,0.08
580196,9/25/2019,MICHIGAN.HUB,Hub,MLC,0.45,0.36,0.34,0.32,0.47,0.71,0.55,0.51,0.61,0.63,0.54,0.47,0.37,0.19,0.06,-0.03,0.02,0.02,0.28,0.39,0.41,0.48,0.49,0.59
586461,9/26/2019,LOUISIANA.HUB,Hub,LMP,17.74,17.1,14.82,15.64,17.82,19.35,20.77,20.59,21.48,22.61,23.31,24.74,28.24,34.38,53.8,78.04,71.59,27.34,24.35,24.64,21.47,20.41,19.77,17.57
586462,9/26/2019,LOUISIANA.HUB,Hub,MCC,0.1,0.0,0.0,0.0,0.0,0.0,0.0,0.0,0.0,0.0,0.0,0.18,2.75,6.28,17.03,30.4,35.77,2.93,1.37,1.34,0.53,0.32,0.11,0.19
586463,9/26/2019,LOUISIANA.HUB,Hub,MLC,0.55,0.49,0.38,0.26,0.08,0.01,-0.01,0.02,-0.05,0.0,-0.02,0.27,0.64,0.72,1.13,1.86,1.36,0.8,0.7,0.63,0.73,0.98,0.78,0.67
586932,9/26/2019,MICHIGAN.HUB,Hub,LMP,19.52,17.97,14.89,16.27,19.87,20.54,21.69,21.36,22.3,23.26,23.99,25.19,25.6,28.87,38.11,42.57,23.31,22.23,22.6,23.1,20.45,19.26,19.34,17.26
586933,9/26/2019,MICHIGAN.HUB,Hub,MCC,1.81,0.85,0.0,0.33,1.37,0.34,0.0,0.0,0.0,0.0,0.0,0.26,0.23,1.0,2.09,-3.3,-11.17,-1.57,0.0,0.0,0.0,0.0,0.0,0.0
586934,9/26/2019,MICHIGAN.HUB,Hub,MLC,0.62,0.51,0.45,0.56,0.77,0.87,0.91,0.78,0.77,0.66,0.66,0.64,0.51,0.49,0.38,0.09,0.01,0.18,0.32,0.44,0.24,0.16,0.47,0.55
593199,9/27/2019,LOUISIANA.HUB,Hub,LMP,13.4,12.35,11.94,11.75,14.0,18.82,19.57,19.97,20.75,22.21,23.29,24.51,30.75,42.18,27.19,38.11,29.05,30.92,24.08,23.18,22.43,20.99,20.46,20.04
593200,9/27/2019,LOUISIANA.HUB,Hub,MCC,0.01,0.0,0.0,0.0,0.0,0.0,0.0,0.0,0.0,0.0,0.0,0.0,0.23,4.52,1.0,3.85,1.5,5.06,0.0,0.03,0.89,0.19,0.15,0.0
593201,9/27/2019,LOUISIANA.HUB,Hub,MLC,0.5,0.42,0.3,0.22,0.19,-0.01,0.18,0.07,0.07,0.21,0.47,0.57,1.0,1.18,1.28,1.73,1.29,0.97,0.9,0.78,0.79,0.81,0.67,0.54
593670,9/27/2019,MICHIGAN.HUB,Hub,LMP,13.23,12.23,11.96,11.86,14.3,19.61,19.91,20.23,20.82,22.17,22.99,24.04,28.26,15.29,19.19,18.18,19.62,-3.47,23.17,22.48,21.56,20.77,20.86,20.49
593671,9/27/2019,MICHIGAN.HUB,Hub,MCC,0.0,0.0,0.0,0.0,0.0,0.0,0.0,0.0,0.0,0.0,0.0,0.0,-1.18,-21.07,-5.42,-14.06,-6.39,-28.22,0.0,0.0,0.66,0.64,1.04,0.8
593672,9/27/2019,MICHIGAN.HUB,Hub,MLC,0.34,0.3,0.32,0.34,0.48,0.78,0.52,0.33,0.15,0.17,0.17,0.09,-0.08,-0.12,-0.31,-0.3,-0.25,-0.14,-0.01,0.11,0.15,0.15,0.19,0.18
599937,9/28/2019,LOUISIANA.HUB,Hub,LMP,18.71,17.96,17.33,16.57,16.02,17.16,18.64,19.2,19.37,21.06,21.7,22.3,38.43,32.32,24.6,33.26,25.08,23.05,22.13,22.19,20.89,19.88,18.98,17.91
599938,9/28/2019,LOUISIANA.HUB,Hub,MCC,0.0,0.0,0.0,0.0,0.0,0.0,0.0,0.0,0.0,0.0,0.0,0.03,11.06,6.22,1.41,5.78,1.59,0.99,1.33,0.92,0.82,1.3,0.21,0.0
599939,9/28/2019,LOUISIANA.HUB,Hub,MLC,0.39,0.28,0.2,0.16,0.12,0.11,0.04,0.08,0.26,0.39,0.52,0.63,1.12,1.03,0.91,1.12,0.92,0.96,0.86,0.6,0.59,0.7,0.71,0.64
600408,9/28/2019,MICHIGAN.HUB,Hub,LMP,18.63,18.46,17.37,16.71,16.26,17.51,19.1,19.68,19.62,21.25,21.69,22.32,25.33,26.0,23.39,32.87,24.07,21.66,20.49,21.61,20.82,18.26,18.57,17.64
600409,9/28/2019,MICHIGAN.HUB,Hub,MCC,0.15,0.57,0.0,0.0,0.0,0.0,0.0,0.0,0.0,0.0,0.0,0.22,-1.27,0.61,0.9,6.2,1.26,0.34,0.27,0.51,0.98,0.18,0.23,0.01
600410,9/28/2019,MICHIGAN.HUB,Hub,MLC,0.17,0.2,0.24,0.31,0.35,0.47,0.5,0.56,0.51,0.58,0.51,0.46,0.35,0.32,0.22,0.31,0.24,0.22,0.28,0.43,0.36,0.21,0.28,0.36
606675,9/29/2019,LOUISIANA.HUB,Hub,LMP,14.63,13.86,13.12,11.41,11.81,12.21,12.9,14.74,17.51,19.4,20.43,21.68,22.65,24.22,25.38,25.44,23.99,22.87,22.08,22.05,20.65,19.52,19.14,17.24
606676,9/29/2019,LOUISIANA.HUB,Hub,MCC,0.0,0.0,0.0,0.0,0.0,0.0,0.0,0.0,0.0,0.0,0.0,0.79,1.0,1.79,3.45,3.22,0.65,0.0,0.03,0.65,0.17,0.14,0.16,0.06
606677,9/29/2019,LOUISIANA.HUB,Hub,MLC,0.6,0.56,0.48,0.39,0.31,0.28,0.25,0.23,0.28,0.53,0.71,0.74,0.8,0.87,0.84,0.75,0.77,0.73,0.6,0.54,0.5,0.63,0.62,0.54
607146,9/29/2019,MICHIGAN.HUB,Hub,LMP,14.26,14.23,12.82,11.17,11.66,12.11,12.87,14.85,17.74,19.53,20.22,20.95,21.51,22.0,18.71,13.89,22.54,22.11,22.21,22.04,20.75,20.45,19.56,18.71
607147,9/29/2019,MICHIGAN.HUB,Hub,MCC,0.0,0.73,0.0,0.01,0.0,0.0,0.0,0.0,0.0,0.2,0.26,0.54,0.46,0.4,-2.32,-7.51,0.0,0.0,0.58,0.93,0.52,1.58,0.99,1.76
607148,9/29/2019,MICHIGAN.HUB,Hub,MLC,0.22,0.19,0.17,0.14,0.17,0.18,0.22,0.33,0.51,0.46,0.24,0.25,0.2,0.05,-0.06,-0.08,-0.05,-0.03,0.18,0.25,0.25,0.12,0.22,0.31
613413,9/30/2019,LOUISIANA.HUB,Hub,LMP,15.32,14.59,12.58,11.51,13.2,17.57,19.15,19.33,20.29,21.53,22.13,23.92,24.26,25.31,31.94,25.4,29.61,27.79,23.34,23.7,21.83,21.44,20.81,19.89
613414,9/30/2019,LOUISIANA.HUB,Hub,MCC,0.07,0.6,0.17,0.01,0.35,0.0,0.39,0.37,0.23,0.0,0.09,-0.08,0.83,1.15,3.9,-1.05,1.16,3.21,0.44,-0.08,0.25,0.42,0.36,0.31
613415,9/30/2019,LOUISIANA.HUB,Hub,MLC,0.41,0.34,0.25,0.21,0.14,-0.08,-0.02,-0.05,0.0,-0.05,0.16,0.23,0.31,0.48,0.49,0.54,0.48,0.21,0.03,-0.02,0.22,0.27,0.32,0.21
613884,9/30/2019,MICHIGAN.HUB,Hub,LMP,16.09,14.33,12.44,11.76,13.11,19.34,19.74,19.73,20.64,22.12,22.35,24.17,23.44,23.72,21.24,22.58,23.18,26.82,22.81,23.72,21.35,20.84,19.4,19.11
613885,9/30/2019,MICHIGAN.HUB,Hub,MCC,0.94,0.4,0.01,0.21,0.03,0.95,0.22,0.06,-0.05,-0.07,-0.08,-0.07,-0.02,-0.09,-6.25,-3.3,-4.77,2.4,0.0,0.0,0.0,0.02,-0.78,-0.42
613886,9/30/2019,MICHIGAN.HUB,Hub,MLC,0.31,0.27,0.27,0.26,0.37,0.75,0.75,0.66,0.63,0.61,0.55,0.46,0.34,0.12,-0.06,-0.04,-0.02,0.05,-0.05,-0.09,-0.01,0.06,0.05,0.17
