,MARKET_DAY,NODE,TYPE,VALUE,HE01,HE02,HE03,HE04,HE05,HE06,HE07,HE08,HE09,HE10,HE11,HE12,HE13,HE14,HE15,HE16,HE17,HE18,HE19,HE20,HE21,HE22,HE23,HE24
4332,01/01/2017,LOUISIANA.HUB,Hub,LMP,23.81,22.71,23.11,22.33,22.54,22.46,20.2,23.44,24.39,24.06,24.69,24.78,24.22,24.13,24.37,23.92,24.35,28.58,28.15,29.91,25.49,24.28,23.48,22.28
4333,01/01/2017,LOUISIANA.HUB,Hub,MCC,0.67,0.08,0.17,0.0,0.0,0.0,0.0,0.0,0.0,0.0,0.0,0.0,0.0,0.0,0.0,0.0,0.0,0.0,0.0,0.0,0.0,0.0,0.0,-0.14
4334,01/01/2017,LOUISIANA.HUB,Hub,MLC,1.05,0.97,1.05,0.92,0.86,0.74,0.69,0.68,0.64,0.66,0.75,0.88,1.02,1.02,1.01,0.99,0.9,0.75,0.55,0.75,0.89,0.97,1.07,1.02
4764,01/01/2017,MICHIGAN.HUB,Hub,LMP,23.37,22.86,25.35,22.31,22.59,22.58,20.17,23.6,24.47,23.96,24.27,24.06,23.37,23.3,23.61,23.24,23.93,28.5,28.28,29.94,25.46,24.32,23.53,22.36
4765,01/01/2017,MICHIGAN.HUB,Hub,MCC,0.17,0.08,2.46,0.0,0.0,0.0,0.0,0.0,0.0,0.0,0.0,0.0,0.0,0.0,0.0,0.0,0.0,0.0,0.0,0.0,0.0,0.0,0.0,-0.14
4766,01/01/2017,MICHIGAN.HUB,Hub,MLC,1.12,1.12,1.0,0.89,0.91,0.85,0.66,0.84,0.72,0.56,0.34,0.17,0.17,0.2,0.25,0.31,0.48,0.66,0.68,0.78,0.86,1.0,1.12,1.1
10977,01/02/2017,LOUISIANA.HUB,Hub,LMP,21.78,21.6,21.6,21.18,21.04,21.37,21.61,22.47,23.33,24.56,33.36,32.1,43.99,33.06,28.29,30.55,31.21,32.97,41.63,64.14,41.25,35.9,24.9,24.07
10978,01/02/2017,LOUISIANA.HUB,Hub,MCC,-0.03,-0.06,0.0,0.0,0.0,0.0,0.0,0.0,0.0,0.0,0.0,0.0,0.0,0.02,0.0,0.02,0.02,0.02,0.18,0.28,0.0,0.0,0.0,0.0
10979,01/02/2017,LOUISIANA.HUB,Hub,MLC,0.86,0.81,0.79,0.71,0.7,0.72,0.76,0.78,0.72,0.78,1.05,0.95,0.96,0.6,0.66,0.61,0.42,0.05,0.01,0.27,0.09,-0.01,0.4,0.67
11409,01/02/2017,MICHIGAN.HUB,Hub,LMP,21.96,21.78,21.75,21.34,21.3,21.65,21.95,22.8,23.61,24.78,33.63,32.25,44.3,33.21,28.32,30.67,31.51,33.81,41.82,64.5,41.87,36.75,25.12,24.1
11410,01/02/2017,MICHIGAN.HUB,Hub,MCC,-0.03,-0.06,0.0,0.0,0.0,0.0,0.0,0.0,0.0,0.0,0.0,0.0,0.0,0.0,0.0,0.0,0.0,0.0,-0.03,-0.05,0.0,0.0,0.0,0.0
11411,01/02/2017,MICHIGAN.HUB,Hub,MLC,1.04,1.0,0.93,0.87,0.97,1.01,1.11,1.11,1.0,1.0,1.31,1.1,1.27,0.77,0.69,0.76,0.74,0.91,0.4,0.96,0.71,0.85,0.62,0.7
17622,01/03/2017,LOUISIANA.HUB,Hub,LMP,22.58,22.21,21.61,21.41,22.24,22.75,25.1,29.45,29.1,29.38,31.16,28.39,39.22,29.3,31.33,26.37,25.78,26.3,28.34,50.29,34.49,26.55,24.94,23.72
17623,01/03/2017,LOUISIANA.HUB,Hub,MCC,0.01,0.0,0.0,0.0,0.02,0.06,0.14,0.07,0.12,-0.08,-0.06,-0.06,1.69,0.31,0.49,0.07,-0.19,-0.09,-0.02,0.54,-0.23,-0.06,-0.04,-0.04
17624,01/03/2017,LOUISIANA.HUB,Hub,MLC,0.68,0.63,0.61,0.57,0.56,0.59,0.68,0.68,0.38,0.52,0.66,0.61,1.27,1.09,1.25,1.19,1.02,0.96,1.01,1.79,1.13,0.99,1.19,1.06
18054,01/03/2017,MICHIGAN.HUB,Hub,LMP,22.77,22.46,22.0,21.96,22.96,23.5,26.05,30.53,30.42,30.6,32.5,29.67,38.43,29.63,32.21,27.51,28.63,26.81,28.42,49.7,34.93,26.58,24.63,23.35
18055,01/03/2017,MICHIGAN.HUB,Hub,MCC,0.01,0.0,0.0,0.0,0.02,0.06,0.14,0.07,0.12,-0.08,-0.06,-0.06,-0.29,-0.23,0.47,0.73,2.02,-0.09,-0.09,-0.37,-0.25,-0.06,-0.04,-0.04
18056,01/03/2017,MICHIGAN.HUB,Hub,MLC,0.86,0.87,1.01,1.11,1.29,1.34,1.63,1.75,1.7,1.73,2.0,1.89,2.45,1.96,2.14,1.68,1.66,1.47,1.16,2.1,1.59,1.02,0.88,0.69
24267,01/04/2017,LOUISIANA.HUB,Hub,LMP,22.04,22.31,22.53,22.64,22.78,23.18,26.06,54.91,30.5,28.48,28.16,27.19,28.2,26.32,25.47,25.57,26.03,69.09,92.21,80.88,52.66,39.05,31.46,26.09
24268,01/04/2017,LOUISIANA.HUB,Hub,MCC,-0.02,-0.13,-0.04,-0.09,-0.02,-0.03,-0.09,0.12,-0.27,-0.16,-0.1,0.0,-0.02,-0.01,-0.07,-0.03,-0.09,1.5,-2.12,-8.0,-4.8,-0.51,0.07,0.02
24269,01/04/2017,LOUISIANA.HUB,Hub,MLC,0.85,0.85,0.8,0.74,0.65,0.68,0.59,1.15,0.2,0.24,0.28,0.26,0.1,0.09,0.05,0.04,-0.03,-0.44,-2.08,-1.79,-0.97,-0.25,-0.04,0.15
24699,01/04/2017,MICHIGAN.HUB,Hub,LMP,21.8,21.94,22.15,22.32,22.53,22.83,26.0,54.35,30.3,28.22,28.03,27.09,28.28,26.46,25.64,25.76,26.33,68.51,77.06,53.59,43.98,39.13,31.67,26.28
24700,01/04/2017,MICHIGAN.HUB,Hub,MCC,-0.02,-0.13,-0.04,-0.09,-0.02,-0.03,-0.09,0.12,-0.27,-0.16,-0.1,0.0,-0.02,-0.01,-0.07,-0.03,-0.09,-0.17,-18.34,-35.97,-14.04,-0.7,0.07,0.02
24701,01/04/2017,MICHIGAN.HUB,Hub,MLC,0.61,0.49,0.43,0.42,0.41,0.32,0.53,0.59,0.0,-0.02,0.15,0.16,0.19,0.23,0.22,0.23,0.27,0.65,-1.02,-1.11,-0.41,0.01,0.18,0.34
30912,01/05/2017,LOUISIANA.HUB,Hub,LMP,25.08,24.35,24.22,24.1,24.42,25.54,25.16,29.64,32.25,31.59,38.25,38.34,29.39,27.8,27.08,27.01,26.01,48.49,35.6,32.33,28.45,31.59,29.28,28.75
30913,01/05/2017,LOUISIANA.HUB,Hub,MCC,0.02,0.01,0.0,0.0,0.0,0.0,0.01,-0.23,-0.23,-0.17,-0.29,-0.18,-0.16,-0.19,-0.3,-0.22,-0.11,-0.73,-0.08,-0.21,-0.24,0.0,0.02,-0.01
30914,01/05/2017,LOUISIANA.HUB,Hub,MLC,0.36,0.48,0.57,0.56,0.58,0.45,0.25,0.48,-0.16,-0.37,-0.74,-1.32,-0.98,-0.73,-0.6,-0.54,-0.46,-1.29,-1.18,-0.73,-0.26,-0.19,-0.13,-0.28
31344,01/05/2017,MICHIGAN.HUB,Hub,LMP,25.02,24.14,23.97,23.92,24.27,25.66,25.52,29.53,32.69,32.39,39.67,40.46,31.0,29.37,28.64,28.65,27.42,52.24,37.83,33.79,29.55,32.66,30.04,29.79
31345,01/05/2017,MICHIGAN.HUB,Hub,MCC,0.02,0.01,0.0,0.0,0.0,0.0,0.01,-0.23,-0.23,-0.17,-0.3,-0.03,-0.14,-0.17,-0.3,-0.22,-0.11,-0.11,-0.04,-0.21,-0.24,0.0,0.02,0.0
31346,01/05/2017,MICHIGAN.HUB,Hub,MLC,0.3,0.27,0.32,0.38,0.44,0.56,0.61,0.37,0.28,0.43,0.69,0.65,0.6,0.83,0.95,1.1,0.95,1.84,1.01,0.73,0.84,0.88,0.63,0.74
37557,01/06/2017,LOUISIANA.HUB,Hub,LMP,26.36,26.24,25.53,26.77,28.65,28.88,32.61,50.66,58.25,38.32,40.41,38.87,35.65,39.21,41.17,35.2,33.47,37.83,62.43,42.15,36.81,43.83,37.68,214.71
37558,01/06/2017,LOUISIANA.HUB,Hub,MCC,0.0,-0.01,0.0,0.0,-0.01,-0.01,-0.04,-1.68,-13.28,-2.28,-0.83,-2.67,-2.17,0.1,-0.79,0.11,0.42,0.59,1.65,0.86,0.49,0.74,0.33,7.17
37559,01/06/2017,LOUISIANA.HUB,Hub,MLC,-0.27,-0.32,-0.3,-0.36,-0.53,-0.77,-1.18,-2.31,-4.2,-2.36,-2.09,-1.86,-1.35,-0.93,-0.64,-0.41,0.04,0.22,0.14,0.4,0.4,0.63,0.56,2.34
37989,01/06/2017,MICHIGAN.HUB,Hub,LMP,27.39,27.36,26.55,27.8,29.85,30.39,34.62,42.47,48.63,39.78,42.25,40.45,37.93,39.92,42.4,35.68,33.16,37.01,59.85,40.26,35.6,42.48,36.86,205.31
37990,01/06/2017,MICHIGAN.HUB,Hub,MCC,0.0,-0.01,0.0,0.0,0.0,0.0,0.01,-11.8,-25.84,-2.78,-0.77,-2.81,-1.13,-0.24,-0.39,-0.12,-0.05,-0.06,-0.19,0.02,-0.06,-0.04,-0.02,-0.86
37991,01/06/2017,MICHIGAN.HUB,Hub,MLC,0.76,0.8,0.71,0.67,0.66,0.73,0.78,-0.38,-1.27,-0.39,-0.3,-0.14,-0.11,0.12,0.19,0.32,0.2,0.05,-0.61,-0.65,-0.27,0.06,0.09,0.98
44202,01/07/2017,LOUISIANA.HUB,Hub,LMP,38.71,34.81,42.8,33.07,34.51,36.87,33.54,64.5,96.04,37.67,42.95,42.49,33.97,33.46,30.06,28.2,30.11,41.32,39.4,36.43,38.33,37.53,52.63,47.88
44203,01/07/2017,LOUISIANA.HUB,Hub,MCC,0.17,0.08,0.39,0.03,0.06,-0.02,-0.31,4.74,5.27,-0.46,0.68,0.63,-0.23,-0.36,-1.34,-1.24,-0.87,-1.04,-0.82,-0.68,-0.51,0.78,10.45,4.76
44204,01/07/2017,LOUISIANA.HUB,Hub,MLC,0.52,0.6,0.88,0.84,1.16,1.4,1.68,2.99,5.04,2.34,2.36,2.1,1.37,1.29,1.25,1.15,1.05,0.91,0.91,1.08,1.28,1.6,2.08,1.86
44634,01/07/2017,MICHIGAN.HUB,Hub,LMP,38.72,35.12,42.86,33.13,34.31,36.4,32.72,60.33,86.01,35.44,39.75,39.57,33.02,32.8,29.57,27.89,30.02,41.49,38.69,35.47,37.25,33.56,33.35,37.99
44635,01/07/2017,MICHIGAN.HUB,Hub,MCC,-0.01,0.02,0.06,0.03,0.02,-0.15,-0.29,2.14,-1.5,-0.85,-0.67,-0.76,-0.39,-0.36,-1.4,-1.27,-0.88,-1.04,-0.84,-0.7,-0.65,-1.79,-6.86,-3.62
44636,01/07/2017,MICHIGAN.HUB,Hub,MLC,0.71,0.97,1.27,0.91,1.0,1.06,0.83,1.42,1.77,0.5,0.52,0.56,0.59,0.63,0.82,0.86,0.96,1.08,0.22,0.14,0.35,0.19,0.09,0.36
50847,01/08/2017,LOUISIANA.HUB,Hub,LMP,38.66,34.35,34.29,36.99,36.59,30.54,32.14,103.31,65.72,34.19,30.93,30.93,27.9,26.37,24.58,24.14,24.43,28.35,61.57,33.91,37.46,36.66,31.46,30.41
50848,01/08/2017,LOUISIANA.HUB,Hub,MCC,1.0,2.75,2.75,-0.2,4.83,1.06,1.95,53.36,17.14,3.32,-0.15,-0.2,-1.01,-0.12,0.22,0.03,0.01,0.0,-4.1,-1.4,-0.94,-1.59,-1.44,-0.28
50849,01/08/2017,LOUISIANA.HUB,Hub,MLC,1.37,1.06,1.18,1.39,1.32,1.35,1.52,2.48,2.35,1.23,1.25,1.13,0.88,0.59,0.47,0.62,0.52,0.31,0.45,1.35,1.77,2.15,1.82,1.32
51279,01/08/2017,MICHIGAN.HUB,Hub,LMP,36.4,29.57,29.2,36.34,27.67,28.32,28.26,34.82,24.6,25.86,32.84,32.59,30.68,27.66,27.35,25.48,25.34,29.76,62.27,33.37,36.51,34.58,30.66,32.49
51280,01/08/2017,MICHIGAN.HUB,Hub,MCC,-0.51,-1.71,-1.93,-0.53,-3.76,-0.59,-1.31,-13.84,-23.09,-4.57,2.19,1.4,1.32,0.41,2.21,0.68,0.01,0.04,-6.29,-2.06,-1.67,-2.96,-1.52,2.01
51281,01/08/2017,MICHIGAN.HUB,Hub,MLC,0.62,0.75,0.77,1.06,1.0,0.78,0.9,1.19,1.46,0.8,0.83,1.19,1.33,1.34,1.25,1.31,1.43,1.68,3.34,1.46,1.55,1.44,1.11,1.11
57492,01/09/2017,LOUISIANA.HUB,Hub,LMP,34.59,28.51,30.29,29.73,33.01,27.48,33.36,92.54,41.19,69.33,35.29,58.22,32.1,32.52,31.24,28.91,28.47,33.82,30.76,30.33,28.76,14.29,23.2,22.14
57493,01/09/2017,LOUISIANA.HUB,Hub,MCC,-1.11,-1.08,-0.71,-0.1,-0.4,-0.4,-1.15,-3.01,-0.64,15.57,0.55,7.65,0.03,-1.5,-9.51,0.33,0.01,-39.65,-0.38,-0.57,-49.1,-37.51,-0.22,-0.1
57494,01/09/2017,LOUISIANA.HUB,Hub,MLC,1.35,1.2,1.17,0.93,0.97,1.01,1.78,4.63,1.12,0.5,-0.11,-0.61,-0.65,-0.72,-0.92,-0.5,-0.4,-1.62,-0.43,0.09,1.02,1.97,0.63,0.43
57924,01/09/2017,MICHIGAN.HUB,Hub,LMP,36.64,28.97,29.86,29.5,32.98,26.98,31.64,84.18,38.66,55.44,36.06,54.73,34.76,37.54,45.02,31.46,31.57,84.49,33.91,32.67,128.5,99.68,23.98,22.96
57925,01/09/2017,MICHIGAN.HUB,Hub,MCC,0.95,-0.37,-0.71,-0.1,-0.4,-0.4,-1.57,-7.14,-2.34,1.31,0.05,1.09,0.18,0.51,0.49,0.36,0.45,3.1,-0.06,-0.31,46.5,46.54,-0.2,-0.1
57926,01/09/2017,MICHIGAN.HUB,Hub,MLC,1.34,0.95,0.74,0.7,0.94,0.51,0.47,0.4,0.29,0.87,1.17,2.48,1.86,2.29,2.85,2.02,2.25,6.29,2.38,2.17,5.16,3.3,1.39,1.26
64137,01/10/2017,LOUISIANA.HUB,Hub,LMP,22.58,22.67,22.8,22.36,22.59,22.81,25.75,52.33,27.38,22.79,22.81,23.3,22.68,22.34,21.98,26.0,25.31,22.68,24.33,24.66,24.98,34.96,23.18,23.65
64138,01/10/2017,LOUISIANA.HUB,Hub,MCC,-0.05,0.39,0.53,0.23,0.24,0.19,1.01,8.94,0.41,-1.54,-0.72,-1.6,-0.13,-2.1,-3.1,-7.92,-7.93,-2.1,-1.49,-0.5,-3.52,-15.7,-1.84,-1.49
64139,01/10/2017,LOUISIANA.HUB,Hub,MLC,0.43,0.39,0.33,0.32,0.31,0.36,0.5,0.94,0.35,0.57,0.52,0.33,0.19,0.2,0.29,0.38,0.33,0.19,0.14,0.41,0.43,0.09,0.09,-0.22
64569,01/10/2017,MICHIGAN.HUB,Hub,LMP,23.0,24.24,23.62,22.87,23.66,23.32,26.17,29.86,24.57,24.5,22.57,21.32,20.29,24.78,23.81,94.32,92.74,23.72,25.46,29.71,25.69,147.97,23.8,38.28
64570,01/10/2017,MICHIGAN.HUB,Hub,MCC,-0.41,1.19,0.6,0.08,0.52,0.0,0.64,-14.36,-3.36,-0.77,-2.03,-4.96,-3.74,-1.01,-2.59,58.7,57.74,-2.4,-1.49,3.82,-3.52,95.63,-1.84,12.3
64571,01/10/2017,MICHIGAN.HUB,Hub,MLC,1.2,1.16,1.08,0.99,1.1,1.07,1.29,1.77,1.3,1.5,1.59,1.71,1.41,1.56,1.61,2.1,2.1,1.54,1.27,1.14,1.14,1.77,0.71,0.63
70782,01/11/2017,LOUISIANA.HUB,Hub,LMP,23.99,38.51,34.49,32.13,32.54,31.7,30.71,31.35,27.75,28.72,24.82,23.1,22.98,23.1,23.65,23.42,23.44,25.42,29.07,29.42,26.95,25.85,23.33,23.02
70783,01/11/2017,LOUISIANA.HUB,Hub,MCC,1.33,17.21,13.27,11.1,11.49,8.71,0.34,-1.26,-3.18,-0.71,-0.01,-1.02,-0.84,-0.44,-1.51,-0.55,-0.14,-0.86,-0.82,1.57,1.73,0.93,0.0,-0.55
70784,01/11/2017,LOUISIANA.HUB,Hub,MLC,-0.01,-0.15,-0.37,-0.38,-0.43,-0.53,-0.54,-0.39,-0.2,-0.1,0.23,0.47,0.66,0.65,0.75,0.71,0.61,0.43,0.34,0.7,0.92,0.99,0.82,0.59
71214,01/11/2017,MICHIGAN.HUB,Hub,LMP,23.04,21.38,21.89,21.72,21.95,24.32,32.82,33.33,29.17,29.97,25.64,24.53,24.33,23.8,24.1,23.56,23.73,25.9,29.57,27.49,24.91,24.7,23.15,23.13
71215,01/11/2017,MICHIGAN.HUB,Hub,MCC,-0.03,-0.48,-0.39,-0.41,-0.36,-0.21,0.26,-1.28,-3.18,-0.71,-0.01,-0.12,0.03,-0.27,-1.39,-0.55,-0.05,-0.83,-0.82,-0.4,-0.2,-0.09,0.0,-0.55
71216,01/11/2017,MICHIGAN.HUB,Hub,MLC,0.41,0.41,0.69,0.73,0.83,1.01,1.65,1.63,1.23,1.15,1.04,1.01,1.14,1.18,1.07,0.86,0.81,0.87,0.83,0.74,0.81,0.85,0.64,0.7
77427,01/12/2017,LOUISIANA.HUB,Hub,LMP,22.41,21.95,21.97,22.24,22.59,23.38,29.13,36.74,36.27,32.5,33.62,26.47,28.48,26.47,28.47,27.95,28.74,27.12,33.86,35.86,36.81,31.9,28.03,24.48
77428,01/12/2017,LOUISIANA.HUB,Hub,MCC,-0.01,0.0,0.0,0.0,0.0,0.0,0.0,0.0,1.5,0.0,1.44,-3.76,-1.6,0.0,0.31,0.27,0.04,0.0,0.0,0.46,0.86,0.21,-0.18,-0.06
77429,01/12/2017,LOUISIANA.HUB,Hub,MLC,0.27,0.24,0.2,0.13,0.05,0.0,-0.07,-0.22,-0.67,-0.33,-0.17,0.37,0.79,0.9,1.16,1.13,1.23,1.02,0.89,0.81,0.57,0.33,0.14,0.1
77859,01/12/2017,MICHIGAN.HUB,Hub,LMP,22.81,22.28,22.26,22.58,23.07,24.1,30.47,37.91,35.86,33.5,33.66,34.87,32.25,26.92,28.71,28.08,28.85,27.3,33.82,35.04,35.73,31.39,26.14,24.02
77860,01/12/2017,MICHIGAN.HUB,Hub,MCC,-0.01,0.0,0.0,0.0,0.0,0.0,0.0,0.0,-0.04,0.0,0.34,4.06,1.65,0.0,0.31,0.27,0.04,0.0,0.0,-0.01,-0.04,-0.01,-1.84,-0.48
77861,01/12/2017,MICHIGAN.HUB,Hub,MLC,0.68,0.57,0.49,0.47,0.54,0.72,1.27,0.95,0.47,0.66,0.97,0.95,1.31,1.36,1.4,1.27,1.34,1.2,0.85,0.47,0.38,0.04,-0.08,0.06
84072,01/13/2017,LOUISIANA.HUB,Hub,LMP,23.3,22.61,22.64,22.48,22.68,23.51,29.74,31.43,42.09,32.76,31.88,45.31,29.2,29.02,28.83,27.69,27.38,30.36,31.85,28.21,26.77,29.99,26.41,24.59
84073,01/13/2017,LOUISIANA.HUB,Hub,MCC,0.0,0.0,0.0,0.0,0.0,0.0,0.17,-0.32,-7.53,-2.36,-0.05,0.1,-0.99,-0.48,1.77,0.5,0.98,0.34,2.2,1.25,0.48,1.74,0.78,0.3
84074,01/13/2017,LOUISIANA.HUB,Hub,MLC,0.0,-0.13,-0.29,-0.35,-0.43,-0.55,-0.89,-1.04,-2.19,-1.35,-1.16,-1.29,-0.58,-0.23,-0.04,0.07,0.1,-0.03,-0.33,-0.04,0.13,0.24,0.35,0.31
84504,01/13/2017,MICHIGAN.HUB,Hub,LMP,23.5,22.94,23.15,23.06,23.38,24.55,31.59,33.06,39.18,34.57,33.42,47.33,30.21,30.09,27.42,27.47,26.7,30.72,30.35,27.37,26.67,28.8,26.1,24.86
84505,01/13/2017,MICHIGAN.HUB,Hub,MCC,0.0,0.0,0.0,0.0,0.0,0.0,0.22,-0.3,-12.7,-2.34,-0.03,0.13,-0.98,-0.12,-0.11,-0.03,-0.06,-0.03,-0.14,-0.08,-0.03,-0.12,-0.05,-0.02
84506,01/13/2017,MICHIGAN.HUB,Hub,MLC,0.21,0.2,0.22,0.23,0.27,0.48,0.91,0.58,0.08,0.44,0.37,0.7,0.43,0.47,0.43,0.38,0.47,0.7,0.51,0.46,0.54,0.9,0.87,0.91
90717,01/14/2017,LOUISIANA.HUB,Hub,LMP,24.64,24.0,24.32,23.77,23.23,22.97,22.85,23.79,24.84,30.67,34.55,42.33,32.01,31.74,27.65,26.6,27.75,28.26,44.28,32.07,38.18,29.66,31.79,25.09
90718,01/14/2017,LOUISIANA.HUB,Hub,MCC,0.0,0.0,0.0,0.0,0.0,0.0,0.0,0.0,0.0,0.0,0.0,0.0,0.0,0.0,0.0,0.0,0.0,0.0,0.0,0.0,0.0,0.0,0.0,0.0
90719,01/14/2017,LOUISIANA.HUB,Hub,MLC,0.16,-0.04,-0.16,-0.22,-0.2,-0.17,-0.24,-0.29,-0.4,-0.44,-0.2,-0.13,0.03,0.33,0.57,0.82,0.79,0.62,0.55,0.48,0.49,0.39,0.47,0.42
91149,01/14/2017,MICHIGAN.HUB,Hub,LMP,25.51,25.16,25.75,25.12,24.49,24.2,24.16,25.22,26.21,32.11,35.82,43.95,33.23,32.54,27.99,26.53,27.72,28.52,44.64,32.13,38.52,30.1,32.34,25.29
91150,01/14/2017,MICHIGAN.HUB,Hub,MCC,0.0,0.0,0.0,0.0,0.0,0.0,0.0,0.0,0.0,0.0,0.0,0.0,0.0,0.0,0.0,0.0,0.0,0.0,0.0,0.0,0.0,0.0,0.0,0.0
91151,01/14/2017,MICHIGAN.HUB,Hub,MLC,1.03,1.12,1.27,1.13,1.06,1.06,1.07,1.14,0.97,1.0,1.07,1.5,1.24,1.13,0.9,0.75,0.76,0.88,0.91,0.54,0.84,0.82,1.02,0.61
97362,01/15/2017,LOUISIANA.HUB,Hub,LMP,24.73,25.59,24.74,24.46,23.98,23.45,23.34,25.39,26.42,28.57,29.24,27.24,25.7,25.64,25.52,25.07,26.69,25.66,33.43,29.6,34.25,27.91,24.81,23.44
97363,01/15/2017,LOUISIANA.HUB,Hub,MCC,0.0,0.0,0.0,0.01,0.26,0.06,0.14,0.65,1.32,1.44,1.59,1.0,0.48,-0.01,-0.07,-0.09,-0.11,-0.12,-0.13,-0.12,-0.03,0.0,0.0,0.0
97364,01/15/2017,LOUISIANA.HUB,Hub,MLC,0.28,0.12,0.15,0.13,0.02,0.08,0.18,0.07,0.04,0.26,0.47,0.54,0.68,0.81,0.96,1.0,0.93,0.75,0.7,0.86,1.06,0.9,0.81,0.59
97794,01/15/2017,MICHIGAN.HUB,Hub,LMP,25.06,26.22,25.37,25.17,24.72,24.36,24.23,26.18,26.62,28.49,28.71,27.06,25.78,25.95,25.66,25.16,27.15,26.31,34.09,29.93,34.46,28.1,24.95,23.73
97795,01/15/2017,MICHIGAN.HUB,Hub,MCC,0.0,0.0,0.0,0.0,0.02,0.0,0.01,0.05,0.1,0.1,0.11,0.07,0.13,0.13,0.14,0.14,0.18,0.23,0.24,0.22,0.05,0.0,0.0,0.0
97796,01/15/2017,MICHIGAN.HUB,Hub,MLC,0.61,0.75,0.78,0.86,1.01,1.06,1.2,1.46,1.47,1.51,1.41,1.29,1.11,0.98,0.89,0.86,1.1,1.06,0.98,0.85,1.2,1.09,0.95,0.89
104007,01/16/2017,LOUISIANA.HUB,Hub,LMP,23.22,22.72,22.63,22.82,22.67,22.73,23.35,24.97,28.35,36.72,39.96,42.87,43.58,33.99,30.83,28.09,28.99,28.66,45.64,36.19,51.11,30.68,27.75,24.23
104008,01/16/2017,LOUISIANA.HUB,Hub,MCC,0.0,0.0,0.0,0.0,0.0,0.0,0.0,0.0,0.0,0.0,0.14,-0.05,-0.16,-0.22,-0.66,-0.65,-0.75,-0.9,-0.71,-0.96,-0.97,-0.85,-0.65,-1.19
104009,01/16/2017,LOUISIANA.HUB,Hub,MLC,0.41,0.31,0.19,0.17,0.13,0.1,0.03,-0.11,-0.3,-0.23,-0.19,0.18,0.27,0.37,0.41,0.64,0.82,0.63,0.7,0.81,0.84,0.57,0.71,0.74
104439,01/16/2017,MICHIGAN.HUB,Hub,LMP,23.71,23.28,23.33,23.57,23.43,23.44,24.24,26.09,29.51,38.05,41.4,44.6,45.93,34.89,31.59,28.6,29.36,29.33,46.14,36.12,51.14,30.88,27.94,24.27
104440,01/16/2017,MICHIGAN.HUB,Hub,MCC,0.0,0.0,0.0,0.0,0.0,0.0,0.0,0.0,0.0,0.0,0.14,0.34,0.93,-0.07,-0.4,-0.34,-0.59,-0.49,-0.34,-0.61,-0.97,-0.85,-0.65,-1.19
104441,01/16/2017,MICHIGAN.HUB,Hub,MLC,0.9,0.87,0.89,0.92,0.89,0.8,0.92,1.01,0.86,1.09,1.25,1.52,1.53,1.13,0.9,0.83,1.04,0.89,0.82,0.39,0.87,0.77,0.89,0.78
110652,01/17/2017,LOUISIANA.HUB,Hub,LMP,23.78,23.46,23.0,22.9,22.87,23.86,29.65,40.41,38.8,34.03,30.02,32.4,34.44,30.9,28.88,29.43,32.24,45.08,44.35,42.1,44.35,28.09,25.12,23.73
110653,01/17/2017,LOUISIANA.HUB,Hub,MCC,-0.62,-0.11,0.02,0.02,0.01,-0.75,-0.77,-1.15,-25.0,-3.52,-5.87,-2.43,-1.3,-0.93,-0.89,-1.11,-0.3,-1.82,-10.62,-0.9,-3.79,-5.99,-0.14,0.0
110654,01/17/2017,LOUISIANA.HUB,Hub,MLC,0.51,0.35,0.33,0.34,0.35,0.16,-0.18,-0.41,-1.38,-0.66,-0.27,0.16,0.57,0.8,0.96,1.12,1.21,1.25,1.14,1.23,1.04,0.97,0.98,1.01
111084,01/17/2017,MICHIGAN.HUB,Hub,LMP,24.07,23.72,23.27,23.19,23.12,24.88,33.47,41.92,36.38,35.47,31.14,33.46,35.36,31.1,29.34,29.22,31.57,42.5,44.64,40.86,43.93,27.45,24.77,23.49
111085,01/17/2017,MICHIGAN.HUB,Hub,MCC,-0.62,-0.11,0.02,0.02,0.01,-0.44,1.7,-1.11,-29.63,-3.28,-5.58,-2.15,-0.94,-1.05,-0.45,-1.18,-0.99,-5.07,-10.9,-2.05,-4.17,-6.34,-0.14,0.0
111086,01/17/2017,MICHIGAN.HUB,Hub,MLC,0.79,0.61,0.6,0.63,0.59,0.87,1.17,1.06,0.84,0.54,0.57,0.93,1.13,1.11,0.97,0.98,1.22,1.92,1.71,1.14,1.01,0.68,0.64,0.78
117297,01/18/2017,LOUISIANA.HUB,Hub,LMP,23.26,22.65,22.13,22.26,22.27,24.11,28.07,39.27,36.05,31.57,28.15,28.69,29.25,32.63,30.43,32.98,36.73,32.92,122.72,52.74,66.42,31.01,32.32,22.4
117298,01/18/2017,LOUISIANA.HUB,Hub,MCC,0.0,0.0,0.0,0.0,0.21,1.16,0.91,-0.05,-0.76,-0.79,-0.01,-0.05,-0.19,4.42,3.66,6.59,8.87,3.54,72.43,18.69,34.08,5.71,9.17,0.76
117299,01/18/2017,LOUISIANA.HUB,Hub,MLC,0.72,0.58,0.55,0.51,0.48,0.35,0.11,0.0,-0.22,0.26,0.5,0.87,1.1,1.26,1.28,1.34,1.26,1.03,1.75,1.18,1.18,1.22,1.27,1.25
117729,01/18/2017,MICHIGAN.HUB,Hub,LMP,23.57,23.22,22.69,22.88,23.55,28.92,32.61,41.6,38.73,33.67,29.18,29.36,28.07,27.11,25.42,25.31,27.68,28.04,22.06,29.71,21.74,24.82,22.22,22.74
117730,01/18/2017,MICHIGAN.HUB,Hub,MCC,0.0,0.0,0.0,0.0,0.82,4.98,3.7,0.08,-0.14,-0.09,0.0,0.02,-1.78,-1.31,-1.44,-1.1,-0.5,-2.28,-29.34,-5.1,-11.09,-0.34,-0.61,1.5
117731,01/18/2017,MICHIGAN.HUB,Hub,MLC,1.03,1.16,1.11,1.12,1.15,1.34,1.86,2.21,1.84,1.66,1.52,1.46,1.51,1.46,1.37,1.36,1.57,1.97,2.86,1.94,1.67,1.08,0.94,0.86
123942,01/19/2017,LOUISIANA.HUB,Hub,LMP,21.67,21.29,21.12,20.88,21.03,21.6,24.22,32.11,48.84,30.18,28.33,27.33,25.97,27.42,26.26,25.12,25.19,26.88,29.2,30.13,27.64,28.28,24.19,22.85
123943,01/19/2017,LOUISIANA.HUB,Hub,MCC,-0.12,0.02,0.87,1.76,1.49,0.3,-0.15,0.05,-0.06,-0.05,0.06,-0.02,0.05,0.33,0.09,0.14,0.15,0.32,-0.96,-2.12,-1.75,-0.89,-0.75,0.0
123944,01/19/2017,LOUISIANA.HUB,Hub,MLC,1.08,0.93,0.61,0.5,0.36,0.15,-0.13,-0.25,-0.67,-0.15,-0.13,0.06,0.21,0.13,0.17,0.27,0.13,-0.19,-0.2,0.05,0.12,0.14,0.27,0.24
124374,01/19/2017,MICHIGAN.HUB,Hub,LMP,22.53,21.98,21.55,21.42,21.88,22.71,25.79,33.8,51.59,31.78,29.97,28.69,27.05,28.78,27.35,26.02,26.2,28.58,31.29,32.07,29.21,30.03,25.2,23.66
124375,01/19/2017,MICHIGAN.HUB,Hub,MCC,0.95,0.74,0.89,1.76,1.67,0.54,0.0,0.05,0.09,0.09,0.17,0.11,0.21,0.43,0.15,0.12,0.13,0.3,-0.68,-1.88,-1.65,-0.77,-0.75,0.0
124376,01/19/2017,MICHIGAN.HUB,Hub,MLC,0.88,0.9,1.01,1.03,1.03,1.02,1.28,1.44,1.93,1.32,1.4,1.28,1.14,1.39,1.2,1.19,1.16,1.52,1.62,1.75,1.59,1.77,1.29,1.06
130587,01/20/2017,LOUISIANA.HUB,Hub,LMP,22.42,22.15,21.75,21.61,21.99,22.41,24.08,28.7,28.28,29.57,30.0,28.79,30.72,30.11,27.39,26.93,26.51,26.0,26.33,26.03,25.6,24.82,23.41,22.05
130588,01/20/2017,LOUISIANA.HUB,Hub,MCC,0.0,0.2,0.67,0.81,0.34,0.01,0.0,-0.05,-0.24,-0.35,-1.52,-0.45,-0.97,-0.46,0.02,0.09,0.07,-4.43,-0.61,-0.29,-0.4,-0.44,-0.38,-0.17
130589,01/20/2017,LOUISIANA.HUB,Hub,MLC,0.07,0.09,0.12,0.15,0.05,-0.13,-0.33,-0.25,-0.49,-0.51,-0.36,-0.11,0.09,0.12,0.31,0.52,0.54,0.36,0.41,0.67,0.58,0.5,0.47,0.48
131019,01/20/2017,MICHIGAN.HUB,Hub,LMP,23.52,23.2,22.69,22.52,23.08,23.77,25.93,30.52,30.15,31.8,32.5,30.87,32.32,31.59,28.43,27.73,27.31,27.35,27.43,26.76,26.69,25.82,24.21,22.58
131020,01/20/2017,MICHIGAN.HUB,Hub,MCC,0.0,0.2,0.67,0.81,0.34,0.01,0.0,0.09,0.02,-0.04,-1.16,-0.14,-0.89,-0.41,0.05,0.11,0.08,-4.39,-0.57,-0.27,-0.4,-0.44,-0.38,-0.17
131021,01/20/2017,MICHIGAN.HUB,Hub,MLC,1.17,1.14,1.07,1.06,1.14,1.22,1.51,1.44,1.11,1.42,1.77,1.67,1.6,1.55,1.32,1.3,1.33,1.67,1.46,1.38,1.67,1.5,1.26,1.0
137232,01/21/2017,LOUISIANA.HUB,Hub,LMP,21.4,20.92,21.18,20.85,20.66,21.0,21.29,22.19,22.63,24.73,24.74,24.08,24.99,23.79,23.22,23.0,23.33,24.46,26.91,26.27,24.16,23.81,23.26,22.3
137233,01/21/2017,LOUISIANA.HUB,Hub,MCC,-0.08,-0.01,0.0,0.0,0.0,0.0,-0.03,-0.18,-0.23,-0.27,-0.2,-0.28,-0.27,-0.14,-0.22,-0.16,-0.03,-0.13,-0.11,-0.12,0.0,0.0,0.0,0.0
137234,01/21/2017,LOUISIANA.HUB,Hub,MLC,0.37,0.37,0.32,0.35,0.34,0.27,0.19,0.08,0.01,-0.02,0.07,0.29,0.47,0.61,0.71,0.82,0.76,0.66,0.69,0.82,0.79,0.79,0.82,0.67
137664,01/21/2017,MICHIGAN.HUB,Hub,LMP,21.92,21.38,21.7,21.39,21.11,21.53,21.77,22.83,23.29,25.55,25.38,24.45,25.23,23.78,23.09,22.68,23.11,24.43,26.84,25.92,23.79,23.47,22.94,22.09
137665,01/21/2017,MICHIGAN.HUB,Hub,MCC,-0.08,-0.01,0.0,0.0,0.0,0.0,-0.03,-0.18,-0.2,-0.23,-0.18,-0.25,-0.23,-0.14,-0.2,-0.13,-0.03,-0.11,-0.08,-0.08,0.0,0.0,0.0,0.0
137666,01/21/2017,MICHIGAN.HUB,Hub,MLC,0.9,0.84,0.84,0.89,0.79,0.8,0.67,0.72,0.64,0.76,0.7,0.62,0.67,0.61,0.56,0.46,0.54,0.61,0.59,0.43,0.42,0.44,0.51,0.46
143877,01/22/2017,LOUISIANA.HUB,Hub,LMP,21.06,20.61,20.38,19.77,20.01,19.95,19.93,20.89,21.29,22.6,22.41,22.46,22.46,22.19,22.22,22.32,22.5,23.06,25.42,26.06,23.76,22.92,22.27,21.06
143878,01/22/2017,LOUISIANA.HUB,Hub,MCC,0.0,0.0,0.0,0.0,0.0,0.0,0.0,0.0,0.0,0.0,0.0,0.0,0.0,-0.04,-0.03,-0.05,-0.07,-0.05,-1.1,-2.41,-0.9,-0.21,-0.06,0.0
143879,01/22/2017,LOUISIANA.HUB,Hub,MLC,0.51,0.37,0.28,0.26,0.36,0.3,0.27,0.23,0.2,0.28,0.35,0.37,0.39,0.38,0.55,0.63,0.59,0.42,0.47,0.86,0.76,0.7,0.67,0.55
144309,01/22/2017,MICHIGAN.HUB,Hub,LMP,20.95,20.71,20.78,20.27,20.47,20.47,20.41,21.42,21.98,23.27,22.94,22.92,22.9,22.63,22.51,22.55,23.0,23.95,26.31,26.06,23.86,23.22,22.53,21.39
144310,01/22/2017,MICHIGAN.HUB,Hub,MCC,0.0,0.0,0.0,0.0,0.0,0.0,0.0,0.0,0.0,0.0,0.0,0.0,0.0,-0.03,-0.03,-0.05,-0.06,-0.04,-1.17,-2.96,-1.19,-0.27,-0.08,0.0
144311,01/22/2017,MICHIGAN.HUB,Hub,MLC,0.4,0.48,0.68,0.76,0.82,0.82,0.75,0.76,0.9,0.95,0.88,0.83,0.83,0.82,0.84,0.85,1.08,1.29,1.43,1.41,1.15,1.06,0.94,0.87
150522,01/23/2017,LOUISIANA.HUB,Hub,LMP,18.93,19.52,19.45,19.47,20.0,21.4,22.86,25.99,25.6,24.99,24.89,29.09,24.61,24.79,23.93,23.5,24.11,31.04,27.08,29.21,30.19,29.1,26.72,23.4
150523,01/23/2017,LOUISIANA.HUB,Hub,MCC,0.0,0.0,0.0,0.0,0.0,-0.19,-2.05,-2.26,-2.99,-1.82,-1.75,-1.07,-1.41,-1.12,-0.96,-1.87,-0.98,-5.88,-1.72,-0.1,0.37,0.23,0.11,-0.01
150524,01/23/2017,LOUISIANA.HUB,Hub,MLC,0.4,0.35,0.36,0.37,0.3,0.12,0.05,0.09,-0.08,-0.16,-0.3,-0.63,-0.58,-0.64,-0.69,-0.54,-0.43,-1.11,-1.03,-0.53,-0.37,-0.32,-0.19,-0.12
150954,01/23/2017,MICHIGAN.HUB,Hub,LMP,19.3,19.75,19.6,19.61,20.33,22.24,24.04,26.68,26.36,26.0,26.09,30.93,26.33,26.77,25.9,25.32,25.81,37.91,29.29,29.66,29.59,29.02,27.06,24.19
150955,01/23/2017,MICHIGAN.HUB,Hub,MCC,0.0,0.0,0.0,0.0,0.0,-0.19,-2.06,-2.83,-3.39,-1.84,-1.81,-1.09,-1.41,-1.12,-0.96,-1.87,-0.99,-2.14,-1.74,-1.25,-1.83,-1.35,-0.75,-0.23
150956,01/23/2017,MICHIGAN.HUB,Hub,MLC,0.77,0.58,0.52,0.51,0.64,0.95,1.24,1.34,1.08,0.87,0.96,1.23,1.15,1.34,1.27,1.27,1.27,2.02,1.21,1.07,1.23,1.18,1.01,0.9
157167,01/24/2017,LOUISIANA.HUB,Hub,LMP,21.6,21.51,21.73,22.1,22.12,22.61,28.62,39.23,32.47,30.25,26.25,25.08,23.52,24.29,23.41,23.36,23.8,25.02,26.77,38.56,25.68,23.82,22.7,21.78
157168,01/24/2017,LOUISIANA.HUB,Hub,MCC,0.0,0.0,0.0,0.0,0.0,0.0,-0.01,0.0,-0.16,-0.21,-0.02,-0.08,-0.2,-0.02,-0.23,-0.4,-0.36,-0.25,-0.16,0.48,-0.04,-0.52,-0.01,0.0
157169,01/24/2017,LOUISIANA.HUB,Hub,MLC,-0.15,-0.13,-0.11,-0.02,0.03,0.11,0.23,0.63,0.14,-0.35,-0.55,-0.64,-0.57,-0.79,-0.68,-0.56,-0.48,-0.54,-0.63,-0.36,0.11,0.24,0.27,0.06
157599,01/24/2017,MICHIGAN.HUB,Hub,LMP,22.54,22.36,22.64,22.96,23.01,23.47,29.8,40.06,31.87,30.34,28.0,27.12,25.39,26.33,25.34,25.19,25.72,27.09,28.93,40.32,27.13,25.08,23.88,23.13
157600,01/24/2017,MICHIGAN.HUB,Hub,MCC,0.0,0.0,0.0,0.0,0.0,0.0,-0.01,0.0,-1.51,-1.52,-0.14,-0.08,-0.2,-0.02,-0.23,-0.4,-0.36,-0.25,-0.17,-0.19,-0.05,-0.52,-0.01,0.0
157601,01/24/2017,MICHIGAN.HUB,Hub,MLC,0.79,0.72,0.8,0.83,0.92,0.97,1.41,1.46,0.88,1.05,1.33,1.41,1.29,1.26,1.25,1.27,1.45,1.53,1.54,2.08,1.56,1.5,1.45,1.41
163812,01/25/2017,LOUISIANA.HUB,Hub,LMP,21.13,20.88,20.92,20.84,20.84,21.15,23.22,25.33,23.23,23.02,23.2,22.98,22.91,22.69,22.51,22.43,22.79,23.48,24.2,25.29,25.04,24.7,22.85,21.79
163813,01/25/2017,LOUISIANA.HUB,Hub,MCC,-0.09,-0.05,-0.07,-0.05,-0.04,-0.03,-0.03,-1.3,-1.46,-2.03,-2.03,-1.74,-1.33,-1.68,-1.6,-0.96,-0.61,-1.23,-1.95,-1.39,-1.29,-1.37,-1.55,-1.15
163814,01/25/2017,LOUISIANA.HUB,Hub,MLC,0.05,0.14,0.22,0.23,0.19,0.14,0.04,0.15,0.01,0.03,0.08,0.11,0.22,0.33,0.49,0.54,0.56,0.42,0.43,0.72,0.68,0.61,0.54,0.38
164244,01/25/2017,MICHIGAN.HUB,Hub,LMP,22.3,21.94,21.85,21.76,21.94,22.4,24.92,27.03,24.51,24.23,24.51,24.22,23.99,23.73,23.35,23.41,23.84,24.55,25.15,25.89,26.0,25.67,23.72,22.75
164245,01/25/2017,MICHIGAN.HUB,Hub,MCC,-0.09,-0.05,-0.07,-0.05,-0.04,-0.03,-0.03,-1.24,-1.46,-2.02,-2.03,-1.74,-1.33,-1.68,-1.56,-0.71,-0.28,-1.16,-1.95,-1.38,-1.19,-1.35,-1.55,-1.15
164246,01/25/2017,MICHIGAN.HUB,Hub,MLC,1.22,1.19,1.15,1.15,1.28,1.39,1.73,1.79,1.29,1.23,1.38,1.35,1.3,1.37,1.3,1.27,1.27,1.42,1.38,1.31,1.54,1.55,1.42,1.34
170457,01/26/2017,LOUISIANA.HUB,Hub,LMP,21.05,20.49,20.79,20.49,20.38,20.9,22.61,24.57,24.12,24.79,24.6,24.52,24.35,23.23,23.32,23.2,23.4,24.26,26.28,27.13,26.22,25.97,24.54,23.84
170458,01/26/2017,LOUISIANA.HUB,Hub,MCC,-0.58,0.02,0.02,0.02,0.02,-0.19,-1.79,-1.6,-0.76,-1.41,-1.31,-1.03,-0.67,-1.38,-0.41,0.11,-0.1,-0.48,-1.45,0.08,-0.11,0.12,0.37,0.0
170459,01/26/2017,LOUISIANA.HUB,Hub,MLC,0.29,0.22,0.13,0.1,0.05,0.03,-0.02,0.33,0.26,0.28,-0.03,-0.06,-0.02,0.06,0.05,0.22,0.23,0.13,0.19,0.55,0.94,1.01,0.85,0.71
170889,01/26/2017,MICHIGAN.HUB,Hub,LMP,22.03,21.39,21.85,21.58,21.53,22.17,24.39,25.65,24.81,25.51,25.69,25.6,25.39,24.26,24.33,23.91,24.24,25.39,27.24,27.32,26.0,25.83,24.45,24.0
170890,01/26/2017,MICHIGAN.HUB,Hub,MCC,-0.58,0.02,0.02,0.02,0.02,-0.18,-1.7,-1.58,-0.76,-1.42,-1.31,-1.04,-0.69,-1.38,-0.35,0.17,-0.04,-0.43,-1.34,0.09,0.02,0.2,0.37,0.0
170891,01/26/2017,MICHIGAN.HUB,Hub,MLC,1.27,1.12,1.19,1.2,1.2,1.29,1.67,1.38,0.95,1.02,1.05,1.03,1.05,1.08,0.99,0.88,1.01,1.21,1.04,0.72,0.6,0.77,0.77,0.87
177102,01/27/2017,LOUISIANA.HUB,Hub,LMP,22.61,23.12,22.98,22.87,23.13,23.63,26.27,62.7,29.87,31.59,28.98,28.8,28.41,26.29,25.07,24.19,24.35,29.48,29.44,28.98,26.11,25.81,26.18,25.27
177103,01/27/2017,LOUISIANA.HUB,Hub,MCC,-1.73,-0.14,0.04,0.08,-0.09,0.23,-3.52,33.07,-0.64,0.08,-0.09,-0.56,-0.26,-0.46,-0.49,0.01,-0.94,-14.25,-8.52,0.92,0.24,0.33,2.29,1.33
177104,01/27/2017,LOUISIANA.HUB,Hub,MLC,0.74,0.88,0.9,0.98,1.03,1.17,1.49,1.77,1.6,1.48,1.24,1.02,0.79,0.65,0.72,0.81,0.91,1.53,1.42,1.27,1.36,1.48,1.46,1.46
177534,01/27/2017,MICHIGAN.HUB,Hub,LMP,24.16,23.14,22.95,22.78,23.07,23.64,29.01,27.29,29.48,31.72,29.1,29.73,29.7,27.55,25.98,24.89,25.16,33.21,32.13,29.56,26.56,25.79,23.31,23.67
177535,01/27/2017,MICHIGAN.HUB,Hub,MCC,-0.32,-0.03,0.06,0.12,-0.02,0.44,-0.66,-1.47,-0.3,0.55,0.15,-0.01,0.18,-0.15,-0.37,0.09,-0.77,-11.81,-6.78,1.26,0.76,0.51,-0.35,-0.03
177536,01/27/2017,MICHIGAN.HUB,Hub,MLC,0.89,0.79,0.85,0.84,0.89,0.97,1.38,0.9,0.87,1.14,1.1,1.39,1.64,1.6,1.5,1.43,1.54,2.81,2.37,1.51,1.28,1.28,1.23,1.22
183747,01/28/2017,LOUISIANA.HUB,Hub,LMP,24.54,23.79,23.67,23.45,23.79,24.51,25.13,27.59,39.02,32.22,29.67,27.74,26.4,24.44,23.58,23.25,23.52,24.9,27.52,28.71,28.29,27.46,26.83,25.7
183748,01/28/2017,LOUISIANA.HUB,Hub,MCC,1.03,1.51,0.97,1.04,1.49,1.78,2.63,1.65,2.37,6.44,2.35,0.3,-0.06,0.02,-0.04,0.0,0.0,0.0,0.0,-0.09,0.5,2.44,2.61,3.99
183749,01/28/2017,LOUISIANA.HUB,Hub,MLC,1.6,1.49,1.49,1.54,1.59,1.63,1.57,1.81,2.54,1.79,1.92,1.92,1.7,1.45,1.39,1.35,1.28,1.22,1.24,1.69,1.89,1.78,1.67,1.43
184179,01/28/2017,MICHIGAN.HUB,Hub,LMP,23.27,22.36,23.02,21.98,21.67,23.01,22.04,25.67,36.48,24.55,26.51,26.5,25.79,23.97,23.28,23.01,23.46,25.08,27.76,28.32,26.7,24.1,23.29,20.93
184180,01/28/2017,MICHIGAN.HUB,Hub,MCC,0.16,0.38,0.61,-0.05,-0.14,0.75,-0.02,0.24,0.54,-0.58,-0.14,-0.22,-0.06,-0.07,-0.04,0.0,0.0,0.0,0.0,-0.09,-0.4,-0.11,-0.06,0.0
184181,01/28/2017,MICHIGAN.HUB,Hub,MLC,1.21,1.19,1.19,1.15,1.11,1.16,1.12,1.29,1.83,1.14,1.24,1.2,1.09,1.06,1.09,1.11,1.22,1.4,1.48,1.3,1.2,0.97,0.79,0.64
190392,01/29/2017,LOUISIANA.HUB,Hub,LMP,24.33,23.38,23.56,23.66,23.71,23.75,25.25,26.18,28.39,28.11,25.48,24.6,23.78,23.42,23.05,23.01,23.44,32.5,29.03,35.56,33.24,29.4,27.18,24.51
190393,01/29/2017,LOUISIANA.HUB,Hub,MCC,1.84,0.15,-0.01,0.45,0.15,0.53,1.45,1.76,3.69,2.63,0.21,0.0,0.0,0.0,0.0,0.0,0.0,0.0,0.0,0.0,0.0,0.0,0.0,0.0
190394,01/29/2017,LOUISIANA.HUB,Hub,MLC,1.39,1.43,1.5,1.47,1.47,1.51,1.59,1.7,1.68,1.69,1.64,1.3,1.09,0.92,0.77,0.65,0.54,0.23,0.13,0.41,0.57,0.64,0.72,0.72
190824,01/29/2017,MICHIGAN.HUB,Hub,LMP,21.69,22.3,22.59,22.32,22.71,22.27,22.68,23.14,23.68,24.47,24.39,24.24,23.7,23.58,23.39,23.54,24.23,34.22,30.11,36.07,33.44,29.61,27.25,24.46
190825,01/29/2017,MICHIGAN.HUB,Hub,MCC,0.0,-0.16,-0.08,-0.01,-0.07,-0.12,-0.36,-0.29,-0.09,-0.07,-0.06,0.0,0.0,0.0,0.0,0.0,0.0,0.0,0.0,0.0,0.0,0.0,0.0,0.0
190826,01/29/2017,MICHIGAN.HUB,Hub,MLC,0.58,0.66,0.6,0.6,0.68,0.69,0.82,0.71,0.75,0.75,0.82,0.94,1.01,1.08,1.11,1.18,1.33,1.95,1.2,0.91,0.76,0.85,0.78,0.67
197037,01/30/2017,LOUISIANA.HUB,Hub,LMP,24.01,23.4,23.64,24.02,24.42,27.86,29.76,42.88,29.65,28.35,27.52,26.15,25.28,24.81,24.44,24.07,23.69,25.29,27.06,29.22,25.43,26.04,23.7,21.4
197038,01/30/2017,LOUISIANA.HUB,Hub,MCC,0.0,0.0,0.0,0.0,0.07,0.17,0.25,0.2,0.07,0.76,2.67,1.0,1.36,0.99,1.54,2.3,1.38,0.26,0.41,1.52,1.85,1.09,1.23,-0.07
197039,01/30/2017,LOUISIANA.HUB,Hub,MLC,0.57,0.5,0.54,0.62,0.77,0.88,1.21,2.19,1.44,1.18,0.59,0.25,0.3,0.3,0.4,0.44,0.43,0.28,0.17,0.52,0.74,0.77,0.88,0.84
197469,01/30/2017,MICHIGAN.HUB,Hub,LMP,24.25,23.88,24.11,24.55,24.96,28.67,31.42,42.71,29.54,28.46,26.57,27.23,26.06,25.9,24.95,24.16,25.01,26.76,27.88,29.92,25.61,26.56,23.88,22.2
197470,01/30/2017,MICHIGAN.HUB,Hub,MCC,0.0,0.0,0.0,0.0,0.07,0.17,1.34,0.21,0.28,0.78,0.77,0.62,0.72,0.53,0.65,1.16,1.23,-0.12,-0.8,0.67,1.09,0.5,0.61,-0.09
197471,01/30/2017,MICHIGAN.HUB,Hub,MLC,0.81,0.98,1.01,1.15,1.31,1.69,1.78,2.0,1.12,1.26,1.55,1.71,1.71,1.84,1.8,1.68,1.89,2.13,2.2,2.06,1.68,1.88,1.67,1.65
203682,01/31/2017,LOUISIANA.HUB,Hub,LMP,21.55,20.58,24.83,23.26,22.71,22.66,24.92,28.28,25.88,25.3,24.02,23.65,24.1,23.73,23.58,23.72,24.23,24.65,27.48,26.07,24.82,23.68,22.66,22.11
203683,01/31/2017,LOUISIANA.HUB,Hub,MCC,2.28,1.15,4.94,3.24,2.92,1.31,0.39,-1.86,-1.7,-1.54,-1.21,-1.16,-1.54,-1.51,-1.17,-0.84,-0.55,-0.79,-0.81,-0.74,-0.79,0.0,0.0,0.0
203684,01/31/2017,LOUISIANA.HUB,Hub,MLC,0.68,0.82,0.84,0.85,0.81,0.96,1.0,1.62,1.39,1.17,0.99,0.89,0.99,0.99,0.99,1.05,1.04,0.87,0.65,1.06,1.16,1.18,1.15,0.96
204114,01/31/2017,MICHIGAN.HUB,Hub,LMP,24.38,20.71,23.21,21.96,24.81,23.05,25.54,27.39,25.74,25.83,24.81,24.44,24.84,24.46,24.15,24.24,24.84,25.36,28.49,26.38,24.84,23.58,22.5,22.1
204115,01/31/2017,MICHIGAN.HUB,Hub,MCC,4.36,0.76,2.77,1.43,4.49,1.22,0.33,-2.71,-1.89,-1.49,-1.13,-1.16,-1.48,-1.42,-1.17,-0.84,-0.55,-0.79,-0.81,-0.74,-0.79,0.0,0.0,0.0
204116,01/31/2017,MICHIGAN.HUB,Hub,MLC,1.43,1.34,1.4,1.36,1.34,1.43,1.68,1.58,1.44,1.65,1.69,1.69,1.67,1.63,1.56,1.57,1.64,1.58,1.67,1.37,1.19,1.08,0.99,0.94
210327,02/01/2017,LOUISIANA.HUB,Hub,LMP,21.52,20.04,20.58,20.85,21.17,21.3,22.68,24.07,24.04,23.08,22.26,22.43,22.48,22.28,22.21,22.88,22.89,23.55,25.93,25.1,24.39,23.85,22.76,22.18
210328,02/01/2017,LOUISIANA.HUB,Hub,MCC,0.0,0.0,0.0,0.0,0.0,0.0,0.0,0.0,0.0,0.0,0.24,0.0,0.0,0.0,0.14,0.9,0.4,-0.56,-0.23,-0.04,-0.05,-0.57,-0.95,-1.41
210329,02/01/2017,LOUISIANA.HUB,Hub,MLC,0.76,0.66,0.55,0.48,0.39,0.33,0.37,0.6,0.44,0.38,0.41,0.54,0.64,0.7,0.84,0.9,0.98,1.0,0.84,1.01,0.99,0.91,0.87,0.73
210759,02/01/2017,MICHIGAN.HUB,Hub,LMP,21.73,20.33,21.03,21.28,21.75,22.08,23.59,24.68,24.57,23.66,22.85,22.92,22.81,22.62,22.4,22.13,22.68,24.0,26.67,25.31,24.48,24.19,23.23,22.76
210760,02/01/2017,MICHIGAN.HUB,Hub,MCC,0.0,0.0,0.0,0.0,0.0,0.0,0.0,0.0,0.0,0.0,0.24,0.0,0.0,0.0,-0.04,-0.24,-0.2,-0.67,-0.3,-0.29,-0.46,-0.98,-1.21,-1.63
210761,02/01/2017,MICHIGAN.HUB,Hub,MLC,0.96,0.95,1.0,0.92,0.98,1.11,1.28,1.22,0.97,0.96,1.0,1.03,0.97,1.04,1.21,1.29,1.37,1.56,1.66,1.48,1.49,1.66,1.61,1.54
216972,02/02/2017,LOUISIANA.HUB,Hub,LMP,20.66,20.48,20.44,20.49,21.2,21.49,23.75,25.71,25.84,25.42,23.88,23.2,23.23,23.46,23.96,24.17,23.77,24.86,43.59,29.57,31.15,28.32,24.54,23.82
216973,02/02/2017,LOUISIANA.HUB,Hub,MCC,-0.82,0.05,0.05,0.05,0.01,-0.23,-0.7,-0.62,-0.53,-0.24,-0.1,-0.4,-0.27,-0.11,0.37,0.43,-0.09,-0.13,0.0,0.0,0.04,0.0,0.0,0.0
216974,02/02/2017,LOUISIANA.HUB,Hub,MLC,0.6,0.5,0.48,0.42,0.34,0.31,0.3,0.39,0.08,0.18,0.49,0.67,0.81,0.88,1.02,1.08,1.09,0.94,1.0,0.65,0.69,0.7,0.67,0.57
217404,02/02/2017,MICHIGAN.HUB,Hub,LMP,21.42,21.28,21.21,21.29,22.05,22.28,24.78,26.34,26.43,25.88,24.31,23.57,23.47,23.67,23.47,23.41,23.58,24.93,43.75,29.23,30.85,28.49,24.57,23.93
217405,02/02/2017,MICHIGAN.HUB,Hub,MCC,-0.82,0.05,0.05,0.05,0.01,-0.23,-0.7,-0.62,-0.53,-0.24,-0.1,-0.4,-0.27,-0.11,-0.09,-0.16,-0.09,-0.13,0.0,0.0,0.0,0.0,0.0,0.0
217406,02/02/2017,MICHIGAN.HUB,Hub,MLC,1.36,1.3,1.24,1.23,1.19,1.11,1.32,1.03,0.67,0.64,0.91,1.04,1.05,1.09,0.99,0.91,0.89,1.0,1.15,0.31,0.42,0.87,0.69,0.68
223617,02/03/2017,LOUISIANA.HUB,Hub,LMP,23.38,22.76,22.44,22.71,22.67,22.76,23.97,27.55,26.68,29.82,29.84,28.61,26.8,24.45,23.65,23.03,22.83,23.27,26.35,27.04,26.62,26.1,25.69,23.88
223618,02/03/2017,LOUISIANA.HUB,Hub,MCC,0.0,0.0,0.0,0.0,0.0,0.0,0.01,0.0,0.0,0.0,0.0,-0.27,-0.57,-0.36,-0.2,-0.04,-0.31,-0.3,0.0,0.0,0.0,0.0,0.02,0.0
223619,02/03/2017,LOUISIANA.HUB,Hub,MLC,0.35,0.2,0.09,0.06,0.07,0.0,-0.09,0.15,0.12,0.06,0.03,0.01,0.05,0.16,0.23,0.26,0.25,0.16,0.23,0.62,0.81,0.95,0.9,0.94
224049,02/03/2017,MICHIGAN.HUB,Hub,LMP,23.98,23.67,23.3,23.61,23.61,23.85,25.34,28.58,27.23,30.5,30.61,29.39,27.47,24.95,24.03,23.39,23.29,23.91,26.88,27.04,26.72,26.41,26.24,24.39
224050,02/03/2017,MICHIGAN.HUB,Hub,MCC,0.0,0.0,0.0,0.0,0.0,0.0,0.02,0.0,0.0,0.0,0.0,-0.27,-0.57,-0.36,-0.2,-0.04,-0.31,-0.3,0.0,0.0,0.0,0.0,0.03,0.0
224051,02/03/2017,MICHIGAN.HUB,Hub,MLC,0.95,1.11,0.96,0.95,1.0,1.09,1.27,1.18,0.67,0.75,0.8,0.79,0.71,0.66,0.61,0.62,0.71,0.8,0.75,0.61,0.92,1.26,1.44,1.45
230262,02/04/2017,LOUISIANA.HUB,Hub,LMP,24.01,24.45,24.46,24.33,24.63,25.03,27.3,35.18,73.55,38.03,55.54,25.53,24.08,23.18,22.17,23.2,23.34,25.95,36.1,28.6,25.99,25.05,23.76,22.98
230263,02/04/2017,LOUISIANA.HUB,Hub,MCC,0.0,1.47,0.64,0.27,0.16,-0.29,0.66,3.01,29.87,4.07,23.06,0.2,-0.86,-0.45,0.29,-0.2,-0.4,-0.88,-0.76,1.88,-0.71,-1.18,-0.93,-0.65
230264,02/04/2017,LOUISIANA.HUB,Hub,MLC,1.11,1.07,1.13,1.15,1.21,1.31,1.32,1.68,2.62,2.26,2.16,1.55,1.37,1.18,1.05,0.96,0.9,0.8,0.86,0.93,1.1,1.17,1.31,1.3
230694,02/04/2017,MICHIGAN.HUB,Hub,LMP,24.26,24.68,24.58,24.92,27.27,27.3,29.07,33.1,39.49,33.81,30.58,25.15,23.88,23.6,23.0,23.14,23.64,26.46,36.96,26.7,25.89,24.96,23.45,22.61
230695,02/04/2017,MICHIGAN.HUB,Hub,MCC,0.0,1.47,0.64,0.73,2.75,1.99,2.33,1.07,-3.6,0.47,-1.24,0.2,-0.87,-0.08,0.96,-0.59,-0.44,-0.88,-0.76,-0.12,-0.71,-1.18,-0.97,-0.65
230696,02/04/2017,MICHIGAN.HUB,Hub,MLC,1.36,1.29,1.26,1.28,1.26,1.29,1.42,1.53,2.03,1.64,1.5,1.17,1.18,1.23,1.2,1.3,1.25,1.31,1.72,1.03,1.0,1.07,1.03,0.94
236907,02/05/2017,LOUISIANA.HUB,Hub,LMP,21.29,21.03,21.17,21.24,21.1,21.15,21.73,23.33,23.52,24.89,25.33,24.75,24.44,24.04,24.13,24.09,24.58,25.63,26.77,26.36,24.97,24.9,24.03,22.96
236908,02/05/2017,LOUISIANA.HUB,Hub,MCC,-0.55,-0.01,-0.02,0.02,0.02,0.02,0.02,-0.83,0.0,0.0,0.0,0.0,0.0,0.0,0.0,0.0,0.0,0.0,0.0,0.0,0.0,0.0,0.0,0.0
236909,02/05/2017,LOUISIANA.HUB,Hub,MLC,1.23,1.15,1.09,1.04,0.95,0.88,0.84,0.88,0.86,0.84,0.72,0.62,0.57,0.69,0.7,0.79,0.75,0.57,0.24,0.21,0.31,0.46,0.55,0.53
237339,02/05/2017,MICHIGAN.HUB,Hub,LMP,20.95,20.79,21.09,21.1,20.88,21.03,21.63,23.26,23.16,24.37,24.86,24.25,23.94,23.31,23.54,23.52,24.18,25.56,27.04,26.5,25.16,25.29,24.4,23.43
237340,02/05/2017,MICHIGAN.HUB,Hub,MCC,-0.55,-0.01,-0.02,0.02,0.02,0.02,0.02,-0.83,0.0,0.0,0.0,0.0,0.0,0.0,0.0,0.0,0.0,0.0,0.0,0.0,0.0,0.0,0.0,0.0
237341,02/05/2017,MICHIGAN.HUB,Hub,MLC,0.89,0.9,1.01,0.9,0.73,0.76,0.75,0.82,0.51,0.32,0.26,0.13,0.07,-0.04,0.11,0.22,0.35,0.5,0.51,0.36,0.5,0.85,0.92,1.0
243552,02/06/2017,LOUISIANA.HUB,Hub,LMP,21.56,20.95,20.98,21.01,21.11,21.7,24.4,26.89,24.46,24.97,26.13,26.8,26.09,25.2,24.69,24.32,24.9,25.65,29.12,44.09,26.31,24.59,22.93,21.81
243553,02/06/2017,LOUISIANA.HUB,Hub,MCC,-0.05,-0.08,-0.11,-0.19,-0.17,-0.12,-0.71,-0.76,-0.63,-0.4,-1.52,-3.39,-1.97,-0.02,-0.05,-0.12,-0.16,-0.6,-3.92,12.81,-0.2,-0.04,-0.02,-0.04
243554,02/06/2017,LOUISIANA.HUB,Hub,MLC,0.36,0.18,0.13,0.11,0.05,0.06,0.05,0.1,0.22,0.15,0.08,0.07,0.2,0.52,0.69,0.7,0.77,0.62,0.41,0.63,0.74,0.83,0.78,0.56
243984,02/06/2017,MICHIGAN.HUB,Hub,LMP,22.22,21.86,22.06,22.21,22.54,23.34,26.62,29.29,25.82,26.24,27.4,27.81,26.71,25.32,24.73,24.26,24.95,26.27,30.55,29.7,26.65,24.69,22.82,21.83
243985,02/06/2017,MICHIGAN.HUB,Hub,MCC,-0.05,-0.08,-0.11,-0.19,-0.17,-0.12,-0.59,-0.33,-0.62,-0.3,-1.38,-3.24,-1.89,-0.02,-0.05,-0.12,-0.16,-0.53,-3.63,-2.31,-0.26,-0.04,-0.02,-0.04
243986,02/06/2017,MICHIGAN.HUB,Hub,MLC,1.01,1.09,1.22,1.32,1.48,1.7,2.15,2.08,1.57,1.31,1.2,0.92,0.73,0.64,0.73,0.64,0.82,1.16,1.56,1.36,1.14,0.93,0.66,0.58
250197,02/07/2017,LOUISIANA.HUB,Hub,LMP,20.6,20.4,20.09,19.88,20.0,21.02,25.57,25.01,24.54,24.98,25.12,27.67,27.92,1156.46,41.21,272.02,734.17,889.1,956.22,1895.05,1836.49,614.18,30.86,25.2
250198,02/07/2017,LOUISIANA.HUB,Hub,MCC,-0.04,-0.08,-0.06,-0.03,-0.06,0.01,-0.73,-3.76,-2.31,0.4,1.21,4.21,-0.1,1047.36,16.93,226.75,654.43,800.19,861.63,1723.05,1670.87,545.73,8.83,4.16
250199,02/07/2017,LOUISIANA.HUB,Hub,MLC,0.36,0.22,0.25,0.29,0.28,0.22,0.19,0.41,0.3,0.55,0.64,0.69,0.8,4.14,0.74,1.6,2.93,3.11,2.36,6.09,5.86,2.31,0.33,0.3
250629,02/07/2017,MICHIGAN.HUB,Hub,LMP,20.69,20.5,20.22,19.97,20.16,21.39,29.47,25.63,24.26,23.37,23.23,23.46,24.24,28.64,21.97,25.1,29.42,31.36,31.05,35.79,34.46,23.74,20.95,20.47
250630,02/07/2017,MICHIGAN.HUB,Hub,MCC,-0.04,-0.08,-0.06,-0.03,-0.06,0.01,2.12,-3.76,-3.09,-1.53,-1.1,-0.42,-4.26,-81.23,-2.69,-21.04,-52.18,-59.8,-66.24,-137.17,-131.11,-43.97,-1.22,-0.69
250631,02/07/2017,MICHIGAN.HUB,Hub,MLC,0.45,0.32,0.38,0.38,0.43,0.6,1.24,1.02,0.81,0.87,1.05,1.1,1.28,4.91,1.12,2.47,4.79,5.36,5.06,7.06,5.82,1.57,0.47,0.42
256842,02/08/2017,LOUISIANA.HUB,Hub,LMP,23.98,20.66,18.79,18.41,19.31,20.7,25.17,25.96,23.83,35.55,73.78,27.73,32.67,32.38,32.76,33.06,34.07,33.51,107.34,381.72,34.18,30.65,25.97,23.84
256843,02/08/2017,LOUISIANA.HUB,Hub,MCC,7.01,2.94,0.17,-0.08,-0.11,0.05,0.47,0.21,0.03,10.37,46.29,1.98,6.39,6.22,6.23,7.16,6.46,1.07,69.19,327.16,4.71,3.51,1.25,0.0
256844,02/08/2017,LOUISIANA.HUB,Hub,MLC,0.29,0.28,0.26,0.19,0.11,-0.1,-0.23,-0.12,-0.11,-0.12,0.13,0.21,0.53,0.62,0.72,0.81,0.85,0.63,0.41,0.92,0.62,0.66,0.88,0.84
257274,02/08/2017,MICHIGAN.HUB,Hub,LMP,15.97,17.41,18.59,18.46,19.63,21.45,26.44,26.91,24.51,25.32,25.35,26.14,25.81,25.6,25.79,25.08,27.04,33.46,34.51,32.97,29.59,27.28,24.86,24.24
257275,02/08/2017,MICHIGAN.HUB,Hub,MCC,-1.02,-0.27,-0.01,-0.08,-0.11,0.05,0.47,0.14,0.01,-0.52,-2.75,-0.11,-0.53,-0.65,-0.98,-1.05,-0.96,-0.06,-4.85,-22.63,-0.65,-0.63,-0.17,0.0
257276,02/08/2017,MICHIGAN.HUB,Hub,MLC,0.3,0.23,0.25,0.24,0.43,0.65,1.05,0.9,0.59,0.54,0.75,0.71,0.59,0.72,0.95,1.04,1.24,1.71,1.61,1.97,1.38,1.43,1.18,1.25
263487,02/09/2017,LOUISIANA.HUB,Hub,LMP,22.6,22.06,22.3,22.33,22.05,23.39,58.63,37.86,30.38,29.65,29.54,29.21,27.57,25.45,23.94,24.43,26.55,26.17,27.17,31.44,28.79,27.32,26.02,23.15
263488,02/09/2017,LOUISIANA.HUB,Hub,MCC,0.0,-0.02,-0.04,-0.01,0.0,0.0,1.56,-15.47,-3.67,-2.49,-4.17,-2.23,-6.5,-0.58,-0.25,1.24,3.98,2.96,1.3,1.62,0.57,-0.11,-0.01,0.17
263489,02/09/2017,LOUISIANA.HUB,Hub,MLC,0.55,0.31,0.04,-0.13,-0.28,-0.42,-1.52,-1.35,-0.93,-1.02,-1.08,-1.16,-1.4,-0.8,-0.52,-0.34,-0.18,-0.17,-0.28,-0.12,-0.3,-0.18,-0.08,-0.01
263919,02/09/2017,MICHIGAN.HUB,Hub,LMP,23.27,22.97,23.41,23.47,23.39,24.95,68.91,58.51,35.25,32.29,35.22,33.08,36.57,27.18,25.26,24.31,23.38,24.1,27.16,31.87,33.34,31.94,32.37,30.21
263920,02/09/2017,MICHIGAN.HUB,Hub,MCC,0.0,-0.02,-0.04,-0.01,0.0,0.0,7.29,2.84,0.31,-0.6,0.48,0.19,0.34,-0.39,-0.23,-0.13,-0.43,-0.47,-0.38,0.16,3.06,2.62,4.56,5.69
263921,02/09/2017,MICHIGAN.HUB,Hub,MLC,1.22,1.23,1.16,1.02,1.06,1.14,3.02,1.0,-0.03,-0.26,-0.04,0.29,0.77,0.73,0.78,0.91,1.08,1.19,1.38,1.76,1.75,1.71,1.7,1.53
270132,02/10/2017,LOUISIANA.HUB,Hub,LMP,21.54,21.59,21.13,21.28,21.39,21.8,29.27,146.94,29.78,28.72,27.08,27.21,29.08,24.79,25.16,26.55,27.39,26.36,39.05,30.68,28.73,26.21,25.14,23.02
270133,02/10/2017,LOUISIANA.HUB,Hub,MCC,0.2,0.18,0.14,0.19,0.23,0.27,0.55,94.58,1.5,-0.63,0.49,1.2,0.65,-0.17,0.16,1.71,2.49,-0.02,-1.17,2.82,-2.34,-2.0,0.24,-3.35
270134,02/10/2017,LOUISIANA.HUB,Hub,MLC,-0.07,-0.1,-0.02,0.0,0.05,0.13,0.15,0.41,0.08,-0.17,-0.18,-0.17,-0.23,0.07,0.23,0.31,0.4,0.29,0.1,0.23,0.35,0.46,0.41,0.38
270564,02/10/2017,MICHIGAN.HUB,Hub,LMP,27.91,27.26,26.76,27.55,27.37,27.06,39.34,55.79,31.93,34.94,33.15,32.01,35.37,26.26,25.79,25.43,25.08,27.17,47.14,27.92,31.69,29.97,26.54,27.87
270565,02/10/2017,MICHIGAN.HUB,Hub,MCC,5.05,4.22,4.16,4.87,4.65,4.02,8.64,0.39,1.83,3.28,4.38,4.04,4.77,-0.1,-0.29,-0.37,-0.48,-0.26,4.87,-0.9,-0.39,1.03,1.18,1.0
270566,02/10/2017,MICHIGAN.HUB,Hub,MLC,1.44,1.53,1.59,1.58,1.61,1.63,2.12,3.45,1.91,2.15,2.0,1.79,1.94,1.46,1.31,1.27,1.07,1.35,2.15,1.18,1.34,1.19,0.86,0.9
276777,02/11/2017,LOUISIANA.HUB,Hub,LMP,21.81,22.1,22.54,21.42,20.79,21.04,21.46,22.68,23.89,25.86,26.29,27.07,28.12,25.48,25.64,28.12,25.79,26.62,26.34,27.03,24.59,23.67,22.59,21.73
276778,02/11/2017,LOUISIANA.HUB,Hub,MCC,-0.21,-0.01,0.0,0.0,-0.01,-0.01,0.0,-0.03,-0.22,-0.28,-0.08,-0.09,-0.09,0.0,0.0,1.63,0.38,-0.02,-0.05,0.17,0.0,-0.01,-0.01,0.05
276779,02/11/2017,LOUISIANA.HUB,Hub,MLC,0.32,0.11,0.05,0.08,0.07,0.0,-0.13,-0.18,-0.22,-0.2,0.01,0.21,0.48,0.64,0.88,1.1,1.05,0.96,0.85,1.09,1.13,1.12,1.12,0.97
277209,02/11/2017,MICHIGAN.HUB,Hub,LMP,22.46,23.71,24.14,22.59,22.64,23.02,22.81,25.12,27.65,29.32,27.61,28.21,29.01,25.84,25.73,24.69,25.3,27.03,26.98,27.2,24.8,23.91,22.67,22.0
277210,02/11/2017,MICHIGAN.HUB,Hub,MCC,0.01,0.9,0.58,0.18,0.76,0.77,0.07,0.86,1.85,1.42,0.03,0.04,0.03,0.0,0.0,-1.66,-0.09,0.02,0.02,0.0,0.0,-0.01,-0.01,0.05
277211,02/11/2017,MICHIGAN.HUB,Hub,MLC,0.75,0.81,1.07,1.06,1.15,1.2,1.16,1.36,1.48,1.57,1.22,1.22,1.24,0.99,0.97,0.95,1.03,1.33,1.44,1.44,1.34,1.37,1.2,1.23
283422,02/12/2017,LOUISIANA.HUB,Hub,LMP,18.2,14.54,15.64,13.11,10.46,13.24,10.69,14.47,17.4,19.35,20.31,48.8,156.5,153.0,38.05,40.09,33.89,28.66,29.54,32.31,28.62,26.92,24.85,24.36
283423,02/12/2017,LOUISIANA.HUB,Hub,MCC,0.15,1.25,0.31,2.21,1.21,1.18,1.21,1.23,0.9,0.82,0.73,24.5,126.59,121.48,13.43,17.56,10.02,3.13,-1.04,1.38,0.71,0.37,0.36,0.39
283424,02/12/2017,LOUISIANA.HUB,Hub,MLC,0.85,0.63,0.66,0.45,0.39,0.44,0.37,0.5,0.58,0.71,1.01,1.56,2.12,2.26,1.77,1.62,1.64,1.55,1.45,1.33,1.22,1.17,1.13,1.01
283854,02/12/2017,MICHIGAN.HUB,Hub,LMP,18.88,20.41,18.82,19.46,15.65,21.73,18.49,20.95,23.15,24.34,25.33,26.96,23.85,22.16,22.71,24.06,23.03,24.37,30.98,30.09,27.22,26.34,23.98,23.5
283855,02/12/2017,MICHIGAN.HUB,Hub,MCC,0.58,6.98,3.18,8.27,6.17,9.3,8.77,7.35,6.21,5.39,5.72,3.18,-4.88,-8.05,-0.87,2.52,0.16,-0.32,1.12,-0.1,-0.03,0.28,0.12,-0.04
283856,02/12/2017,MICHIGAN.HUB,Hub,MLC,1.1,0.78,0.97,0.74,0.62,0.81,0.61,0.86,1.01,1.12,1.05,1.04,0.94,0.95,0.73,0.64,0.63,0.71,0.73,0.59,0.56,0.67,0.5,0.57
290067,02/13/2017,LOUISIANA.HUB,Hub,LMP,22.82,22.07,21.82,21.41,21.73,23.79,31.05,27.99,27.18,26.56,27.94,26.6,26.71,25.94,26.78,25.37,27.02,35.14,30.93,30.28,28.04,26.59,24.83,26.99
290068,02/13/2017,LOUISIANA.HUB,Hub,MCC,0.0,0.0,0.0,0.0,0.16,0.79,-4.46,0.32,0.22,-0.02,-1.35,0.14,0.53,1.03,2.13,2.11,2.41,7.36,1.98,2.11,1.07,1.08,2.39,6.17
290069,02/13/2017,LOUISIANA.HUB,Hub,MLC,0.72,0.46,0.34,0.28,0.23,0.11,-0.3,0.06,0.04,0.17,0.2,0.14,0.43,0.64,0.83,0.97,1.09,0.95,0.71,0.94,0.89,0.82,1.05,1.08
290499,02/13/2017,MICHIGAN.HUB,Hub,LMP,22.88,22.46,22.35,22.07,23.44,27.91,44.8,30.36,29.38,28.59,33.61,31.12,30.42,31.93,30.25,27.54,28.33,32.36,33.98,31.91,33.41,31.98,28.13,26.09
290500,02/13/2017,MICHIGAN.HUB,Hub,MCC,0.0,0.0,0.0,0.0,1.01,3.63,6.45,0.97,0.71,0.34,2.26,2.85,2.8,5.91,4.87,3.94,3.43,3.83,3.79,3.07,5.72,5.72,5.62,5.34
290501,02/13/2017,MICHIGAN.HUB,Hub,MLC,0.78,0.85,0.87,0.94,1.09,1.39,2.55,1.78,1.75,1.85,2.27,1.95,1.86,1.74,1.56,1.31,1.38,1.7,1.94,1.62,1.62,1.56,1.12,1.0
296712,02/14/2017,LOUISIANA.HUB,Hub,LMP,22.59,21.21,20.79,20.55,21.19,22.61,28.05,30.78,25.8,24.78,31.26,32.62,26.87,26.95,26.74,29.82,80.62,32.5,225.12,173.38,27.7,27.44,30.03,25.79
296713,02/14/2017,LOUISIANA.HUB,Hub,MCC,2.36,1.48,1.44,1.46,0.9,0.91,0.66,-0.06,-0.08,0.0,5.98,7.71,4.64,6.65,6.25,10.42,56.35,9.46,166.02,136.35,3.14,4.58,7.73,5.86
296714,02/14/2017,LOUISIANA.HUB,Hub,MLC,0.87,0.68,0.67,0.65,0.61,0.47,0.1,0.14,0.24,0.5,0.59,0.84,0.84,0.9,1.01,1.07,1.27,1.03,1.81,1.32,1.01,0.95,0.92,0.82
297144,02/14/2017,MICHIGAN.HUB,Hub,LMP,26.5,26.39,26.71,25.92,25.92,28.48,34.59,33.49,26.82,25.42,25.44,24.86,25.59,26.08,26.43,25.72,26.7,28.18,52.12,27.42,28.26,28.51,25.59,25.34
297145,02/14/2017,MICHIGAN.HUB,Hub,MCC,6.1,6.3,7.04,6.5,5.18,6.14,5.82,1.3,-0.08,0.0,-0.39,-0.33,3.21,5.87,6.15,6.6,2.71,5.24,-7.5,-9.46,3.8,5.72,3.26,5.36
297146,02/14/2017,MICHIGAN.HUB,Hub,MLC,1.04,1.04,1.0,0.99,1.05,1.11,1.47,1.49,1.27,1.14,1.15,1.12,0.98,0.81,0.81,0.78,0.99,0.93,2.31,1.18,0.9,0.89,0.94,0.87
303357,02/15/2017,LOUISIANA.HUB,Hub,LMP,20.94,19.08,20.69,21.09,21.34,22.43,24.61,28.88,26.28,25.75,27.57,27.4,24.97,24.33,23.17,22.84,23.07,24.66,57.47,37.5,27.83,27.23,26.24,25.27
303358,02/15/2017,LOUISIANA.HUB,Hub,MCC,1.73,0.49,0.24,0.0,0.0,0.0,0.03,-0.94,-0.49,0.22,2.23,2.1,0.82,0.83,0.0,-0.07,-0.01,-0.17,28.67,10.2,1.81,1.37,2.36,2.94
303359,02/15/2017,LOUISIANA.HUB,Hub,MLC,0.71,0.67,0.51,0.36,0.27,0.12,0.07,0.56,0.59,0.79,0.74,0.63,0.68,0.64,0.59,0.59,0.59,0.55,0.53,0.81,0.81,0.71,0.67,0.73
303789,02/15/2017,MICHIGAN.HUB,Hub,LMP,23.41,20.57,22.18,21.58,21.81,23.2,26.28,34.76,26.6,25.47,25.52,26.03,24.4,23.78,23.45,23.21,23.5,26.13,28.04,27.03,28.35,29.22,27.29,28.15
303790,02/15/2017,MICHIGAN.HUB,Hub,MCC,4.15,1.96,1.4,0.0,0.0,0.0,0.54,4.26,-0.42,-0.11,-0.13,0.28,-0.11,-0.07,-0.12,-0.07,-0.01,0.65,-1.63,-0.64,1.8,2.63,2.76,5.36
303791,02/15/2017,MICHIGAN.HUB,Hub,MLC,0.77,0.7,0.84,0.86,0.74,0.89,1.23,1.24,0.85,0.84,1.05,1.08,1.02,1.0,0.98,0.96,1.03,1.2,1.41,1.18,1.35,1.45,1.31,1.19
310002,02/16/2017,LOUISIANA.HUB,Hub,LMP,22.51,21.53,22.2,23.18,22.77,27.06,145.86,766.31,29.35,29.21,27.6,27.6,25.11,23.48,23.33,22.82,22.71,23.73,26.52,27.05,26.98,28.47,24.92,22.23
310003,02/16/2017,LOUISIANA.HUB,Hub,MCC,2.23,1.4,0.66,0.85,0.66,2.89,101.18,633.57,0.67,0.62,0.38,0.33,0.33,0.12,0.09,0.0,0.0,0.13,0.55,0.58,1.56,4.09,2.2,1.55
310004,02/16/2017,LOUISIANA.HUB,Hub,MLC,0.66,0.63,0.69,0.76,0.76,0.87,1.46,6.01,1.26,0.65,0.31,-0.01,0.13,0.16,0.22,0.24,0.18,0.15,-0.2,0.12,0.47,0.64,0.7,0.72
310434,02/16/2017,MICHIGAN.HUB,Hub,LMP,26.59,26.53,25.95,27.86,26.32,28.55,42.89,101.58,29.74,32.78,31.34,31.14,28.26,25.36,24.93,23.87,23.88,25.95,31.7,31.56,30.64,28.54,27.33,24.99
310435,02/16/2017,MICHIGAN.HUB,Hub,MCC,5.84,5.95,4.01,5.11,3.88,3.99,-2.87,-32.02,1.03,3.38,2.75,2.12,2.13,0.76,0.57,0.01,0.0,0.91,3.68,3.43,3.98,3.17,3.78,3.8
310436,02/16/2017,MICHIGAN.HUB,Hub,MLC,1.14,1.08,1.09,1.19,1.09,1.27,2.54,6.87,1.28,1.46,1.69,1.75,1.49,1.4,1.34,1.28,1.34,1.59,1.85,1.78,1.71,1.63,1.52,1.22
316647,02/17/2017,LOUISIANA.HUB,Hub,LMP,22.35,21.1,20.85,20.49,20.9,24.17,28.96,236.07,27.59,145.25,38.45,26.69,26.24,26.34,25.48,26.76,25.31,92.85,134.97,27.02,34.23,654.11,28.86,75.48
316648,02/17/2017,LOUISIANA.HUB,Hub,MCC,0.98,0.52,0.75,0.75,0.77,0.71,4.15,187.6,0.12,109.17,13.01,2.21,2.08,2.72,3.33,5.75,4.85,63.06,100.87,3.5,11.25,577.04,7.7,49.94
316649,02/17/2017,LOUISIANA.HUB,Hub,MLC,0.67,0.59,0.69,0.75,0.81,0.72,0.82,2.16,0.97,1.33,0.82,0.73,0.65,0.66,0.7,0.74,0.82,1.31,1.53,1.06,1.13,4.52,1.16,1.44
317079,02/17/2017,MICHIGAN.HUB,Hub,LMP,23.9,24.68,25.54,24.97,25.45,28.71,26.95,36.72,34.24,36.26,26.19,24.86,24.51,24.02,23.83,22.36,22.41,26.21,30.18,24.39,25.64,33.89,20.52,21.83
317080,02/17/2017,MICHIGAN.HUB,Hub,MCC,1.82,3.37,4.96,4.85,5.07,4.75,1.64,-11.9,6.22,-0.55,0.18,-0.15,-0.14,-0.11,1.16,0.83,1.5,-4.15,-4.58,0.57,2.56,-42.34,-0.57,-3.49
317081,02/17/2017,MICHIGAN.HUB,Hub,MLC,1.38,1.32,1.18,1.13,1.06,1.22,1.32,2.31,1.52,2.05,1.4,1.25,1.14,1.17,1.23,1.26,1.27,1.88,2.2,1.37,1.23,3.69,1.09,1.21
323292,02/18/2017,LOUISIANA.HUB,Hub,LMP,26.92,73.72,25.57,22.19,19.97,19.0,21.51,22.85,22.95,24.79,24.55,24.34,23.35,22.99,22.75,22.94,23.22,23.59,25.3,27.55,23.95,23.32,22.59,21.24
323293,02/18/2017,LOUISIANA.HUB,Hub,MCC,8.04,50.77,5.55,0.99,-1.15,-0.88,-0.6,-0.09,-0.01,0.0,0.0,0.0,0.0,0.0,0.0,0.0,0.0,0.0,0.0,0.0,0.0,-0.02,-0.01,-0.01
323294,02/18/2017,LOUISIANA.HUB,Hub,MLC,1.07,1.31,1.13,1.17,1.08,0.91,0.75,0.55,0.58,0.51,0.4,0.27,0.34,0.36,0.43,0.55,0.62,0.59,0.55,0.45,0.57,0.61,0.49,0.45
323724,02/18/2017,MICHIGAN.HUB,Hub,LMP,18.35,18.48,19.95,23.36,20.43,19.1,23.11,24.23,23.41,25.1,24.84,24.68,23.53,23.15,22.87,22.93,23.19,23.64,25.55,27.93,23.97,23.27,22.66,21.39
323725,02/18/2017,MICHIGAN.HUB,Hub,MCC,-0.29,-4.17,0.03,2.22,-0.75,-0.88,0.6,0.79,0.14,0.0,0.0,0.0,0.0,0.0,0.0,0.0,0.0,0.0,0.0,0.0,0.0,-0.02,-0.01,-0.01
323726,02/18/2017,MICHIGAN.HUB,Hub,MLC,0.84,1.02,1.04,1.11,1.14,1.01,1.15,1.05,0.89,0.82,0.7,0.61,0.52,0.53,0.55,0.54,0.59,0.64,0.8,0.84,0.58,0.56,0.56,0.6
329937,02/19/2017,LOUISIANA.HUB,Hub,LMP,18.54,19.24,18.22,17.68,18.08,18.22,17.99,19.9,21.3,23.29,22.88,22.58,22.29,21.59,21.14,20.66,21.9,22.82,37.98,28.96,24.21,21.89,21.27,20.29
329938,02/19/2017,LOUISIANA.HUB,Hub,MCC,-0.01,-0.02,0.1,0.28,0.6,1.3,1.09,1.12,0.69,0.41,0.17,0.06,0.23,0.52,1.91,1.34,1.2,0.83,0.77,0.54,0.88,0.51,0.54,0.48
329939,02/19/2017,LOUISIANA.HUB,Hub,MLC,0.36,0.37,0.41,0.43,0.37,0.35,0.33,0.32,0.34,0.38,0.39,0.43,0.51,0.59,0.74,0.88,1.01,0.83,0.88,0.46,0.7,0.86,0.83,0.73
330369,02/19/2017,MICHIGAN.HUB,Hub,LMP,18.79,19.63,18.67,18.13,18.72,18.91,18.68,20.71,22.15,24.18,23.75,23.32,22.95,22.11,21.43,20.77,22.0,23.23,39.66,30.39,24.29,22.19,21.73,20.87
330370,02/19/2017,MICHIGAN.HUB,Hub,MCC,-0.01,-0.02,0.1,0.28,0.6,1.3,1.09,1.12,0.69,0.41,0.17,0.06,0.23,0.52,1.91,1.34,1.2,0.83,0.77,0.54,0.21,0.37,0.54,0.48
330371,02/19/2017,MICHIGAN.HUB,Hub,MLC,0.61,0.76,0.86,0.88,1.0,1.03,1.02,1.13,1.2,1.27,1.26,1.17,1.17,1.11,1.04,0.99,1.11,1.24,2.55,1.89,1.46,1.3,1.3,1.31
336582,02/20/2017,LOUISIANA.HUB,Hub,LMP,19.69,18.13,17.65,17.51,18.34,20.84,25.54,29.7,33.03,29.55,28.65,27.37,25.63,25.1,174.39,27.2,27.16,27.0,62.68,28.95,27.5,26.2,24.18,20.77
336583,02/20/2017,LOUISIANA.HUB,Hub,MCC,-0.02,0.19,-0.3,0.05,0.43,0.64,0.89,1.03,0.88,0.64,0.87,0.74,0.58,0.44,137.73,2.61,2.54,2.24,22.61,1.04,1.43,2.53,1.59,0.0
336584,02/20/2017,LOUISIANA.HUB,Hub,MLC,0.6,0.63,0.54,0.49,0.37,0.28,0.19,-0.03,-0.1,-0.17,-0.33,-0.24,0.4,0.68,1.44,0.82,0.83,0.73,0.86,0.51,0.56,0.74,0.85,0.78
337014,02/20/2017,MICHIGAN.HUB,Hub,LMP,23.01,18.75,18.44,21.71,20.53,22.24,28.72,32.18,36.43,32.23,31.37,29.59,26.99,26.03,26.72,25.15,25.28,25.68,40.46,29.67,27.41,24.34,22.66,20.96
337015,02/20/2017,MICHIGAN.HUB,Hub,MCC,2.49,0.19,-0.29,3.39,1.58,0.64,2.11,1.06,1.63,0.91,1.11,0.76,0.58,0.44,-10.68,-0.07,-0.04,0.06,-1.38,0.55,0.45,0.25,-0.14,0.0
337016,02/20/2017,MICHIGAN.HUB,Hub,MLC,1.41,1.24,1.33,1.34,1.41,1.68,2.15,2.42,2.54,2.24,2.16,1.96,1.76,1.6,2.19,1.45,1.52,1.58,2.63,1.72,1.45,1.16,1.06,0.97
343227,02/21/2017,LOUISIANA.HUB,Hub,LMP,20.74,20.22,20.76,20.42,21.46,21.6,22.77,66.04,25.0,26.12,25.41,31.15,25.15,25.75,24.84,22.8,23.42,23.82,23.81,41.6,25.89,23.74,21.48,18.72
343228,02/21/2017,LOUISIANA.HUB,Hub,MCC,0.0,0.0,0.0,0.0,0.0,0.0,0.07,5.05,0.08,0.33,0.43,0.65,0.19,0.44,0.52,0.47,0.26,0.17,0.04,15.31,1.72,0.4,0.48,0.27
343229,02/21/2017,LOUISIANA.HUB,Hub,MLC,0.63,0.53,0.42,0.33,0.24,0.11,-0.03,0.07,-0.07,-0.18,-0.06,-0.11,0.01,0.09,0.18,0.22,0.34,0.28,0.23,0.39,0.49,0.52,0.53,0.45
343659,02/21/2017,MICHIGAN.HUB,Hub,LMP,20.98,20.53,21.18,20.85,22.03,22.43,23.96,71.5,26.34,28.14,27.27,33.56,26.88,27.74,26.73,24.33,24.78,25.27,25.17,26.49,25.67,24.88,22.3,19.49
343660,02/21/2017,MICHIGAN.HUB,Hub,MCC,0.0,0.0,0.0,0.0,0.0,0.0,0.07,7.37,0.1,0.41,0.57,0.96,0.27,0.63,0.73,0.64,0.36,0.24,0.04,-0.99,0.39,0.47,0.43,0.29
343661,02/21/2017,MICHIGAN.HUB,Hub,MLC,0.87,0.84,0.84,0.77,0.81,0.93,1.17,3.21,1.25,1.76,1.66,2.0,1.66,1.89,1.85,1.58,1.59,1.66,1.59,1.58,1.59,1.59,1.4,1.2
349872,02/22/2017,LOUISIANA.HUB,Hub,LMP,17.9,17.36,17.25,18.04,17.54,19.7,21.86,26.04,24.27,24.2,34.05,26.88,23.51,23.21,23.43,72.12,63.27,34.28,25.61,49.51,25.31,22.09,19.91,19.32
349873,02/22/2017,LOUISIANA.HUB,Hub,MCC,0.11,-0.02,-0.16,-0.09,-0.01,-0.42,-0.68,-1.61,-2.22,-1.1,-0.52,0.0,0.0,0.0,0.24,45.43,22.14,10.12,2.27,22.75,1.9,0.47,0.07,-0.08
349874,02/22/2017,LOUISIANA.HUB,Hub,MLC,0.48,0.52,0.48,0.4,0.42,0.41,0.26,0.2,0.03,0.23,0.07,-0.24,0.07,0.25,0.47,0.84,1.06,0.61,0.55,0.66,0.65,0.7,0.6,0.6
350304,02/22/2017,MICHIGAN.HUB,Hub,LMP,18.61,18.08,18.02,18.9,18.41,20.79,23.09,27.47,25.77,25.29,36.06,28.65,24.54,24.02,23.86,24.05,40.24,23.73,23.52,26.95,24.09,22.11,20.2,19.78
350305,02/22/2017,MICHIGAN.HUB,Hub,MCC,0.11,-0.02,-0.16,-0.09,-0.01,-0.42,-0.65,-1.58,-2.22,-1.14,-0.52,0.0,0.0,0.0,-0.02,-3.06,-1.54,-0.72,-0.16,-0.11,0.4,0.23,0.07,0.01
350306,02/22/2017,MICHIGAN.HUB,Hub,MLC,1.19,1.24,1.25,1.25,1.3,1.5,1.45,1.61,1.52,1.37,2.07,1.53,1.09,1.06,1.15,1.26,1.72,0.89,0.88,0.96,0.93,0.97,0.88,0.97
356517,02/23/2017,LOUISIANA.HUB,Hub,LMP,18.43,13.44,11.97,15.17,15.95,18.5,21.32,23.81,22.04,23.07,22.72,32.21,22.37,23.05,47.64,24.66,24.91,25.45,24.46,25.86,24.15,24.28,47.35,22.38
356518,02/23/2017,LOUISIANA.HUB,Hub,MCC,-0.31,-0.08,0.02,0.0,0.0,0.0,0.02,0.0,-2.27,-0.27,-0.06,0.0,-0.17,-0.17,21.31,1.32,2.01,2.77,1.92,3.35,1.56,2.61,24.44,2.01
356519,02/23/2017,LOUISIANA.HUB,Hub,MLC,0.44,0.43,0.4,0.44,0.32,0.27,0.05,0.05,-0.01,0.0,-0.07,0.11,0.32,0.52,0.74,0.84,0.86,0.72,0.59,0.7,0.72,0.6,0.67,0.51
356949,02/23/2017,MICHIGAN.HUB,Hub,LMP,24.94,13.53,12.08,15.4,16.32,19.03,22.15,24.33,24.5,23.62,23.25,32.96,22.85,23.58,25.08,23.3,22.86,22.75,22.03,22.0,22.5,21.68,21.5,20.49
356950,02/23/2017,MICHIGAN.HUB,Hub,MCC,5.73,-0.08,0.02,0.0,0.0,0.0,0.02,0.0,-0.13,-0.02,0.0,0.0,-0.17,-0.17,-1.67,-0.25,-0.23,-0.27,-0.94,-0.85,-0.32,-0.31,-1.8,-0.42
356951,02/23/2017,MICHIGAN.HUB,Hub,MLC,0.91,0.51,0.51,0.66,0.69,0.81,0.89,0.58,0.31,0.3,0.41,0.86,0.81,1.05,1.16,1.05,1.04,1.06,1.03,1.03,0.95,0.91,1.06,1.05
363162,02/24/2017,LOUISIANA.HUB,Hub,LMP,19.8,20.41,18.96,17.92,17.68,20.28,22.92,23.23,23.13,23.86,26.82,33.62,26.46,26.73,25.86,71.85,25.25,25.72,28.56,31.09,27.04,24.71,24.0,21.85
363163,02/24/2017,LOUISIANA.HUB,Hub,MCC,2.14,2.33,1.81,1.4,0.24,-0.03,-0.42,0.0,-0.01,-0.32,-0.43,-0.2,-0.25,-0.12,-0.22,42.76,0.11,-0.01,-0.09,-0.11,-0.14,0.0,0.0,0.0
363164,02/24/2017,LOUISIANA.HUB,Hub,MLC,0.46,0.46,0.42,0.45,0.46,0.41,0.25,0.2,0.06,0.02,-0.05,0.11,0.15,0.14,0.44,0.94,1.05,0.98,0.64,0.43,0.15,0.25,0.37,0.44
363594,02/24/2017,MICHIGAN.HUB,Hub,LMP,17.74,18.39,17.29,16.94,18.27,21.16,24.46,24.25,24.08,24.84,28.86,34.75,27.66,28.15,26.9,26.58,25.31,26.04,29.36,31.89,27.82,25.27,24.42,21.99
363595,02/24/2017,MICHIGAN.HUB,Hub,MCC,-0.29,-0.25,-0.42,-0.1,0.24,-0.03,-0.18,0.0,-0.01,-0.32,0.34,-0.2,-0.25,-0.12,-0.22,-3.13,-0.02,-0.01,-0.09,-0.11,-0.14,0.0,0.0,0.0
363596,02/24/2017,MICHIGAN.HUB,Hub,MLC,0.83,1.01,0.98,0.97,1.04,1.29,1.56,1.22,1.02,1.0,1.2,1.23,1.35,1.55,1.49,1.56,1.23,1.31,1.45,1.23,0.92,0.81,0.79,0.59
369807,02/25/2017,LOUISIANA.HUB,Hub,LMP,21.19,24.14,19.38,19.36,20.18,19.77,20.64,21.36,23.04,30.44,29.44,24.21,24.16,23.09,21.96,22.04,22.3,22.32,21.95,23.59,24.18,23.06,22.85,22.64
369808,02/25/2017,LOUISIANA.HUB,Hub,MCC,1.63,0.01,0.0,0.0,0.0,0.02,0.02,0.0,-0.02,-0.13,-0.21,-0.11,-0.1,-0.04,-0.02,0.02,-0.06,-0.05,-0.26,-0.08,0.15,0.1,0.23,0.39
369809,02/25/2017,LOUISIANA.HUB,Hub,MLC,0.44,0.39,0.36,0.44,0.48,0.31,0.14,0.06,0.17,0.24,0.15,0.08,0.1,0.12,0.3,0.4,0.39,0.3,0.15,0.09,0.21,0.34,0.36,0.27
370239,02/25/2017,MICHIGAN.HUB,Hub,LMP,19.46,24.12,19.38,19.33,20.16,19.83,20.93,21.81,23.27,30.57,29.39,24.13,24.15,23.17,22.01,22.11,22.44,22.56,22.27,23.85,24.48,23.3,23.19,23.13
370240,02/25/2017,MICHIGAN.HUB,Hub,MCC,-0.11,0.01,0.0,0.0,0.0,0.02,0.02,0.0,-0.02,-0.13,-0.21,-0.11,-0.1,-0.04,-0.02,0.02,-0.06,-0.05,-0.26,-0.08,0.15,0.1,0.23,0.39
370241,02/25/2017,MICHIGAN.HUB,Hub,MLC,0.43,0.37,0.36,0.41,0.46,0.38,0.42,0.51,0.39,0.37,0.1,0.0,0.08,0.21,0.36,0.47,0.53,0.55,0.46,0.35,0.51,0.58,0.69,0.75
376452,02/26/2017,LOUISIANA.HUB,Hub,LMP,22.43,21.97,22.13,21.87,22.12,22.25,23.02,24.4,38.0,27.51,24.33,22.5,22.07,21.64,21.31,21.77,22.2,23.3,42.23,35.88,29.31,24.04,22.57,21.89
376453,02/26/2017,LOUISIANA.HUB,Hub,MCC,0.45,0.39,0.21,0.1,0.04,-0.38,-1.37,-7.97,-6.37,-1.72,0.03,0.05,0.13,0.05,0.02,0.02,0.02,0.02,0.08,0.15,0.03,0.18,0.14,0.01
376454,02/26/2017,LOUISIANA.HUB,Hub,MLC,0.17,0.11,0.05,0.13,0.16,0.18,0.13,0.27,0.53,0.34,0.2,0.17,0.14,0.12,0.15,0.19,0.18,0.03,-0.3,-0.31,-0.04,0.02,0.05,0.2
376884,02/26/2017,MICHIGAN.HUB,Hub,LMP,23.03,22.6,22.85,22.54,22.87,22.98,23.87,25.45,39.44,28.44,24.8,22.7,22.23,21.77,21.35,21.76,22.35,23.62,42.96,36.37,29.4,24.19,22.69,21.97
376885,02/26/2017,MICHIGAN.HUB,Hub,MCC,0.45,0.39,0.21,0.1,0.04,-0.38,-1.37,-7.97,-6.37,-1.72,0.03,0.05,0.13,0.05,0.02,0.02,0.02,0.02,0.08,0.15,0.03,0.18,0.14,0.01
376886,02/26/2017,MICHIGAN.HUB,Hub,MLC,0.77,0.75,0.77,0.8,0.9,0.91,0.98,1.32,1.96,1.28,0.67,0.37,0.3,0.25,0.19,0.18,0.34,0.35,0.43,0.18,0.04,0.17,0.17,0.28
383097,02/27/2017,LOUISIANA.HUB,Hub,LMP,21.35,19.59,20.18,20.17,20.99,21.71,24.91,24.98,23.93,25.43,39.59,26.28,28.02,24.81,24.32,23.25,23.09,23.06,23.56,24.2,23.6,22.89,21.29,19.38
383098,02/27/2017,LOUISIANA.HUB,Hub,MCC,0.0,0.01,0.0,0.0,0.0,0.0,0.0,-0.05,-0.06,-0.05,0.19,-1.38,0.0,0.0,0.0,0.01,0.0,0.0,0.0,0.0,0.0,0.01,0.02,0.01
383099,02/27/2017,LOUISIANA.HUB,Hub,MLC,0.2,0.09,-0.05,-0.11,-0.15,-0.21,-0.55,-0.71,-0.61,-0.59,-0.96,-0.42,-0.21,0.04,0.26,0.6,0.78,0.68,0.57,0.51,0.69,0.68,0.64,0.64
383529,02/27/2017,MICHIGAN.HUB,Hub,LMP,21.5,19.85,20.66,20.76,21.69,22.59,26.66,26.82,25.48,27.08,41.91,28.89,29.03,25.45,24.74,23.38,23.09,23.23,24.05,24.72,23.85,23.12,21.45,19.47
383530,02/27/2017,MICHIGAN.HUB,Hub,MCC,0.0,0.01,0.0,0.0,0.0,0.0,0.0,0.01,0.0,-0.02,-0.04,-0.12,0.0,0.0,0.0,0.01,0.0,0.0,0.0,0.0,0.0,0.01,0.02,0.01
383531,02/27/2017,MICHIGAN.HUB,Hub,MLC,0.34,0.34,0.42,0.49,0.55,0.67,1.19,1.07,0.89,1.03,1.59,0.93,0.79,0.68,0.69,0.72,0.78,0.86,1.07,1.03,0.93,0.91,0.8,0.74
389742,02/28/2017,LOUISIANA.HUB,Hub,LMP,17.65,16.56,16.74,16.39,16.95,18.16,21.67,21.84,22.43,22.65,23.06,23.35,23.87,24.68,24.29,24.01,23.63,23.83,25.72,24.14,23.59,22.9,21.99,19.09
389743,02/28/2017,LOUISIANA.HUB,Hub,MCC,0.01,-0.14,0.0,0.0,0.0,0.0,0.0,-0.57,-1.38,-0.04,-0.05,-0.14,-0.09,-0.07,-0.3,-0.02,-0.05,-0.2,-0.17,-0.05,-0.19,-0.14,-0.08,-0.12
389744,02/28/2017,LOUISIANA.HUB,Hub,MLC,0.54,0.45,0.39,0.32,0.2,0.13,-0.14,-0.08,-0.17,-0.16,-0.04,0.17,0.27,0.22,0.39,0.54,0.75,0.8,0.63,0.63,0.71,0.74,0.79,0.7
390174,02/28/2017,MICHIGAN.HUB,Hub,LMP,17.81,16.84,17.12,16.83,17.62,18.92,22.97,22.79,23.32,23.22,23.47,23.46,23.85,24.68,23.97,23.53,23.17,23.79,26.06,24.37,23.6,22.89,22.08,19.1
390175,02/28/2017,MICHIGAN.HUB,Hub,MCC,0.01,-0.14,0.0,0.0,0.0,0.0,0.0,-0.57,-1.38,-0.04,-0.05,-0.14,-0.09,-0.07,-0.3,-0.02,-0.05,-0.2,-0.26,-0.08,-0.19,-0.14,-0.08,-0.12
390176,02/28/2017,MICHIGAN.HUB,Hub,MLC,0.7,0.73,0.77,0.77,0.87,0.89,1.16,0.88,0.72,0.41,0.38,0.28,0.25,0.22,0.06,0.07,0.29,0.76,1.06,0.89,0.72,0.72,0.88,0.71
396408,03/01/2017,LOUISIANA.HUB,Hub,LMP,18.97,18.76,17.09,16.34,15.64,11.63,19.29,21.91,21.16,21.68,22.98,30.65,29.47,38.87,74.41,92.39,123.01,36.07,36.45,97.35,30.08,26.62,23.9,22.12
396409,03/01/2017,LOUISIANA.HUB,Hub,MCC,0.03,0.01,0.04,0.01,0.02,0.0,-0.01,-0.01,-0.13,-0.25,-0.23,6.41,5.85,13.66,44.4,60.58,87.36,11.19,10.72,56.1,4.8,0.57,0.0,-0.12
396410,03/01/2017,LOUISIANA.HUB,Hub,MLC,0.74,0.68,0.68,0.73,0.58,0.44,0.65,0.61,0.62,0.83,1.0,1.22,1.25,1.47,1.93,2.03,2.23,1.37,1.06,1.84,0.89,0.88,0.73,0.48
396846,03/01/2017,MICHIGAN.HUB,Hub,LMP,18.81,18.69,17.03,16.21,15.69,11.53,19.55,22.24,21.34,21.59,22.81,23.04,22.28,21.99,21.59,21.45,23.21,22.85,24.41,34.09,23.84,25.21,23.23,21.97
396847,03/01/2017,MICHIGAN.HUB,Hub,MCC,0.03,0.01,0.04,0.01,0.02,0.0,-0.01,-0.01,-0.13,-0.25,-0.23,-0.84,-0.92,-2.63,-7.36,-9.26,-11.36,-1.6,-1.32,-6.33,-0.91,-0.34,-0.2,-0.12
396848,03/01/2017,MICHIGAN.HUB,Hub,MLC,0.58,0.61,0.61,0.6,0.63,0.33,0.91,0.93,0.79,0.74,0.84,0.85,0.83,0.89,0.86,0.93,1.16,0.95,1.06,1.01,0.35,0.39,0.26,0.33
403077,03/02/2017,LOUISIANA.HUB,Hub,LMP,21.7,22.08,22.64,22.82,22.68,23.58,37.76,72.05,41.66,33.03,36.9,47.84,27.11,25.77,25.03,23.75,23.88,25.99,25.98,38.29,36.84,37.04,28.6,23.88
403078,03/02/2017,LOUISIANA.HUB,Hub,MCC,0.07,0.08,0.2,0.14,0.21,0.29,3.16,-11.5,-19.71,-11.07,-3.5,-1.16,-0.81,-0.64,0.23,-0.15,-0.25,0.28,-0.25,-0.18,-0.58,0.66,-1.54,-0.22
403079,03/02/2017,LOUISIANA.HUB,Hub,MLC,0.33,0.21,0.07,0.01,-0.01,-0.02,0.08,0.58,0.23,0.24,0.05,-0.04,-0.1,-0.02,0.11,0.21,0.3,0.29,0.09,0.13,-0.11,0.0,0.05,0.14
403515,03/02/2017,MICHIGAN.HUB,Hub,LMP,21.44,22.04,22.56,22.88,22.77,23.71,35.27,86.33,64.67,45.62,40.86,48.91,28.56,26.79,25.25,24.35,24.49,26.32,26.84,38.99,38.09,37.03,30.58,24.63
403516,03/02/2017,MICHIGAN.HUB,Hub,MCC,0.01,0.0,0.02,0.07,0.08,0.05,-0.08,3.23,3.88,2.14,0.68,-0.3,0.22,-0.18,-0.09,-0.15,-0.25,-0.24,-0.27,-0.18,-0.04,-0.02,-0.18,-0.02
403517,03/02/2017,MICHIGAN.HUB,Hub,MLC,0.13,0.24,0.16,0.14,0.21,0.36,0.83,0.13,-0.35,-0.38,-0.17,0.18,0.31,0.54,0.65,0.81,0.92,1.14,0.98,0.83,0.6,0.68,0.68,0.69
409746,03/03/2017,LOUISIANA.HUB,Hub,LMP,23.67,23.21,23.34,23.58,24.05,24.4,31.94,40.2,31.56,27.53,32.49,34.38,23.09,21.95,20.65,20.37,19.82,21.7,30.8,29.55,27.87,26.29,24.53,22.65
409747,03/03/2017,LOUISIANA.HUB,Hub,MCC,0.0,-0.02,0.0,0.0,0.0,0.04,0.15,0.71,0.98,0.92,2.67,2.05,0.93,1.09,0.58,0.64,0.29,0.07,0.35,0.47,1.18,0.54,0.6,2.01
409748,03/03/2017,LOUISIANA.HUB,Hub,MLC,0.22,0.37,0.35,0.31,0.31,0.42,0.73,1.04,0.42,0.07,-0.13,-0.38,-0.04,0.09,0.23,0.43,0.51,0.48,0.22,-0.24,-0.21,-0.13,0.17,0.24
410184,03/03/2017,MICHIGAN.HUB,Hub,LMP,24.16,23.51,23.54,23.83,24.23,24.58,32.03,39.38,30.82,27.37,32.38,36.64,24.1,24.12,26.25,24.04,23.92,24.61,33.16,33.37,30.12,30.67,27.47,25.25
410185,03/03/2017,MICHIGAN.HUB,Hub,MCC,0.0,0.0,0.0,0.0,0.0,0.04,0.15,0.39,0.2,0.23,1.43,2.68,1.04,2.52,5.64,4.04,4.21,2.81,1.72,2.81,1.89,3.51,2.53,3.88
410186,03/03/2017,MICHIGAN.HUB,Hub,MLC,0.71,0.65,0.56,0.56,0.49,0.61,0.83,0.54,0.46,0.59,1.0,1.25,0.86,0.83,0.77,0.69,0.68,0.65,1.22,1.25,1.32,1.28,1.17,0.97
416415,03/04/2017,LOUISIANA.HUB,Hub,LMP,51.21,22.32,24.01,23.01,23.23,23.56,24.78,25.04,25.46,25.25,24.03,22.99,22.35,21.69,20.69,19.75,19.02,18.88,27.41,24.83,23.04,22.36,22.29,21.3
416416,03/04/2017,LOUISIANA.HUB,Hub,MCC,0.84,0.81,1.09,0.28,1.01,-1.46,0.35,0.17,-0.04,-0.19,0.42,0.49,0.48,1.02,1.1,1.18,1.08,0.74,0.25,0.08,0.16,0.2,0.24,0.25
416417,03/04/2017,LOUISIANA.HUB,Hub,MLC,0.36,0.03,0.09,0.18,0.23,0.47,0.53,0.54,0.7,0.88,0.72,0.57,0.41,0.45,0.45,0.48,0.5,0.55,0.65,0.38,0.62,0.72,0.93,0.83
416853,03/04/2017,MICHIGAN.HUB,Hub,LMP,62.89,23.53,25.59,25.39,24.53,25.03,26.32,26.39,26.57,26.11,24.92,23.88,23.35,22.53,21.41,21.4,20.63,22.98,35.93,27.23,24.28,24.55,24.41,22.87
416854,03/04/2017,MICHIGAN.HUB,Hub,MCC,10.21,0.93,1.37,1.38,1.01,-1.29,0.64,0.39,0.19,0.03,0.6,0.64,0.61,1.13,1.18,2.26,2.2,4.46,7.83,1.39,0.73,1.86,2.04,1.5
416855,03/04/2017,MICHIGAN.HUB,Hub,MLC,2.66,1.12,1.39,1.47,1.53,1.76,1.78,1.67,1.58,1.51,1.43,1.31,1.28,1.17,1.1,1.06,1.01,0.94,1.58,1.48,1.29,1.26,1.26,1.16
423084,03/05/2017,LOUISIANA.HUB,Hub,LMP,22.31,20.37,20.12,19.56,19.98,19.44,19.75,20.55,21.45,23.08,23.33,23.11,23.09,22.95,22.67,22.79,22.79,24.26,25.79,25.67,25.92,23.33,21.22,21.29
423085,03/05/2017,LOUISIANA.HUB,Hub,MCC,0.33,0.37,0.44,0.43,0.24,0.11,0.31,0.32,0.24,0.2,0.22,0.36,0.15,-0.1,-0.17,-0.09,-0.49,-0.2,-0.28,-0.23,0.05,0.61,1.04,2.89
423086,03/05/2017,LOUISIANA.HUB,Hub,MLC,0.67,0.56,0.58,0.63,0.64,0.6,0.64,0.77,0.83,0.85,0.85,0.76,0.8,0.89,0.96,1.02,1.01,0.98,0.99,1.19,1.33,1.3,1.22,1.03
423522,03/05/2017,MICHIGAN.HUB,Hub,LMP,23.99,23.3,22.85,24.29,25.16,23.63,23.95,23.45,24.08,24.18,23.43,23.32,23.18,22.94,22.57,22.69,22.79,24.46,26.35,26.05,26.28,23.61,22.79,20.24
423523,03/05/2017,MICHIGAN.HUB,Hub,MCC,1.45,2.76,2.73,4.79,5.03,3.87,4.2,3.01,2.69,1.24,0.36,0.49,0.28,0.03,-0.05,0.04,-0.37,-0.02,-0.06,-0.02,0.32,0.98,2.8,1.9
423524,03/05/2017,MICHIGAN.HUB,Hub,MLC,1.23,1.09,1.01,1.0,1.04,1.02,0.95,0.98,1.0,0.92,0.82,0.84,0.77,0.75,0.75,0.8,0.88,1.01,1.33,1.36,1.42,1.21,1.03,0.96
429753,03/06/2017,LOUISIANA.HUB,Hub,LMP,18.1,19.22,15.46,17.29,17.26,19.17,23.69,25.45,24.22,43.05,43.86,36.27,23.86,24.31,25.71,23.56,23.78,24.69,41.92,86.37,27.51,31.31,21.95,21.15
429754,03/06/2017,LOUISIANA.HUB,Hub,MCC,0.76,2.16,1.01,1.6,0.99,0.57,1.37,-2.28,-2.59,8.31,4.11,1.23,0.45,0.33,-1.29,-0.67,0.43,0.37,2.89,47.77,2.19,4.23,0.87,2.6
429755,03/06/2017,LOUISIANA.HUB,Hub,MLC,0.94,0.84,0.73,0.78,0.78,0.86,0.78,1.08,0.99,1.34,1.26,1.03,0.84,1.09,1.09,1.27,1.37,1.39,2.01,2.31,1.53,1.52,1.17,1.07
430191,03/06/2017,MICHIGAN.HUB,Hub,LMP,21.38,24.01,18.3,20.28,19.88,21.33,27.25,25.88,24.91,36.1,61.44,61.06,31.93,24.52,25.52,24.99,25.31,25.42,51.78,32.26,24.67,27.77,21.72,18.62
430192,03/06/2017,MICHIGAN.HUB,Hub,MCC,4.08,6.94,3.92,4.64,3.65,2.6,4.51,-2.05,-2.26,0.92,20.95,25.45,8.47,0.9,-1.19,1.29,2.64,1.71,13.38,-5.04,0.24,1.61,1.29,0.71
430193,03/06/2017,MICHIGAN.HUB,Hub,MLC,0.9,0.85,0.66,0.73,0.74,0.98,1.19,1.27,1.35,1.77,2.0,1.59,0.89,0.73,0.81,0.74,0.7,0.78,1.38,1.0,0.65,0.6,0.52,0.43
436422,03/07/2017,LOUISIANA.HUB,Hub,LMP,20.8,18.37,19.14,18.34,20.78,25.29,33.07,30.04,25.84,54.49,76.21,94.51,142.27,77.63,59.96,49.56,36.22,38.41,51.81,41.82,31.06,30.37,25.54,24.47
436423,03/07/2017,LOUISIANA.HUB,Hub,MCC,1.9,1.27,1.34,1.07,2.8,4.94,6.93,4.51,0.57,4.46,42.2,59.83,100.05,45.26,30.03,22.08,10.93,12.25,20.03,11.48,4.76,1.71,1.57,1.4
436424,03/07/2017,LOUISIANA.HUB,Hub,MLC,1.2,1.08,1.14,1.13,1.08,1.13,1.26,1.16,1.17,1.73,1.32,1.45,1.85,1.41,1.32,1.32,1.2,1.19,1.34,1.25,0.99,1.12,1.09,1.0
436860,03/07/2017,MICHIGAN.HUB,Hub,LMP,17.6,19.44,20.46,21.28,21.57,23.33,27.2,24.99,24.41,51.17,30.49,25.99,29.16,25.09,24.34,23.3,22.74,23.28,28.5,27.86,25.13,28.59,23.32,22.65
436861,03/07/2017,MICHIGAN.HUB,Hub,MCC,-0.54,3.02,3.39,4.66,4.14,3.49,1.48,-0.07,-0.3,1.59,-2.94,-8.01,-12.08,-6.48,-4.87,-3.33,-1.82,-2.2,-2.53,-1.73,-0.66,0.45,-0.1,-0.05
436862,03/07/2017,MICHIGAN.HUB,Hub,MLC,0.44,0.4,0.41,0.47,0.53,0.62,0.83,0.69,0.62,1.29,0.75,0.78,0.86,0.62,0.6,0.47,0.47,0.51,0.59,0.51,0.48,0.61,0.54,0.63
443091,03/08/2017,LOUISIANA.HUB,Hub,LMP,18.15,17.95,18.49,18.64,18.83,21.44,26.4,24.25,24.57,23.19,22.76,22.28,22.63,23.31,23.62,25.68,24.13,28.76,37.33,142.89,119.98,28.71,23.73,23.04
443092,03/08/2017,LOUISIANA.HUB,Hub,MCC,1.64,2.02,0.93,0.76,0.5,0.57,0.41,0.0,-0.3,-0.54,-0.36,-0.49,-0.56,0.43,0.88,2.67,0.92,3.56,4.03,27.83,27.27,-0.11,-0.02,0.0
443093,03/08/2017,LOUISIANA.HUB,Hub,MLC,0.74,0.75,0.75,0.66,0.67,0.68,0.7,1.05,1.09,0.89,0.75,0.68,0.69,0.82,0.88,0.9,0.85,0.9,0.83,1.26,0.26,0.26,0.31,0.18
443529,03/08/2017,MICHIGAN.HUB,Hub,LMP,16.87,17.55,20.02,20.34,19.71,22.84,27.85,23.69,23.89,22.75,22.58,22.08,22.25,22.12,21.91,21.84,21.84,23.38,19.97,67.3,45.97,26.34,22.69,22.57
443530,03/08/2017,MICHIGAN.HUB,Hub,MCC,0.71,2.04,2.78,2.64,1.54,2.0,1.81,0.08,-0.29,-0.54,-0.36,-0.48,-0.56,-0.28,-0.09,-0.31,-0.37,-0.65,-11.69,-41.47,-42.52,-1.3,-0.13,0.0
443531,03/08/2017,MICHIGAN.HUB,Hub,MLC,0.39,0.34,0.42,0.48,0.51,0.64,0.75,0.41,0.4,0.45,0.56,0.47,0.31,0.33,0.14,0.03,-0.14,-0.28,-0.81,-5.03,-3.96,-0.91,-0.62,-0.28
449760,03/09/2017,LOUISIANA.HUB,Hub,LMP,21.65,21.45,21.36,21.57,21.65,21.54,24.25,30.32,39.32,27.36,26.95,26.74,25.47,26.15,30.51,31.21,31.28,28.3,28.93,38.85,30.75,28.81,29.92,22.26
449761,03/09/2017,LOUISIANA.HUB,Hub,MCC,0.0,0.0,0.0,0.0,0.0,0.0,0.0,0.0,-6.52,-0.62,0.0,0.0,0.0,1.1,5.62,6.7,8.24,5.63,5.87,11.05,5.86,4.15,4.79,0.22
449762,03/09/2017,LOUISIANA.HUB,Hub,MLC,0.09,0.05,-0.08,-0.11,-0.19,-0.17,-0.23,-0.38,-1.36,-0.81,-0.58,-0.34,-0.01,0.5,0.75,0.92,0.82,0.69,0.69,0.94,0.8,0.83,0.94,0.71
450198,03/09/2017,MICHIGAN.HUB,Hub,LMP,21.39,21.28,21.32,21.52,21.73,21.65,24.47,30.37,36.62,27.51,27.11,26.61,25.18,24.28,23.45,23.0,22.81,23.32,25.63,26.54,24.64,23.81,24.53,22.0
450199,03/09/2017,MICHIGAN.HUB,Hub,MCC,0.0,0.0,0.0,0.0,0.0,0.0,0.0,-0.01,-9.35,-0.65,0.0,0.0,0.0,-0.13,-0.67,-0.76,0.23,0.89,2.72,-0.86,0.06,-0.43,-0.07,0.22
450200,03/09/2017,MICHIGAN.HUB,Hub,MLC,-0.16,-0.11,-0.13,-0.16,-0.11,-0.07,-0.01,-0.32,-1.23,-0.63,-0.41,-0.47,-0.3,-0.14,-0.01,0.18,0.36,0.45,0.54,0.53,0.49,0.41,0.41,0.45
456429,03/10/2017,LOUISIANA.HUB,Hub,LMP,21.49,20.28,19.0,18.67,19.26,20.64,22.69,27.25,31.74,28.12,40.74,38.21,30.34,32.48,84.16,32.88,68.14,34.86,28.2,120.91,30.36,34.64,39.66,27.21
456430,03/10/2017,LOUISIANA.HUB,Hub,MCC,0.14,-0.23,-0.06,-0.15,0.04,-0.07,-0.35,1.5,2.11,-0.32,-0.48,2.36,0.57,3.29,46.88,6.13,36.44,7.65,1.74,78.28,2.17,0.54,0.58,0.03
456431,03/10/2017,LOUISIANA.HUB,Hub,MLC,0.71,0.62,0.65,0.61,0.53,0.48,0.42,0.65,0.75,0.75,0.98,0.76,1.04,1.07,1.45,1.12,1.57,1.24,1.0,1.6,0.82,0.83,0.61,0.24
456867,03/10/2017,MICHIGAN.HUB,Hub,LMP,21.4,20.3,18.94,18.59,19.22,20.64,22.75,17.95,20.31,27.81,43.49,23.85,24.72,25.97,28.69,24.26,22.6,22.18,21.37,25.81,27.01,33.89,39.29,26.91
456868,03/10/2017,MICHIGAN.HUB,Hub,MCC,0.14,-0.23,-0.06,-0.15,0.04,-0.07,-0.35,-7.22,-8.63,0.11,3.46,-10.9,-3.64,-1.73,-6.47,-0.91,-7.03,-3.51,-3.94,-14.8,-0.09,0.83,0.88,0.03
456869,03/10/2017,MICHIGAN.HUB,Hub,MLC,0.62,0.64,0.59,0.53,0.49,0.49,0.48,0.07,0.06,0.01,-0.22,-0.34,-0.37,-0.43,-0.68,-0.46,-0.5,-0.28,-0.15,-0.43,-0.27,-0.21,-0.06,-0.06
463098,03/11/2017,LOUISIANA.HUB,Hub,LMP,31.1,26.66,26.18,25.16,24.48,26.27,26.94,25.8,28.98,34.6,30.62,41.5,30.7,28.17,27.83,26.97,28.33,31.11,28.9,30.72,33.0,31.56,29.85,30.21
463099,03/11/2017,LOUISIANA.HUB,Hub,MCC,0.0,0.0,0.0,0.0,0.0,-0.01,0.06,-0.02,0.05,0.03,0.09,0.5,0.22,0.14,0.09,0.11,0.25,0.24,0.0,0.08,0.92,0.0,0.0,0.0
463100,03/11/2017,LOUISIANA.HUB,Hub,MLC,0.36,0.44,0.37,0.32,0.26,0.28,0.05,-0.05,-0.01,0.01,0.14,0.29,0.24,0.52,0.8,0.89,0.88,0.8,0.59,0.57,0.52,0.54,0.5,0.35
463536,03/11/2017,MICHIGAN.HUB,Hub,LMP,30.96,26.4,25.99,25.11,24.47,26.41,30.45,26.46,29.12,34.32,30.06,40.86,30.13,27.28,26.63,25.71,27.24,30.06,27.68,28.9,26.97,30.73,29.27,29.97
463537,03/11/2017,MICHIGAN.HUB,Hub,MCC,0.0,0.0,0.0,0.0,0.0,0.13,3.25,0.44,0.07,0.05,0.14,0.78,0.34,0.21,0.14,0.17,0.38,0.37,0.0,-0.38,-4.02,0.0,0.0,0.0
463538,03/11/2017,MICHIGAN.HUB,Hub,MLC,0.21,0.18,0.18,0.27,0.25,0.28,0.37,0.15,0.11,-0.3,-0.47,-0.64,-0.44,-0.44,-0.44,-0.43,-0.35,-0.38,-0.62,-0.8,-0.57,-0.3,-0.08,0.11
469767,03/12/2017,LOUISIANA.HUB,Hub,LMP,28.65,27.54,26.88,27.2,26.38,26.61,26.98,27.94,28.23,26.65,25.38,27.49,26.02,24.34,22.42,22.26,23.01,22.91,28.83,30.27,35.47,28.19,25.62,24.2
469768,03/12/2017,LOUISIANA.HUB,Hub,MCC,0.0,0.0,0.0,-0.01,-0.03,-0.01,0.0,-0.02,0.0,0.07,0.02,-0.04,1.49,1.37,1.22,0.18,-0.12,-0.09,-0.94,-0.2,2.34,2.34,0.3,0.57
469769,03/12/2017,LOUISIANA.HUB,Hub,MLC,0.24,0.21,0.27,0.3,0.38,0.41,0.37,0.53,0.77,1.04,1.24,1.26,1.11,1.0,0.82,0.71,0.54,0.48,0.38,0.55,0.74,0.68,0.63,0.51
470205,03/12/2017,MICHIGAN.HUB,Hub,LMP,28.77,27.73,27.07,27.5,26.64,26.92,27.43,27.91,27.99,26.17,24.64,27.35,23.44,22.93,21.31,22.23,27.01,23.27,49.45,31.13,39.51,31.14,41.74,30.62
470206,03/12/2017,MICHIGAN.HUB,Hub,MCC,0.0,0.0,0.0,-0.01,-0.03,-0.01,0.0,-0.02,0.0,0.07,0.02,0.53,-0.68,0.17,0.24,0.11,3.57,-0.06,18.89,0.29,6.16,5.21,15.99,6.36
470207,03/12/2017,MICHIGAN.HUB,Hub,MLC,0.36,0.4,0.45,0.6,0.64,0.73,0.82,0.49,0.52,0.56,0.5,0.55,0.69,0.79,0.68,0.76,0.86,0.81,1.16,0.91,0.96,0.77,1.06,1.13
476436,03/13/2017,LOUISIANA.HUB,Hub,LMP,22.3,23.11,23.1,27.22,30.72,37.16,55.33,34.96,28.91,40.73,35.6,30.6,29.64,33.44,26.88,27.99,40.73,31.43,48.61,64.51,39.57,29.65,43.03,23.53
476437,03/13/2017,LOUISIANA.HUB,Hub,MCC,0.24,-0.75,-0.52,-1.32,-0.89,-2.01,-0.83,0.14,0.2,-0.27,-0.03,-0.11,0.07,-0.05,-0.03,-0.22,-0.55,-0.04,-0.63,0.0,-0.39,-0.05,-0.66,-0.02
476438,03/13/2017,LOUISIANA.HUB,Hub,MLC,0.43,0.32,0.27,0.1,-0.17,-0.17,0.21,0.16,0.21,0.34,0.13,0.19,0.23,0.24,0.41,0.65,1.1,0.8,0.98,0.91,0.58,0.41,0.33,0.0
476874,03/13/2017,MICHIGAN.HUB,Hub,LMP,24.64,40.85,33.99,45.55,46.81,66.2,72.78,40.0,31.51,49.64,40.47,33.85,31.4,35.19,28.7,35.99,55.7,32.55,61.02,65.46,47.41,30.71,56.72,24.65
476875,03/13/2017,MICHIGAN.HUB,Hub,MCC,1.94,15.97,9.29,15.37,12.97,24.37,13.53,3.77,1.95,7.43,3.66,2.38,1.09,0.82,1.34,7.45,14.01,0.76,11.08,0.0,7.12,0.85,12.07,0.29
476876,03/13/2017,MICHIGAN.HUB,Hub,MLC,1.08,1.33,1.36,1.75,2.06,2.5,3.31,1.57,1.06,1.56,1.32,0.96,0.97,1.12,0.85,0.98,1.51,1.12,1.68,1.86,0.91,0.57,1.3,0.81
483105,03/14/2017,LOUISIANA.HUB,Hub,LMP,37.69,24.59,29.29,31.26,31.17,28.24,32.89,68.0,50.87,38.43,42.13,28.45,35.87,30.34,28.23,29.17,28.13,28.01,28.19,48.11,48.18,36.48,25.91,26.02
483106,03/14/2017,LOUISIANA.HUB,Hub,MCC,4.47,0.46,1.39,1.77,1.04,0.04,-0.01,9.74,3.51,-0.56,0.18,1.01,1.27,0.43,0.15,-0.1,-0.36,-0.04,0.96,0.1,-0.43,1.76,0.24,0.73
483107,03/14/2017,LOUISIANA.HUB,Hub,MLC,0.04,0.04,-0.01,0.05,0.03,0.35,0.77,0.66,0.28,-0.14,-0.53,-0.29,-0.58,-0.43,-0.39,-0.32,-0.17,-0.07,0.0,-0.23,-0.3,-0.08,-0.03,-0.2
483543,03/14/2017,MICHIGAN.HUB,Hub,LMP,56.82,28.02,38.67,43.8,43.41,30.56,32.11,15.92,46.64,52.84,51.28,27.78,42.53,30.82,28.92,32.96,34.26,32.01,31.51,53.84,49.22,42.48,28.76,29.38
483544,03/14/2017,MICHIGAN.HUB,Hub,MCC,22.54,3.23,9.86,13.49,12.42,2.25,-0.01,-40.94,-0.34,13.38,8.51,-0.08,7.04,0.24,0.15,2.73,4.89,3.29,3.79,4.66,-0.43,7.09,2.42,3.12
483545,03/14/2017,MICHIGAN.HUB,Hub,MLC,1.1,0.7,0.9,0.86,0.89,0.45,-0.02,-0.74,-0.11,0.32,0.3,0.13,0.31,0.24,0.3,0.64,0.7,0.6,0.48,0.93,0.74,0.58,0.64,0.77
489774,03/15/2017,LOUISIANA.HUB,Hub,LMP,22.61,24.05,23.92,22.29,24.14,30.79,93.32,32.47,104.31,31.08,30.49,27.75,27.75,26.0,25.11,23.06,24.92,23.62,27.2,46.64,31.16,29.92,25.13,26.89
489775,03/15/2017,LOUISIANA.HUB,Hub,MCC,-15.17,-8.94,0.84,-6.58,-0.01,0.58,38.47,2.34,66.1,0.17,-0.78,-0.24,0.13,-0.15,-0.94,-0.71,1.23,0.07,-2.8,1.48,3.58,3.12,1.27,1.5
489776,03/15/2017,LOUISIANA.HUB,Hub,MLC,-0.52,-0.28,-0.18,-0.19,0.06,0.13,0.78,0.37,0.23,-0.06,-0.4,-0.48,-0.35,-0.36,-0.48,-0.15,-0.11,-0.09,-0.04,-0.08,-0.05,0.09,0.01,0.12
490212,03/15/2017,MICHIGAN.HUB,Hub,LMP,73.17,58.48,26.93,43.07,26.69,33.78,42.49,31.5,40.92,45.13,43.32,32.19,32.7,32.53,41.51,29.02,20.6,25.52,40.24,65.16,32.51,38.63,30.19,38.57
490213,03/15/2017,MICHIGAN.HUB,Hub,MCC,33.6,24.27,3.12,13.38,2.2,3.02,-12.46,1.43,2.39,13.48,10.69,2.7,3.57,4.92,13.77,4.06,-4.19,0.96,8.94,17.94,3.72,10.89,5.39,12.25
490214,03/15/2017,MICHIGAN.HUB,Hub,MLC,1.27,0.94,0.54,0.63,0.4,0.68,0.89,0.31,0.55,0.7,0.96,1.02,1.17,1.09,1.22,1.04,0.99,0.92,1.26,1.98,1.16,1.02,0.95,1.04
496443,03/16/2017,LOUISIANA.HUB,Hub,LMP,22.8,24.67,24.1,28.15,34.08,49.93,485.38,33.82,33.02,29.86,31.44,37.08,26.55,27.64,27.13,27.34,25.45,27.21,29.01,88.22,27.82,26.92,65.26,21.18
496444,03/16/2017,LOUISIANA.HUB,Hub,MCC,2.72,1.83,0.86,2.63,-2.97,14.27,375.81,8.34,4.59,2.81,1.22,-0.97,1.52,3.84,5.54,6.18,4.66,5.38,4.54,54.3,2.06,4.77,16.07,2.95
496445,03/16/2017,LOUISIANA.HUB,Hub,MLC,0.33,0.3,0.34,0.42,0.47,0.32,1.66,0.23,-0.12,0.05,0.04,-0.21,0.07,0.13,0.19,0.24,0.29,0.28,0.26,0.43,0.17,0.34,0.21,0.2
496881,03/16/2017,MICHIGAN.HUB,Hub,LMP,20.78,23.52,26.13,30.69,54.95,53.47,73.85,27.99,33.22,36.46,35.89,45.05,29.47,27.95,22.9,22.07,24.88,22.94,31.73,36.26,32.68,24.89,108.36,28.61
496882,03/16/2017,MICHIGAN.HUB,Hub,MCC,0.29,0.09,2.28,4.63,17.04,16.83,-37.89,1.84,3.69,8.33,4.39,5.51,3.52,3.31,0.63,0.24,3.53,0.45,6.45,1.43,5.96,2.13,56.85,9.75
496883,03/16/2017,MICHIGAN.HUB,Hub,MLC,0.73,0.89,0.96,0.96,1.35,1.29,3.82,0.91,0.98,1.12,1.32,1.29,0.99,0.96,0.87,0.92,0.85,0.93,1.07,1.34,1.13,0.95,2.52,0.83
503112,03/17/2017,LOUISIANA.HUB,Hub,LMP,19.37,19.91,20.77,20.5,22.15,64.83,32.38,36.1,38.58,47.57,34.43,26.71,28.79,25.85,27.77,28.98,25.95,23.22,47.09,22.31,22.87,22.87,25.6,28.12
503113,03/17/2017,LOUISIANA.HUB,Hub,MCC,1.89,0.27,1.5,2.23,0.08,12.16,-1.11,-0.02,-0.55,-0.85,-0.89,-0.44,-0.84,0.5,2.81,0.25,2.33,1.78,6.74,1.74,0.87,0.6,2.17,5.42
503114,03/17/2017,LOUISIANA.HUB,Hub,MLC,0.26,0.5,0.42,0.37,0.3,-0.25,-0.39,-0.46,-0.9,-2.25,-1.82,-0.84,-0.89,-0.37,-0.13,-0.09,0.18,0.17,-0.03,-0.04,0.33,0.48,0.47,0.38
503550,03/17/2017,MICHIGAN.HUB,Hub,LMP,24.32,21.09,24.19,25.51,32.49,96.88,46.4,41.96,58.38,72.06,49.85,36.34,40.87,29.68,27.27,45.61,33.69,31.33,87.65,29.12,27.09,25.05,40.81,44.53
503551,03/17/2017,MICHIGAN.HUB,Hub,MCC,6.23,1.0,4.27,6.58,9.49,40.86,10.63,3.6,16.55,19.08,10.94,7.06,8.84,2.72,0.95,15.25,9.05,8.92,44.95,7.36,4.23,1.95,16.31,20.78
503552,03/17/2017,MICHIGAN.HUB,Hub,MLC,0.86,0.94,1.06,1.02,1.22,3.1,1.88,1.76,1.8,2.31,1.77,1.29,1.51,1.24,1.24,1.53,1.2,1.14,2.32,1.15,1.19,1.3,1.53,1.43
509781,03/18/2017,LOUISIANA.HUB,Hub,LMP,20.27,20.46,21.13,20.72,21.15,23.27,38.69,30.96,82.73,49.94,52.47,27.8,28.21,23.99,13.85,16.29,25.76,25.26,25.45,26.67,24.41,29.73,23.52,22.24
509782,03/18/2017,LOUISIANA.HUB,Hub,MCC,2.53,1.94,1.69,1.82,1.49,0.6,3.45,1.39,6.63,0.65,-1.73,-0.21,-0.32,-10.45,-39.57,-44.93,-1.06,-9.48,-1.76,-0.2,-4.98,-0.49,0.12,0.52
509783,03/18/2017,LOUISIANA.HUB,Hub,MLC,0.24,0.29,0.13,0.08,-0.02,-0.15,-0.02,-0.19,-0.07,-0.33,-0.56,-0.17,0.04,0.44,1.94,3.1,1.2,1.41,1.04,0.93,1.13,1.07,0.79,0.65
510219,03/18/2017,MICHIGAN.HUB,Hub,LMP,28.55,26.59,27.33,27.46,27.12,30.33,66.57,52.81,126.73,75.89,83.48,30.64,31.57,33.81,38.96,41.02,27.21,34.83,28.31,27.76,27.82,36.33,26.73,23.59
510220,03/18/2017,MICHIGAN.HUB,Hub,MCC,10.05,7.32,6.87,7.5,6.29,6.16,29.27,21.32,46.56,23.66,26.46,1.52,2.15,-1.43,-14.22,-19.19,0.58,0.37,1.29,1.04,-1.32,5.97,3.12,1.48
510221,03/18/2017,MICHIGAN.HUB,Hub,MLC,1.0,1.03,1.16,1.14,1.16,1.35,2.04,1.74,4.01,2.62,2.26,0.95,0.93,1.24,1.7,2.09,1.01,1.13,0.86,0.79,0.88,1.22,1.01,1.04
516450,03/19/2017,LOUISIANA.HUB,Hub,LMP,20.36,19.43,20.16,20.33,19.67,20.18,20.35,20.55,22.64,22.53,26.08,25.27,26.92,26.15,32.44,27.74,32.3,29.18,27.86,48.8,26.11,26.42,24.11,29.84
516451,03/19/2017,LOUISIANA.HUB,Hub,MCC,0.9,1.21,1.15,1.11,1.3,0.81,-0.07,0.95,0.74,0.54,0.22,3.21,6.09,6.01,11.82,5.12,3.77,1.72,-0.8,2.99,0.19,0.89,0.08,2.11
516452,03/19/2017,LOUISIANA.HUB,Hub,MLC,0.39,0.32,0.22,0.21,0.28,0.22,0.29,0.33,0.29,0.46,0.48,0.82,0.96,1.1,1.14,1.17,1.54,1.34,1.28,1.6,1.25,1.24,1.11,0.97
516888,03/19/2017,MICHIGAN.HUB,Hub,LMP,20.97,20.06,21.03,21.49,20.48,21.19,22.16,23.12,31.32,38.16,44.79,30.33,23.39,27.77,26.9,29.74,37.49,31.56,48.05,73.35,28.47,30.85,32.3,48.39
516889,03/19/2017,MICHIGAN.HUB,Hub,MCC,0.9,1.21,1.15,1.34,1.3,0.81,0.76,2.7,8.5,15.48,18.01,8.07,2.54,7.81,6.52,7.32,9.42,4.62,19.96,28.1,3.35,5.92,8.66,20.59
516890,03/19/2017,MICHIGAN.HUB,Hub,MLC,1.0,0.95,1.08,1.14,1.09,1.23,1.27,1.14,1.22,1.15,1.4,1.02,0.99,0.93,0.89,0.97,1.08,0.84,0.71,1.05,0.45,0.65,0.73,1.03
523119,03/20/2017,LOUISIANA.HUB,Hub,LMP,25.1,21.41,22.28,22.1,23.85,79.57,80.13,25.23,27.8,39.15,28.23,31.7,48.97,61.11,72.68,82.34,73.29,67.32,71.59,28.4,33.99,27.19,23.19,21.82
523120,03/20/2017,LOUISIANA.HUB,Hub,MCC,2.19,0.5,0.07,-0.17,-0.41,8.5,10.79,-0.56,-0.38,-0.4,1.13,3.49,10.87,27.82,34.01,40.17,31.34,20.14,15.75,-0.49,5.5,4.11,1.87,1.44
523121,03/20/2017,LOUISIANA.HUB,Hub,MLC,0.67,0.78,0.62,0.47,0.37,-0.24,-0.9,0.07,0.15,-0.09,0.07,0.17,-0.06,0.2,0.94,1.59,1.6,1.72,1.83,1.06,1.03,0.53,0.56,0.42
523557,03/20/2017,MICHIGAN.HUB,Hub,LMP,39.14,23.64,28.37,27.2,32.78,135.05,132.99,28.42,30.23,72.02,32.27,29.39,48.04,26.39,29.36,30.4,38.31,45.31,101.28,29.16,30.08,24.04,23.25,25.51
523558,03/20/2017,MICHIGAN.HUB,Hub,MCC,15.97,2.69,5.83,4.47,7.85,59.64,58.7,1.44,0.77,30.31,3.94,0.13,7.91,-8.3,-10.09,-11.88,-3.54,-1.91,44.4,-0.02,1.52,0.71,1.81,4.74
523559,03/20/2017,MICHIGAN.HUB,Hub,MLC,0.94,0.82,0.95,0.94,1.05,4.09,4.06,1.27,1.42,2.09,1.32,1.22,1.97,1.61,1.72,1.7,1.5,1.76,2.86,1.34,1.1,0.78,0.68,0.81
529788,03/21/2017,LOUISIANA.HUB,Hub,LMP,19.87,17.98,16.52,19.37,19.48,24.39,30.95,25.22,31.76,26.57,26.95,24.9,27.85,35.32,40.18,41.59,51.46,47.2,45.03,43.54,41.85,27.32,23.87,22.7
529789,03/21/2017,LOUISIANA.HUB,Hub,MCC,0.93,1.07,1.09,1.27,0.66,-2.17,-0.12,-0.31,-0.81,0.13,0.05,-10.08,-0.17,-22.51,-33.23,-30.66,16.37,16.66,15.69,14.01,12.77,3.24,0.43,0.07
529790,03/21/2017,LOUISIANA.HUB,Hub,MLC,0.36,0.33,0.19,0.17,0.08,-0.04,-0.23,-0.2,-0.24,0.08,0.65,0.91,1.1,3.37,4.07,3.95,1.7,1.28,0.9,0.61,0.82,0.7,0.63,0.35
530226,03/21/2017,MICHIGAN.HUB,Hub,LMP,24.77,18.37,17.01,20.6,26.52,54.72,45.42,31.69,41.49,28.19,27.2,29.12,27.65,28.68,25.07,23.9,23.99,24.13,24.52,25.38,24.83,23.21,25.05,26.62
530227,03/21/2017,MICHIGAN.HUB,Hub,MCC,5.38,1.07,1.09,1.89,6.83,26.68,12.3,4.62,6.93,0.58,0.13,-5.78,0.41,-25.93,-44.29,-44.63,-9.57,-5.57,-4.6,-4.1,-3.78,-0.4,1.78,3.58
530228,03/21/2017,MICHIGAN.HUB,Hub,MLC,0.81,0.72,0.69,0.79,0.94,1.45,1.82,1.34,1.75,1.25,0.83,0.83,0.32,0.16,0.02,0.23,0.18,0.43,0.69,0.55,0.34,0.23,0.48,0.76
536457,03/22/2017,LOUISIANA.HUB,Hub,LMP,20.93,21.39,21.75,21.62,22.29,23.49,35.84,28.05,24.97,29.51,28.66,30.44,58.11,64.36,65.54,64.72,65.32,69.52,43.78,45.96,53.58,26.3,24.26,21.69
536458,03/22/2017,LOUISIANA.HUB,Hub,MCC,-0.01,0.03,-0.04,-0.08,0.1,-0.36,2.43,-1.01,-1.14,-0.24,0.79,1.26,12.05,25.77,26.06,16.88,7.5,13.21,14.37,12.04,10.47,1.74,1.58,0.69
536459,03/22/2017,LOUISIANA.HUB,Hub,MLC,0.21,0.06,-0.13,-0.22,-0.3,-0.29,-0.33,-0.69,-0.41,-0.23,-0.05,0.06,0.34,0.91,1.45,2.56,3.3,3.01,1.08,0.7,0.89,0.74,0.58,0.54
536895,03/22/2017,MICHIGAN.HUB,Hub,LMP,21.41,22.05,22.72,22.86,24.21,24.87,34.49,31.15,27.51,32.12,30.3,33.37,45.58,32.81,25.21,27.02,25.93,28.13,25.84,40.84,50.0,25.93,26.23,27.2
536896,03/22/2017,MICHIGAN.HUB,Hub,MCC,-0.01,0.03,-0.04,-0.08,0.66,-0.36,-0.77,0.29,-0.03,0.83,1.25,3.09,-1.9,-6.18,-14.2,-19.9,-30.81,-27.65,-4.05,5.79,5.4,0.88,2.89,5.63
536897,03/22/2017,MICHIGAN.HUB,Hub,MLC,0.69,0.72,0.84,1.02,1.08,1.09,1.53,1.12,1.03,1.32,1.14,1.16,1.76,1.31,1.38,1.64,2.23,2.47,1.55,1.82,2.37,1.23,1.23,1.12
543126,03/23/2017,LOUISIANA.HUB,Hub,LMP,18.15,20.55,19.76,21.57,23.4,32.05,40.54,30.37,26.98,25.54,30.98,34.84,36.15,39.77,42.1,46.76,56.5,48.04,31.2,31.08,29.57,28.18,23.39,23.81
543127,03/23/2017,LOUISIANA.HUB,Hub,MCC,0.94,-0.32,0.34,0.63,0.17,-13.43,-5.1,-0.25,-1.35,-0.34,4.24,1.98,9.99,12.07,13.98,16.75,21.16,14.22,2.36,1.29,1.7,3.72,1.1,0.9
543128,03/23/2017,LOUISIANA.HUB,Hub,MLC,0.34,0.3,0.19,0.03,-0.36,-1.23,-1.54,-1.11,-0.72,-0.14,-0.01,0.06,0.26,0.22,0.36,0.63,1.18,0.97,0.67,0.69,0.67,0.79,0.75,0.79
543564,03/23/2017,MICHIGAN.HUB,Hub,LMP,22.51,32.66,24.1,31.22,29.83,84.74,75.3,36.85,35.21,28.91,28.28,36.47,24.2,25.46,24.27,25.19,29.95,47.19,48.75,31.15,32.26,22.66,21.45,22.39
543565,03/23/2017,MICHIGAN.HUB,Hub,MCC,4.75,11.03,3.89,9.22,4.94,35.21,25.15,3.36,4.72,1.73,0.45,2.7,-2.87,-3.16,-4.51,-5.15,-5.03,13.46,19.97,1.65,4.6,-1.39,-0.47,-0.33
543566,03/23/2017,MICHIGAN.HUB,Hub,MLC,0.89,1.05,0.99,1.08,1.3,2.82,2.97,1.77,1.44,1.16,1.06,0.98,1.16,1.13,1.03,0.97,0.82,0.89,0.62,0.39,0.46,0.38,0.37,0.59
549795,03/24/2017,LOUISIANA.HUB,Hub,LMP,22.14,14.5,20.78,21.06,21.51,26.91,28.81,28.29,30.51,30.02,34.85,29.32,30.19,29.53,27.58,28.39,27.31,24.87,24.82,25.54,25.23,26.17,25.61,22.15
549796,03/24/2017,LOUISIANA.HUB,Hub,MCC,1.7,0.78,0.03,0.02,0.01,0.27,-0.05,-0.24,-0.38,-0.26,1.69,1.76,-0.29,-0.44,1.0,2.78,1.96,0.21,-0.31,1.16,1.99,2.46,2.6,0.46
549797,03/24/2017,LOUISIANA.HUB,Hub,MLC,0.52,0.4,0.34,0.25,0.17,0.07,0.16,0.2,0.06,0.26,0.56,0.86,1.22,1.07,1.36,1.36,1.44,1.2,1.19,1.08,0.99,1.01,0.95,0.78
550233,03/24/2017,MICHIGAN.HUB,Hub,LMP,24.33,13.5,20.86,21.38,22.52,29.86,30.62,29.21,31.88,30.84,33.19,26.57,29.45,28.9,24.69,22.97,23.42,23.91,24.37,23.83,22.47,23.03,22.28,21.71
550234,03/24/2017,MICHIGAN.HUB,Hub,MCC,3.74,-0.14,0.03,0.02,0.36,2.22,0.57,-0.24,-0.31,-0.26,-0.55,-0.75,-0.29,-0.44,-0.95,-1.8,-1.11,-0.27,-0.42,-0.24,-0.62,-0.43,-0.63,-0.15
550235,03/24/2017,MICHIGAN.HUB,Hub,MLC,0.66,0.32,0.42,0.57,0.82,1.07,1.34,1.12,1.36,1.09,1.14,0.63,0.48,0.44,0.41,0.53,0.62,0.72,0.86,0.78,0.84,0.77,0.85,0.96
556464,03/25/2017,LOUISIANA.HUB,Hub,LMP,18.55,14.0,15.25,13.33,14.33,17.5,19.86,20.73,23.45,26.82,26.33,30.29,25.72,24.69,23.5,24.45,26.03,26.38,26.75,29.06,25.81,25.54,25.08,22.45
556465,03/25/2017,LOUISIANA.HUB,Hub,MCC,2.35,1.76,-0.49,0.24,0.12,0.36,0.2,0.0,0.44,2.27,1.86,4.37,1.98,1.01,0.26,1.07,1.23,1.95,0.74,0.37,1.2,1.64,1.46,0.0
556466,03/25/2017,LOUISIANA.HUB,Hub,MLC,0.58,0.54,0.67,0.5,0.52,0.64,0.7,0.65,0.59,0.86,1.04,1.02,0.94,0.99,0.91,0.87,0.88,0.71,0.69,0.62,0.59,0.51,0.52,0.48
556902,03/25/2017,MICHIGAN.HUB,Hub,LMP,15.42,12.01,15.29,12.82,14.17,17.47,19.99,20.94,23.1,23.87,23.65,23.61,22.79,22.93,22.71,22.57,24.06,23.74,25.67,28.47,23.9,22.88,22.59,22.05
556903,03/25/2017,MICHIGAN.HUB,Hub,MCC,-0.9,-0.16,-0.49,-0.31,-0.14,0.16,0.12,0.0,-0.13,-0.66,-0.55,-2.0,-0.58,-0.3,-0.08,-0.33,-0.38,-0.39,-0.17,-0.11,-0.36,-0.51,-0.46,0.0
556904,03/25/2017,MICHIGAN.HUB,Hub,MLC,0.71,0.47,0.72,0.54,0.61,0.81,0.91,0.86,0.81,0.84,0.78,0.72,0.58,0.55,0.45,0.39,0.51,0.41,0.52,0.51,0.23,0.0,-0.05,0.07
563133,03/26/2017,LOUISIANA.HUB,Hub,LMP,22.58,22.65,22.48,22.25,22.04,22.34,22.83,22.49,24.47,26.65,27.24,28.47,49.23,36.0,81.21,66.7,40.67,33.77,29.07,30.88,28.2,27.72,24.14,23.24
563134,03/26/2017,LOUISIANA.HUB,Hub,MCC,0.0,0.0,0.0,0.0,0.0,0.0,0.0,0.0,0.26,0.71,0.72,0.63,16.04,7.25,38.79,26.8,4.81,5.23,1.93,0.16,0.33,2.54,0.29,0.0
563135,03/26/2017,LOUISIANA.HUB,Hub,MLC,0.35,0.17,0.04,-0.01,0.02,0.06,0.15,0.14,0.36,0.64,0.79,0.94,1.23,1.2,2.34,2.55,2.44,1.81,1.43,1.77,1.45,1.38,1.34,1.07
563571,03/26/2017,MICHIGAN.HUB,Hub,LMP,22.38,22.76,22.76,22.54,22.41,22.68,23.13,22.76,24.23,25.66,26.13,27.44,27.31,25.67,26.72,28.15,32.45,25.3,25.46,29.33,26.57,23.88,22.65,22.48
563572,03/26/2017,MICHIGAN.HUB,Hub,MCC,0.0,0.0,0.0,0.0,0.0,0.0,0.0,0.0,-0.08,-0.21,-0.23,-0.21,-5.37,-2.58,-14.13,-9.92,-1.77,-1.9,-0.69,-0.02,-0.01,-0.01,0.0,0.0
563573,03/26/2017,MICHIGAN.HUB,Hub,MLC,0.16,0.28,0.31,0.29,0.39,0.39,0.45,0.41,0.46,0.57,0.62,0.75,0.73,0.7,0.78,0.72,0.8,0.47,0.44,0.4,0.16,0.08,0.15,0.31
569802,03/27/2017,LOUISIANA.HUB,Hub,LMP,21.96,22.03,21.88,21.9,22.57,26.76,50.21,30.24,39.74,43.07,33.98,43.68,35.5,53.41,35.99,40.99,31.62,32.06,31.87,44.6,45.07,30.67,27.64,24.0
569803,03/27/2017,LOUISIANA.HUB,Hub,MCC,0.0,0.0,0.0,0.0,0.0,0.0,-0.01,0.0,0.0,0.0,-0.01,-0.03,-0.02,-1.35,-4.2,-4.26,-3.89,-1.05,0.06,0.57,0.31,0.09,-0.01,0.0
569804,03/27/2017,LOUISIANA.HUB,Hub,MLC,0.7,0.57,0.49,0.4,0.31,0.26,0.32,-0.38,-0.81,-1.0,-0.27,-0.03,0.46,1.08,1.25,1.6,1.65,1.44,1.26,1.58,1.51,1.05,0.91,0.79
570240,03/27/2017,MICHIGAN.HUB,Hub,LMP,21.61,21.85,21.81,22.02,22.88,27.39,51.25,31.24,41.36,45.02,34.69,44.04,35.13,52.39,34.91,39.76,30.09,30.83,31.07,43.33,43.87,29.91,27.06,23.61
570241,03/27/2017,MICHIGAN.HUB,Hub,MCC,0.0,0.0,0.0,0.0,0.0,0.0,-0.01,0.0,0.0,0.0,-0.01,-0.03,-0.02,-1.46,-4.2,-4.26,-3.89,-1.06,0.06,0.32,0.31,0.09,-0.01,0.0
570242,03/27/2017,MICHIGAN.HUB,Hub,MLC,0.35,0.39,0.43,0.53,0.62,0.89,1.36,0.62,0.82,0.95,0.44,0.33,0.08,0.18,0.17,0.37,0.13,0.21,0.46,0.57,0.31,0.29,0.33,0.41
576471,03/28/2017,LOUISIANA.HUB,Hub,LMP,23.17,22.94,22.68,22.64,25.0,29.29,32.63,34.28,43.03,36.28,44.83,41.17,54.41,70.19,70.59,271.55,215.1,46.25,31.64,39.81,33.83,33.76,25.99,24.09
576472,03/28/2017,LOUISIANA.HUB,Hub,MCC,0.0,0.0,0.0,0.0,0.0,0.0,-0.01,-0.02,-0.03,-0.01,-0.02,0.0,0.16,-23.44,-17.53,85.92,38.7,-19.07,0.2,-3.05,0.03,1.2,0.01,-0.02
576473,03/28/2017,LOUISIANA.HUB,Hub,MLC,0.7,0.55,0.42,0.34,0.32,0.1,0.18,-0.39,-0.82,-0.58,-0.14,0.44,1.34,4.45,5.51,12.25,11.49,3.77,1.75,2.1,1.51,1.29,0.86,0.81
576909,03/28/2017,MICHIGAN.HUB,Hub,LMP,22.86,22.78,22.76,22.84,25.41,30.11,33.03,34.94,44.3,37.24,45.25,41.19,53.44,48.43,37.14,27.67,32.02,31.71,29.55,37.84,32.52,28.14,25.79,24.07
576910,03/28/2017,MICHIGAN.HUB,Hub,MCC,0.0,0.0,0.0,0.0,0.0,0.0,-0.01,-0.02,-0.03,-0.01,-0.02,0.0,-0.02,-41.24,-45.88,-147.13,-135.07,-30.68,-0.74,-3.84,-0.35,-3.77,-0.07,-0.02
576911,03/28/2017,MICHIGAN.HUB,Hub,MLC,0.39,0.38,0.5,0.54,0.74,0.92,0.58,0.28,0.45,0.38,0.28,0.46,0.54,0.5,0.41,1.42,2.17,0.85,0.6,0.92,0.58,0.65,0.74,0.8
583140,03/29/2017,LOUISIANA.HUB,Hub,LMP,23.53,22.48,22.77,22.15,23.32,27.05,27.37,25.42,26.84,26.62,26.81,26.62,28.52,32.17,33.82,42.34,34.99,26.79,26.31,37.5,26.87,27.33,25.24,22.16
583141,03/29/2017,LOUISIANA.HUB,Hub,MCC,-1.73,-0.06,-1.08,0.0,0.0,-1.43,-1.37,-1.34,-1.75,-1.43,-0.01,-1.92,-2.84,-1.1,-2.67,-6.05,0.36,2.42,0.56,2.94,3.13,4.4,2.63,1.86
583142,03/29/2017,LOUISIANA.HUB,Hub,MLC,0.8,0.58,0.5,0.44,0.39,0.47,0.55,0.26,0.26,0.46,0.72,1.07,1.61,1.92,2.13,3.09,2.4,1.59,1.59,2.01,1.29,1.27,1.33,1.13
583578,03/29/2017,MICHIGAN.HUB,Hub,LMP,23.39,22.66,22.93,22.53,23.93,27.85,28.01,26.16,27.66,27.08,27.22,25.67,24.69,25.54,26.44,25.4,24.73,23.65,24.86,24.98,22.97,22.48,26.52,24.13
583579,03/29/2017,MICHIGAN.HUB,Hub,MCC,-1.98,-0.07,-1.23,0.0,0.0,-1.63,-1.68,-1.65,-2.15,-1.75,-0.02,-2.93,-6.22,-6.97,-9.19,-21.35,-8.62,0.07,-0.29,-8.94,-0.48,-0.25,4.23,4.07
583580,03/29/2017,MICHIGAN.HUB,Hub,MLC,0.92,0.77,0.81,0.81,0.99,1.47,1.5,1.31,1.47,1.24,1.14,1.13,1.16,1.16,1.28,1.46,1.12,0.8,0.99,1.37,1.0,1.06,1.01,0.87
589809,03/30/2017,LOUISIANA.HUB,Hub,LMP,20.97,17.6,18.18,54.58,99.56,35.51,117.18,76.49,33.35,30.3,29.38,27.19,26.83,33.93,27.4,36.12,30.1,29.75,38.47,41.38,36.96,28.51,28.59,23.67
589810,03/30/2017,LOUISIANA.HUB,Hub,MCC,3.67,2.35,2.16,32.95,72.95,8.95,75.54,42.8,7.3,3.22,3.84,0.63,0.05,5.86,0.32,7.47,2.49,1.49,0.34,0.01,0.03,0.03,0.0,0.0
589811,03/30/2017,LOUISIANA.HUB,Hub,MLC,0.93,0.75,0.84,1.07,0.84,0.54,1.53,1.06,0.83,0.76,0.59,0.85,0.95,0.98,1.0,1.26,1.24,1.33,1.41,1.2,1.62,1.39,1.2,0.81
590247,03/30/2017,MICHIGAN.HUB,Hub,LMP,18.31,20.24,20.59,20.66,17.99,34.51,23.29,23.83,24.79,27.13,25.38,26.75,26.89,27.61,26.87,27.17,26.62,27.46,38.19,41.66,35.85,27.48,28.07,23.39
590248,03/30/2017,MICHIGAN.HUB,Hub,MCC,1.2,5.06,4.72,-0.88,-9.2,6.94,-18.84,-10.65,-1.67,-0.59,-0.75,-0.02,0.05,-0.48,-0.03,-1.0,-0.53,-0.33,0.04,0.01,-0.01,-0.01,0.0,0.0
590249,03/30/2017,MICHIGAN.HUB,Hub,MLC,0.74,0.68,0.68,0.98,1.42,1.55,2.02,1.85,1.23,1.4,1.18,1.05,1.01,1.0,0.82,0.78,0.77,0.85,1.44,1.47,0.55,0.4,0.68,0.53
596478,03/31/2017,LOUISIANA.HUB,Hub,LMP,23.4,23.3,23.45,23.61,28.96,28.63,27.54,31.97,37.26,72.64,35.26,34.44,32.39,36.26,32.78,32.26,41.39,34.21,36.11,46.78,36.56,35.55,28.4,27.86
596479,03/31/2017,LOUISIANA.HUB,Hub,MCC,0.0,0.0,0.0,0.0,0.43,0.25,0.0,-0.02,-0.16,-0.21,-0.05,0.0,-0.29,-0.09,-0.01,0.0,3.59,1.21,0.05,0.03,0.09,0.04,0.0,0.0
596480,03/31/2017,LOUISIANA.HUB,Hub,MLC,0.68,0.61,0.49,0.48,0.53,0.47,0.74,0.55,0.42,0.76,0.82,0.84,1.17,1.45,1.69,2.17,2.7,2.42,2.52,2.57,1.64,1.38,1.13,1.26
596916,03/31/2017,MICHIGAN.HUB,Hub,LMP,23.3,23.33,23.5,23.79,29.43,29.37,27.62,32.09,37.42,73.31,35.4,34.73,32.21,35.84,31.75,30.66,35.2,31.01,34.4,45.06,35.33,34.64,27.65,26.91
596917,03/31/2017,MICHIGAN.HUB,Hub,MCC,0.0,0.0,0.0,0.0,0.45,0.25,0.0,-0.02,-0.16,-0.21,-0.05,0.0,-0.29,-0.09,-0.01,0.0,-0.55,-0.19,0.05,0.03,0.09,0.04,0.0,0.0
596918,03/31/2017,MICHIGAN.HUB,Hub,MLC,0.58,0.64,0.54,0.66,0.98,1.21,0.82,0.66,0.58,1.43,0.96,1.13,0.99,1.04,0.66,0.57,0.65,0.61,0.81,0.85,0.41,0.48,0.37,0.31
