MARKET_DAY,NODE,TYPE,VALUE,HE1,HE2,HE3,HE4,HE5,HE6,HE7,HE8,HE9,HE10,HE11,HE12,HE13,HE14,HE15,HE16,HE17,HE18,HE19,HE20,HE21,HE22,HE23,HE24
43922,LOUISIANA.HUB,Hub,LMP,14.34,12.85,12.84,12.82,13.34,14.58,18.95,19.55,19.26,18.65,18.23,17.66,17.59,16.67,16.66,17.09,17.27,17.14,16.96,19.43,18.26,15.88,14.62,15.12
43922,LOUISIANA.HUB,Hub,MCC,-0.17,-1.2,-1.06,-1.17,-1.5,-2.1,-0.88,-0.79,-1.3,-1.98,-1.92,-2.01,-1.14,-1.14,-0.44,-0.29,-0.09,0,0,-0.05,-0.05,-0.07,-0.19,0.77
43922,LOUISIANA.HUB,Hub,MLC,0.47,0.42,0.42,0.42,0.48,0.02,0.5,0.45,0.46,0.45,0.15,0.49,0.48,0.25,-0.1,0.21,0.21,0.2,-0.09,0.27,0.76,0.17,0.14,0.49
43922,MICHIGAN.HUB,Hub,LMP,16.38,16.41,16.04,16.02,17.33,19.97,23.01,24,22.95,23.07,23.43,22.14,20.93,20.35,19.93,20.28,20.36,20.03,20.3,22.71,20.54,18.85,17.35,16.4
43922,MICHIGAN.HUB,Hub,MCC,1.66,1.84,1.63,1.9,2.03,2.46,2.89,3.42,2.16,2.2,2.17,2.18,1.94,1.84,1.9,2.04,2.14,2.04,2.43,2.45,2.54,2.33,1.98,1.84
43922,MICHIGAN.HUB,Hub,MLC,0.68,0.94,0.93,0.55,0.94,0.85,0.79,0.69,0.69,0.69,1.26,0.78,0.74,0.95,0.83,1.07,1.07,1.05,0.82,1.05,0.45,0.74,0.7,0.7
43923,LOUISIANA.HUB,Hub,LMP,14.76,14.2,13.67,13.78,14.31,16.37,18.1,18.38,18.94,19.26,19.82,19.41,18.16,17.25,18.71,18.95,19.54,19.08,18.81,18.88,18.88,17.49,15.8,15.27
43923,LOUISIANA.HUB,Hub,MCC,0.59,0.45,0.29,0.1,0.09,-0.88,-0.03,-0.08,-0.09,-0.14,-0.15,-0.14,0.16,0.06,1.34,1.27,1.78,1.39,0.75,0.52,0.89,0.81,0.58,0.47
43923,LOUISIANA.HUB,Hub,MLC,0.53,0.52,0.5,0.49,0.1,0.36,0.03,-0.04,-0.05,-0.05,0.52,0.51,-0.16,-0.08,0.23,0.38,0.3,0.29,0.29,-0.41,-0.07,0.22,0.08,0.37
43923,MICHIGAN.HUB,Hub,LMP,16.04,15.62,15.12,15.44,16.99,20.3,21.61,21.54,21.07,21.98,21.82,21.46,20.9,19.61,19.54,19,19.84,19.22,19.46,21.04,19.97,18.51,16.79,15.99
43923,MICHIGAN.HUB,Hub,MCC,1.84,1.85,1.71,1.74,1.76,2.49,2.63,2.21,1.13,1.65,1.56,1.62,1.91,1.49,1.31,1.02,1.73,1.16,1.01,1,1.02,1,0.42,1.01
43923,MICHIGAN.HUB,Hub,MLC,0.56,0.54,0.53,0.51,1.11,0.92,0.88,0.83,0.86,0.88,0.81,0.8,0.83,0.85,1.09,0.68,0.65,0.66,0.68,1.27,0.89,1.05,1.23,0.55
43924,LOUISIANA.HUB,Hub,LMP,13.9,12.96,12.66,12.65,13.46,14.98,16.81,16.84,17.14,17.72,17.66,17.19,17.09,16.54,17.26,17.33,17.32,17.26,17.43,18.12,16.56,16.12,15.28,14.04
43924,LOUISIANA.HUB,Hub,MCC,1.27,1.26,1.28,1.3,1.19,-0.52,-0.97,-1.03,-0.4,-0.11,-0.13,-0.1,-0.06,0.22,0.25,0.35,0.45,0.34,0.33,0.03,0.18,0.14,0.77,0.48
43924,LOUISIANA.HUB,Hub,MLC,0.16,0.15,0.2,0.2,0.03,0.3,0.29,-0.13,-0.26,-0.26,-0.26,-0.2,0.14,-0.16,0.33,0.56,0.21,0.21,0.22,0.18,-0.33,0.19,0.19,-0.11
43924,MICHIGAN.HUB,Hub,LMP,13.14,11.97,11.55,11.51,12.85,15.81,17.79,19.16,18.95,19.45,19.58,18.3,18.01,17.46,17.34,17.45,16.94,16.84,17.01,18.46,17.54,15.72,14.09,14.25
43924,MICHIGAN.HUB,Hub,MCC,0.35,0.19,0.21,0.2,0.26,0.1,0.22,0.36,0.37,0.56,0.74,0.56,0.52,0.65,0.64,0.6,0.35,0.21,0.2,0.04,0.23,0,0,0
43924,MICHIGAN.HUB,Hub,MLC,0.32,0.23,0.16,0.16,0.35,0.51,0.08,0.8,0.78,0.8,0.79,0.25,0.48,0.33,0.02,0.43,-0.07,-0.08,-0.07,0.51,0.6,-0.07,-0.23,0.58
43925,LOUISIANA.HUB,Hub,LMP,14.31,13.33,13.23,13.43,14.07,15.11,15.72,16.9,18.79,18.67,18.77,18.59,17.67,17.02,16.87,16.56,16.97,18.55,18.67,18.69,18.2,16.75,15.2,14.37
43925,LOUISIANA.HUB,Hub,MCC,0,0,0,0,0,-0.02,-0.01,-0.08,-0.13,-0.12,-0.12,-0.14,-0.13,-0.12,-0.02,-0.06,-0.09,0.93,0.92,0.12,0.88,0.87,-0.01,0.29
43925,LOUISIANA.HUB,Hub,MLC,0.06,-0.2,-0.19,-0.19,-0.2,-0.22,-0.37,-0.54,-0.24,-0.68,-0.59,-0.46,-0.44,-0.31,-0.31,-0.45,-0.45,-0.32,-0.32,-0.44,-0.41,-0.28,-0.13,-0.12
43925,MICHIGAN.HUB,Hub,LMP,14.13,13.37,13.27,13.47,14.11,15.17,15.99,17.84,20.5,20.18,20.47,20.19,19.23,18.4,18.12,18.24,18.51,18.28,18.41,19.36,18.06,16.47,15.99,14.02
43925,MICHIGAN.HUB,Hub,MCC,0,0,0,0,0,0,0,0.34,0.56,0.56,0.53,0.66,0.66,0.62,0.6,0.62,0.42,0,0,0,0,0,0,0
43925,MICHIGAN.HUB,Hub,MLC,-0.12,-0.16,-0.15,-0.15,-0.16,-0.18,-0.11,-0.02,0.78,0.15,0.46,0.34,0.33,0.33,0.32,0.55,0.58,0.34,0.34,0.35,0.33,0.31,0.65,-0.18
43926,LOUISIANA.HUB,Hub,LMP,14.58,14.69,14.21,14.09,14.23,14.5,15.02,15.4,17.08,17.54,16.94,16.94,16.85,17.18,16.46,17.15,17.68,18.15,18.67,19.76,18.68,16.66,15.8,14.26
43926,LOUISIANA.HUB,Hub,MCC,0,-0.4,-0.02,-0.3,-0.59,-0.08,-0.26,-0.32,-0.06,-0.11,-0.09,-0.11,-0.13,-0.11,-0.12,-0.11,0.08,0,0,0.26,0.36,0.17,1.32,0.76
43926,LOUISIANA.HUB,Hub,MLC,-0.13,0.5,0.44,0.44,0.45,-0.21,-0.22,-0.23,-0.39,-0.18,-0.31,-0.31,-0.38,0.45,-0.14,0.31,0.33,0.34,0.45,0.41,0.22,0.36,0.21,0.17
43926,MICHIGAN.HUB,Hub,LMP,14.52,14.7,13.93,14.19,14.51,14.62,15.32,16.15,17.73,19.16,18.12,18.25,17.93,17.74,17.17,17.89,18.03,18.18,18.5,19.74,18.86,16.83,14.87,13.85
43926,MICHIGAN.HUB,Hub,MCC,0,0,0,0.11,0,0,0,0.38,0.32,0.6,0.46,0.56,0.68,0.59,0.66,0.61,0.41,0,0,0,0.07,0.01,0.08,0.17
43926,MICHIGAN.HUB,Hub,MLC,-0.19,0.11,0.14,0.13,0.14,-0.17,-0.18,-0.18,-0.12,0.73,0.32,0.33,-0.11,0.31,-0.21,0.33,0.35,0.37,0.28,0.65,0.69,0.69,0.52,0.35
43927,LOUISIANA.HUB,Hub,LMP,12.65,12.35,12.15,12.1,13.04,15.27,17.07,17.21,17.29,19.11,19.49,19.6,20.62,20.12,20.65,22.62,22.28,21.19,20.67,22.64,20.89,17.92,16.69,14.65
43927,LOUISIANA.HUB,Hub,MCC,0.63,0.73,0.58,0.31,-0.32,-1.55,-0.97,-0.78,-1.49,-0.93,-0.14,-0.14,-0.15,-0.14,0.64,1.53,0.66,0,0,0.15,-0.04,-0.03,-0.02,0
43927,LOUISIANA.HUB,Hub,MLC,-0.06,-0.13,-0.13,-0.17,0.06,0.36,-0.27,-0.54,-0.56,0.03,-0.38,-0.37,0.39,0.24,0,0.57,0.59,0.31,0.3,0.59,0.4,-0.11,0.88,-0.11
43927,MICHIGAN.HUB,Hub,LMP,13.1,12.65,12.5,12.67,13.97,17.51,19.91,19.66,20.68,21.64,20.62,20.74,21.22,20.89,20.93,21.1,21.69,21.07,20.55,22.22,21.06,18.61,16.54,15.44
43927,MICHIGAN.HUB,Hub,MCC,0.22,0.11,0,0.05,0.22,0.44,0.31,0.44,0.61,0.7,0.72,0.73,0.8,0.75,0.56,0.43,0.51,0,0,0,0.23,0.16,0.13,0.03
43927,MICHIGAN.HUB,Hub,MLC,0.8,0.79,0.8,0.66,0.45,0.61,1.29,0.69,0.73,0.93,-0.11,-0.1,0.04,0.12,0.36,0.15,0.15,0.19,0.18,0.32,0.3,0.39,0.58,0.65
43928,LOUISIANA.HUB,Hub,LMP,14.25,14.08,13.86,13.86,14.35,16.2,17.12,18.09,18.49,19.68,20.13,22.47,25.2,26.43,29.44,33.04,33.94,31.25,28.4,26.88,26.38,22.01,19.39,17.27
43928,LOUISIANA.HUB,Hub,MCC,2,2.13,2.12,2.02,1.39,1.08,0.53,0.46,-0.03,0.3,0.6,2.38,4.86,5.82,7.81,10.45,11.17,8.98,6.52,4.95,4.68,3,2.02,1.41
43928,LOUISIANA.HUB,Hub,MLC,-0.12,0.14,-0.06,0.2,0.41,0.48,-0.54,0.2,0.15,0.28,-0.1,-0.1,-0.21,-0.21,0.38,0.48,0.6,0.59,0.47,-0.1,0.38,0.15,0.75,0.2
43928,MICHIGAN.HUB,Hub,LMP,12.67,11.72,12.26,11.81,12.94,15.28,18.17,18.23,19.71,20.56,20.05,20.14,20.39,20.7,20.49,20.74,20.71,20.27,20.22,21.3,20.49,18.7,16.84,15.19
43928,MICHIGAN.HUB,Hub,MCC,-0.38,-0.39,-0.32,-0.18,-0.12,-0.06,-0.01,0.09,0.29,0.35,0.29,-0.18,-0.56,-0.54,-0.78,-1.35,-1.51,-1.47,-1.18,-0.88,-0.85,-0.67,-0.33,-0.22
43928,MICHIGAN.HUB,Hub,MLC,0.68,0.3,0.78,0.35,0.51,0.7,1.05,0.71,1.05,1.11,0.13,0.13,0.4,0.42,0.02,-0.02,0.05,0.06,-0.01,0.15,0.02,0.51,0.55,-0.25
43929,LOUISIANA.HUB,Hub,LMP,14.93,14.56,14.04,14.05,14.77,16.18,17.96,18.35,18.53,19.54,22.74,24.56,26.08,30.24,35.71,41.33,42.43,37.26,31.7,29.36,26.27,21.56,19.67,18.03
43929,LOUISIANA.HUB,Hub,MCC,0.3,1.13,1.32,1.52,0.87,0.24,-0.09,-0.06,0.04,0.71,1.95,3.37,4.96,8.11,11.85,15.94,16.69,12.63,9.41,7.82,6.06,4.7,4.3,3.54
43929,LOUISIANA.HUB,Hub,MLC,0.38,0.02,0.02,0.02,0.07,-0.12,0.12,-0.06,-0.23,-0.23,0.42,0.5,0.49,0.81,0.89,0.94,0.95,0.92,0.83,0.81,0.77,0.57,0.65,0.84
43929,MICHIGAN.HUB,Hub,LMP,14.64,13.73,12.81,12.63,14.26,17.01,19.1,19.4,19.21,19.61,21.29,21.37,20.96,21.12,21.69,22.36,22.49,21.7,20.44,20.24,19.55,16,14.5,13.85
43929,MICHIGAN.HUB,Hub,MCC,0.13,-0.07,-0.26,-0.25,0,0.25,0.49,0.33,0.23,0.28,0.36,0.15,-0.19,-0.73,-1.85,-2.69,-2.9,-2.6,-1.54,-1,-0.38,-0.51,-0.64,-0.16
43929,MICHIGAN.HUB,Hub,MLC,0.26,0.39,0.37,0.37,0.43,0.7,0.68,0.6,0.26,0.27,0.56,0.53,0.52,0.53,0.57,0.6,0.6,0.59,0.52,0.51,0.49,0.22,0.42,0.36
43930,LOUISIANA.HUB,Hub,LMP,16.46,16.04,15.65,15.67,15.75,17.28,17.95,18.06,18.7,19.69,20.17,20.65,21.68,24.31,24.19,26.61,27.09,24.41,22.97,22.13,20.53,18.43,17.73,16.29
43930,LOUISIANA.HUB,Hub,MCC,3.22,3.48,3.46,3.37,2.86,2.28,0.84,0.37,0.98,1.63,1.9,2.69,3.63,5.47,5.54,7.24,7.37,5.37,4.14,2.68,2.17,1.52,1.81,1.54
43930,LOUISIANA.HUB,Hub,MLC,0.78,0.75,0.74,0.6,0.47,0.7,0.68,0.63,0.63,0.84,0.83,0.66,0.66,0.67,0.69,0.71,0.73,0.71,0.7,0.69,0.66,0.65,0.59,0
43930,MICHIGAN.HUB,Hub,LMP,12.96,12.11,11.77,12.18,13.21,15.34,17.08,17.76,17.78,17.91,18.06,17.63,17.66,17.87,17.41,17.54,17.99,17.81,17.85,18.83,17.82,16.38,15.55,15.53
43930,MICHIGAN.HUB,Hub,MCC,0.11,-0.08,-0.06,0.08,0.55,0.58,0.03,0,-0.01,-0.06,-0.13,-0.21,-0.26,-0.85,-1,-1.57,-1.46,-0.98,-0.72,-0.49,-0.43,-0.3,-0.2,-0.24
43930,MICHIGAN.HUB,Hub,MLC,0.39,0.38,0.38,0.4,0.24,0.46,0.62,0.7,0.7,0.75,0.75,0.54,0.53,0.55,0.45,0.45,0.46,0.46,0.44,0.56,0.55,0.42,0.42,1.02
43931,LOUISIANA.HUB,Hub,LMP,15.28,14.59,13.11,13.74,14.19,16.48,18,20.24,20,20.43,19.91,19.82,18.64,17.74,18.09,17.5,17.79,17.98,18.76,19.17,19.33,17.69,16.23,15.66
43931,LOUISIANA.HUB,Hub,MCC,0.53,0.74,0,0,0,-0.02,0,0,0,0,0,0,0,0,0,0,0,0,0,0,0.4,0.08,0.11,0.09
43931,LOUISIANA.HUB,Hub,MLC,0.21,0.18,-0.12,-0.12,-0.3,0.03,-0.17,-0.18,-0.95,-0.44,-0.75,-0.29,-0.64,-0.4,0.31,0.24,0.39,0.4,0.42,-0.16,-0.26,0.23,0.38,0.32
43931,MICHIGAN.HUB,Hub,LMP,15,13.98,13.95,14.62,15.32,17.01,17.83,20.72,21.65,21.6,20.63,20.63,19.54,18.67,18.05,16.99,18.01,18.21,19,20.16,19.93,17.11,16.35,16.13
43931,MICHIGAN.HUB,Hub,MCC,-0.07,-0.05,-0.02,-0.01,-0.01,0.08,0.04,0.12,0.06,0.02,0,-0.01,0,0,0,0,0,0,0,0,-0.03,0,0.04,0.11
43931,MICHIGAN.HUB,Hub,MLC,0.53,0.36,0.74,0.77,0.84,0.46,-0.38,0.18,0.64,0.71,-0.03,0.53,0.26,0.53,0.27,-0.27,0.61,0.63,0.66,0.83,0.77,-0.27,0.57,0.77
43932,LOUISIANA.HUB,Hub,LMP,15.34,15.19,14.62,14.7,14.91,15.29,17.83,18.09,18.75,19.1,19.23,18.72,18.79,17.71,17.85,17.05,17.38,18.17,19.44,20.11,20.35,18.16,16.91,15.8
43932,LOUISIANA.HUB,Hub,MCC,-1.11,-0.62,-0.59,-0.55,-1.22,-1.58,-0.45,-0.5,-0.79,-1.16,-1.28,-1.17,-0.79,-0.43,-0.03,0,0,0.19,0,0.01,0.65,0.48,0.93,0.69
43932,LOUISIANA.HUB,Hub,MLC,0.27,0.46,0.49,0.5,0.53,0.5,0.31,-0.02,-0.2,-0.05,0.21,0.1,0.1,-0.15,0.04,-0.29,-0.28,-0.38,0.52,0.53,0.32,0.45,0.47,0.29
43932,MICHIGAN.HUB,Hub,LMP,18.17,17.1,16.33,16.04,17.14,17.37,18.87,19.22,20.54,20.74,20.87,20.41,20.1,18.16,18.37,17.77,18.11,18.58,19.41,19.94,19.38,17.82,15.67,15.67
43932,MICHIGAN.HUB,Hub,MCC,1.43,1.63,1.52,1.2,1.44,0.86,0.29,0,0,0,0,0,0,0.1,0,0,0,-0.04,0,0,0.07,-0.09,0.07,0.22
43932,MICHIGAN.HUB,Hub,MLC,0.56,0.12,0.09,0.09,0.1,0.14,0.61,0.61,0.8,0.43,0.57,0.62,0.62,-0.23,0.53,0.43,0.45,0.26,0.49,0.37,-0.07,0.68,0.09,0.63
43933,LOUISIANA.HUB,Hub,LMP,14.97,14.74,14.21,14.92,14.47,14.9,15.33,15.56,17.26,17.76,19.41,21.19,23.06,25.36,26.3,24.79,24.83,24.9,22.26,24.42,22.71,19.35,17.12,15.64
43933,LOUISIANA.HUB,Hub,MCC,0.53,0.76,0.95,1.12,0.47,0.3,-0.15,-0.52,-0.55,-0.71,0.44,1.84,3.49,5.9,6.34,5.14,5.09,4.52,2.56,3.12,2.63,1.6,1.56,0.98
43933,LOUISIANA.HUB,Hub,MLC,0.12,0.12,0.12,0.63,0.64,0.68,0.7,0.66,0.87,0.67,1,1.15,1.16,0.75,1.26,1.24,0.76,1.2,1.03,1.23,1.17,1.08,0.94,0.95
43933,MICHIGAN.HUB,Hub,LMP,16.25,15.8,15.15,14.85,15.37,16.51,17.16,17.69,19.23,20.21,20.2,20.15,20.2,20.29,19.96,19.75,20.78,20.89,20.78,21.87,20.63,18.39,16.23,15.38
43933,MICHIGAN.HUB,Hub,MCC,1.06,1.09,1.2,1.36,1.69,2.25,1.86,1.62,1.69,1.88,1.53,1.37,1.21,0.93,0.93,1.01,1.14,1.11,1.39,1.27,1.21,1.39,1.13,1.39
43933,MICHIGAN.HUB,Hub,MLC,0.87,0.85,0.81,0.32,0.32,0.34,0.52,0.65,0.6,0.53,0.7,0.58,0.58,0.65,0.33,0.33,0.66,0.6,0.72,0.53,0.51,0.33,0.48,0.28
43934,LOUISIANA.HUB,Hub,LMP,13.66,12.86,12.67,12.91,13.48,15.29,16.62,17.65,18.4,19.25,21.03,19.25,19.59,19.49,18.79,18.71,20.22,19.89,20.94,25.37,25.6,20.65,18.39,16.07
43934,LOUISIANA.HUB,Hub,MCC,0.39,0.32,-0.02,-0.11,-0.48,-1.12,-2.15,-2.14,-2.07,-1.84,-0.85,-1.97,-1.29,-0.76,-0.67,-0.81,0.06,-0.96,-1.16,-0.56,-0.03,0.24,-0.65,-2.65
43934,LOUISIANA.HUB,Hub,MLC,0.33,0.33,0.54,0.56,0.7,0.84,0.67,0.69,0.76,0.6,0.85,0.82,0.8,0.78,0.69,0.81,0.92,0.96,1.02,1.2,0.98,-0.08,0.17,0.11
43934,MICHIGAN.HUB,Hub,LMP,15.56,14.66,14.58,14.99,15.93,18.57,21.5,22.46,22.52,22.95,23.3,23.45,22.61,21.8,20.95,21.07,21.75,22.25,23.43,27.13,26.49,22.02,20.35,19.77
43934,MICHIGAN.HUB,Hub,MCC,1.86,1.72,1.99,1.98,2.18,2.52,2.73,2.45,1.97,1.47,1.2,2.02,1.53,1.35,1.42,1.7,1.68,1.51,1.44,1.33,1.19,0.51,0.51,0.66
43934,MICHIGAN.HUB,Hub,MLC,0.76,0.73,0.44,0.55,0.49,0.48,0.67,0.91,0.84,0.99,1.07,1.03,1,0.98,0.76,0.66,0.83,0.85,0.91,1.07,0.65,1.02,0.97,0.5
43935,LOUISIANA.HUB,Hub,LMP,13.62,13.19,12.72,13.34,13.47,15.72,20.18,21.07,21.1,22.17,21.01,19.69,18.98,18.54,18.26,17.4,19.57,20.14,22,28.58,30.04,22.23,18.73,16.1
43935,LOUISIANA.HUB,Hub,MCC,-3.51,-3.53,-3.54,-3.62,-3.56,-4.31,-2.89,-2.59,-2.42,-1.12,-1.59,-0.91,-0.36,0.12,-0.03,-0.14,0.49,0.7,-0.25,-0.25,1.33,-2.3,-3.06,-4.8
43935,LOUISIANA.HUB,Hub,MLC,-0.22,-0.21,-0.17,-0.22,-0.68,-0.66,-0.27,-0.37,-0.57,-0.57,-0.55,-0.5,-0.11,-0.23,0.19,-0.42,0.15,-0.45,0.01,-0.01,-0.31,-0.52,-0.6,-0.66
43935,MICHIGAN.HUB,Hub,LMP,17.91,17.63,16.3,17.91,19.04,22.03,25.31,25.65,25.55,25.44,24.58,22.49,19.93,19.74,18.97,19.33,19.69,21.22,23.71,30.56,29.97,25.53,23.73,22.9
43935,MICHIGAN.HUB,Hub,MCC,0.24,0.38,0.18,0.42,0.49,0.58,0.65,0.59,0.53,0.67,0.54,0.59,0.72,0.65,0.15,0.18,0,0,0.47,0.78,0.97,0.89,0.96,0.84
43935,MICHIGAN.HUB,Hub,MLC,0.32,0.32,-0.31,0.31,0.84,0.76,1.32,1.03,0.93,0.91,0.89,0.8,-0.24,0.44,0.72,1.19,0.76,1.33,1,0.94,-0.02,-0.41,0.38,0.5
43936,LOUISIANA.HUB,Hub,LMP,15.95,15.76,15.44,15.83,16.38,19.22,22.34,23.29,22.47,20.35,19.31,18.17,17.47,17.19,16.92,16.98,17.06,17.14,17.99,22.74,23.24,18.55,17.88,16.22
43936,LOUISIANA.HUB,Hub,MCC,-3.74,-3.03,-3.09,-3.09,-3.51,-4.34,-4.33,-4.69,-5.64,-6.61,-5.45,-4.7,-3.26,-2.51,-2.14,-1.86,-1.9,-2.41,-1.55,-1.25,-1.54,-1.9,-1.27,-2.21
43936,LOUISIANA.HUB,Hub,MLC,-0.82,-0.77,-0.77,-0.78,-0.81,-0.94,-1.06,-1.41,-0.26,-0.25,-1.47,-1.17,-1.05,-1,-0.4,-0.15,-0.15,-0.15,-0.41,-0.5,-0.4,-0.64,-0.53,-0.6
43936,MICHIGAN.HUB,Hub,LMP,21.9,20.83,20.52,20.97,21.96,26.3,30.25,31.73,30.21,29.09,28.08,25.89,23.18,22,20.73,19.63,19.64,20.07,20.86,25.57,25.6,21.31,20.14,19.61
43936,MICHIGAN.HUB,Hub,MCC,0.72,0.62,0.59,0.63,0.67,0.96,1.57,1.61,1.25,1.31,1.42,1.27,0.87,0.8,0.66,0.45,0.34,0.16,0.28,0.3,0.38,0.42,0.12,0.15
43936,MICHIGAN.HUB,Hub,MLC,0.67,0.65,0.63,0.64,0.59,0.84,0.95,0.73,0.59,0.57,0.43,0.58,0.53,0.5,0.61,0.19,0.19,0.21,0.63,0.78,0.04,-0.2,0.34,0.43
43937,LOUISIANA.HUB,Hub,LMP,14.96,14.48,14.41,14.34,14.83,16.28,20.3,21.1,21.69,20.66,19.31,17.52,16.39,16.23,15.91,16.29,16.39,16.69,17.13,19.61,19.77,17.13,15.64,14.73
43937,LOUISIANA.HUB,Hub,MCC,-3.04,-2.92,-2.88,-3.16,-3.67,-4.25,-2.57,-2.11,-2.43,-2.31,-3.32,-3.92,-2.77,-1.87,-1.76,-1.72,-1.77,-1.76,-1.49,-1.79,-1.75,-1.79,-1.25,-1.44
43937,LOUISIANA.HUB,Hub,MLC,-0.43,-0.49,-0.56,-0.43,-0.42,-1.06,-0.65,-1.04,-0.33,-0.32,-0.32,-0.31,-0.88,-0.83,-0.49,-0.14,-0.15,-0.14,-0.14,-0.69,-0.69,-0.14,-0.52,-0.68
43937,MICHIGAN.HUB,Hub,LMP,18.61,18.93,18.86,18.4,19.65,22.16,23.45,25.33,25.12,24.07,23.8,22.84,21.06,19.9,18.34,18.5,18.52,18.86,18.95,21.96,22.33,19.5,18.02,17.14
43937,MICHIGAN.HUB,Hub,MCC,0.16,0.49,0.47,0.45,0.57,0.05,0,0.3,0.36,0.49,0.56,0.83,0.4,0.38,0.22,0.16,0.03,0.07,0,0.1,0.35,0.23,0.39,0.12
43937,MICHIGAN.HUB,Hub,MLC,0.02,0.55,0.54,0.02,0.16,0.52,-0.07,0.78,0.31,0.29,0.29,0.26,0.62,0.59,-0.04,0.19,0.18,0.2,0.19,-0.23,-0.23,0.21,0.22,0.17
43938,LOUISIANA.HUB,Hub,LMP,14.6,14,13.81,13.73,14.19,14.81,16.15,16.87,16.56,17.47,17.87,19.13,19.03,19.14,19.32,19.58,20.2,18.91,18.91,20.95,21.03,18.45,16.5,15.21
43938,LOUISIANA.HUB,Hub,MCC,-1.37,-1.62,-1.23,-1.43,-2.19,-2.97,-2.56,-4.29,-3.8,-3.69,-3.1,-0.95,0.2,0.36,0.49,1.1,1.63,0.61,0.47,0.16,0.43,0.5,0.23,0.18
43938,LOUISIANA.HUB,Hub,MLC,-0.4,-0.31,-0.35,-0.3,-0.38,-0.79,-0.95,-0.44,-0.99,-0.95,-1.07,-0.91,-0.85,-0.21,0.06,0.06,0.06,0.07,0.07,0.3,-0.03,0.17,0.07,-0.01
43938,MICHIGAN.HUB,Hub,LMP,16.66,16.32,15.93,15.79,17.39,18.64,20.12,21.58,22.26,23.27,23.19,22.31,20.82,19.67,19.81,19.67,19.7,19.17,19.34,21.18,21.8,18.49,16.66,15.61
43938,MICHIGAN.HUB,Hub,MCC,0,0.1,0.07,0.05,0.06,0,0.11,0.16,0.32,0.47,0.62,0.67,0.52,0.47,0.58,0.49,0.42,0.18,0.19,0,0.26,0.21,0.05,0
43938,MICHIGAN.HUB,Hub,MLC,0.29,0.29,0.47,0.28,0.57,0.07,0.35,-0.18,0.59,0.69,0.53,0.65,0.62,0.21,0.46,0.76,0.77,0.76,0.78,0.69,0.91,0.5,0.41,0.57
43939,LOUISIANA.HUB,Hub,LMP,14.51,13.71,13.38,13.39,13.44,13.92,14.53,14.76,15.67,17.06,17.44,18.48,20.24,21.62,24.08,24.59,24.02,25.05,21.82,22.06,18.94,16.74,15.41,15.22
43939,LOUISIANA.HUB,Hub,MCC,0.42,0.38,0.26,0.08,0.32,-0.93,-0.83,-0.97,-1.12,-0.02,0.35,1.84,4.92,6.78,9.18,9.74,8.7,9.05,5.33,3.47,1.22,1.48,1.56,0.97
43939,LOUISIANA.HUB,Hub,MLC,0.41,0.62,0.61,0.63,0.62,0.57,0.55,0.52,0.55,0.56,0.77,0.75,0.57,0.58,0.66,0.76,0.79,0.76,0.94,1.14,0.78,0.19,0.27,0.37
43939,MICHIGAN.HUB,Hub,LMP,15.81,14.63,14.67,14.64,14.61,16.66,17.2,17.34,18.5,18.74,18.24,17.95,16.24,15.62,15.53,15.19,15.78,16.05,15.97,17.86,17.45,15.56,13.86,14.07
43939,MICHIGAN.HUB,Hub,MCC,1.55,1.46,1.7,1.49,1.65,1.82,1.79,1.61,1.72,1.66,1.43,1.61,1.2,1.03,0.81,0.61,0.74,0.3,0.03,0.07,0.2,0.1,-0.01,-0.11
43939,MICHIGAN.HUB,Hub,MLC,0.58,0.46,0.46,0.47,0.46,0.56,0.6,0.52,0.54,0.56,0.49,0.45,0.29,0.33,0.48,0.49,0.51,0.51,0.39,0.34,0.31,0.39,0.29,0.3
43940,LOUISIANA.HUB,Hub,LMP,14.4,14.11,13.28,13.16,13.08,14.02,14.58,15.1,16.63,17.27,17.82,17.91,18.2,21.4,21.3,21.42,23.34,23.39,21.23,23.95,21.11,19.07,17.43,15.83
43940,LOUISIANA.HUB,Hub,MCC,1.2,0.93,0.71,0.5,0.51,0.37,0.07,0.21,-0.08,-0.13,-0.11,-0.12,0.26,3.97,4.08,3.83,4.4,3.92,2.11,1.56,0.56,0.33,-0.13,-0.1
43940,LOUISIANA.HUB,Hub,MLC,0.31,-0.03,0.16,0.14,0.14,0.19,0.04,-0.06,0.54,0.11,0.13,0.03,0.14,-0.18,-0.17,-0.18,0.45,-0.07,-0.06,0.32,-0.7,0.27,0.45,-0.33
43940,MICHIGAN.HUB,Hub,LMP,13.99,14.66,13.45,13.6,13.5,14.45,15.64,16.11,17.11,18.51,18.8,19.17,19.09,18.5,18.33,18.7,19.13,20.06,19.93,23,22.03,19.35,18.31,17.23
43940,MICHIGAN.HUB,Hub,MCC,0.44,0.6,0.4,0.41,0.4,0.29,0.44,0.27,0.41,0.68,0.6,0.65,0.7,0.42,0.48,0.46,0.12,0.16,0.39,0.54,0.57,0.55,0.69,0.56
43940,MICHIGAN.HUB,Hub,MLC,0.66,0.85,0.64,0.67,0.67,0.7,0.73,0.89,0.53,0.54,0.4,0.52,0.59,0.47,0.46,0.47,0.52,0.36,0.36,0.39,0.21,0.33,0.51,0.41
43941,LOUISIANA.HUB,Hub,LMP,14.76,13.85,13.64,14.08,14.33,15.2,16.87,17.65,18.26,18.99,19.18,19.64,22.25,25.33,27.38,28.22,31.13,29.58,26.17,25.75,25.79,17.94,15.77,14.5
43941,LOUISIANA.HUB,Hub,MCC,0.05,0.14,0.11,0.07,-0.31,-3.26,-4,-3.95,-3.15,-1.69,-0.73,0.07,3.37,5.9,8.78,10.01,12.24,10.35,6.99,4.14,4.36,1.58,0.27,-0.01
43941,LOUISIANA.HUB,Hub,MLC,-0.26,-0.2,-0.3,-0.32,-0.55,-0.14,0.44,0.08,-0.07,-0.47,-0.45,0.14,0.01,0.59,0.69,0.67,0.69,0.71,0.72,0.82,0.82,0.56,0.93,0.49
43941,MICHIGAN.HUB,Hub,LMP,16.01,14.21,15.1,16.52,17.1,21.45,22.38,23.89,23.35,23.89,23.5,22.32,21.38,20.35,18.21,17.83,18.01,18.58,18.87,21.75,21.52,16.23,14.85,14.67
43941,MICHIGAN.HUB,Hub,MCC,0.36,0.47,0.94,1.62,1.12,2.42,1.2,1.28,1.39,1.43,1.88,1.79,1.62,0.58,-0.15,-0.14,-0.63,-0.39,-0.06,0.44,0.38,0.21,-0.02,0.27
43941,MICHIGAN.HUB,Hub,MLC,0.68,-0.17,0.33,0.57,0.79,0.43,0.75,1.09,0.48,1.31,1.26,1.1,0.89,0.93,0.45,0.43,0.44,0.45,0.47,0.52,0.53,0.22,0.3,0.38
43942,LOUISIANA.HUB,Hub,LMP,14.98,14.5,13.37,13.8,14.86,16.13,16.95,19.25,19.14,19.8,20.65,22.05,21.95,23.25,26.68,29.61,30.69,28,26.19,28.83,26.63,21.76,18.16,16.48
43942,LOUISIANA.HUB,Hub,MCC,1.1,0.65,-0.02,-0.02,-0.05,-2.15,-2.49,-1.07,-3.3,-3.4,-1.83,0.5,0.68,2.26,5.48,8.13,8.41,5.75,4.2,3.45,2.49,2.18,1.75,0.6
43942,LOUISIANA.HUB,Hub,MLC,0.49,0.32,0.17,-0.07,-0.18,-0.04,-0.12,-1,-0.14,0.1,-0.19,-0.19,0.15,0.14,0.31,0.3,0.31,0.32,0.32,1.16,0.96,0.36,0.12,0.01
43942,MICHIGAN.HUB,Hub,LMP,13.7,14.44,14.04,14.64,16.16,19.06,19.86,21.92,23.33,24.14,23.49,22.58,21.88,21.44,21.02,20.43,21.02,21.16,21.25,24.04,23.06,20.32,17.97,18.23
43942,MICHIGAN.HUB,Hub,MCC,0.05,0.21,0.08,0.1,0.23,0.19,-0.18,-0.23,-0.2,-0.02,0.22,0.27,0.2,0.04,-0.06,-0.93,-1.13,-0.95,-0.61,-0.4,-0.27,0.42,0.67,1.32
43942,MICHIGAN.HUB,Hub,MLC,0.26,0.7,0.74,0.65,0.84,0.55,0.48,0.83,0.95,1.06,0.6,0.57,0.56,0.55,0.19,0.18,0.18,0.18,0.19,0.22,0.15,0.68,1.01,1.04
43943,LOUISIANA.HUB,Hub,LMP,15.12,14.87,14.42,14.25,14.48,15.61,16.52,16.97,17.82,18.96,19.95,20.82,22.61,23.32,22.41,23.61,23.71,21.6,21.53,24.7,23.37,19.69,17.91,17.24
43943,LOUISIANA.HUB,Hub,MCC,0.18,-0.48,-0.69,-1.41,-2.51,-3.54,-5.47,-5.71,-6.12,-4.63,-3.26,-1.83,0.58,1.85,1.68,2.15,1.79,0.04,-0.04,-0.13,-0.02,0.03,-0.13,-0.09
43943,LOUISIANA.HUB,Hub,MLC,0.07,0.53,0.55,0.58,0.62,-0.12,0.78,-0.03,0.05,-0.25,-0.42,0.14,0.71,0.2,0.15,0.27,0.28,0.15,-0.1,0.42,0.13,0.26,0.16,0.18
43943,MICHIGAN.HUB,Hub,LMP,17.05,16.58,16.54,16.9,18.05,21.95,23.19,24.7,25.99,26.25,26.47,24.75,23.44,22.98,21.93,22.31,22.94,22.71,22.85,25.18,23.91,19.59,19.14,18.3
43943,MICHIGAN.HUB,Hub,MCC,1.09,1.49,1.56,1.39,1.21,1.32,0.91,0.65,0.85,1.01,1.23,1.15,0.81,0.83,0.57,0.31,0.48,0.49,0.29,0.03,0,0.49,0.66,0.47
43943,MICHIGAN.HUB,Hub,MLC,1.09,0.27,0.42,0.43,0.47,1.36,1.07,1.34,1.25,1.4,1.61,1.09,1.31,0.88,0.78,0.81,0.82,0.81,0.89,0.74,0.65,-0.3,0.6,0.68
43944,LOUISIANA.HUB,Hub,LMP,16,14.9,14.89,15.18,15.98,17.74,18.89,19.18,20.22,21.77,23.02,22.58,23.27,26.09,29.08,34.52,34.53,25.85,24.56,21.38,20.33,18.06,16.78,15.58
43944,LOUISIANA.HUB,Hub,MCC,0.32,-0.08,-0.19,-0.23,-0.62,-0.94,-1.22,-2.33,-3.85,-2.81,-1.89,-1.66,-0.3,1.36,4.74,10.91,10.64,4.01,2.97,0.11,-0.75,-0.69,-0.58,-0.46
43944,LOUISIANA.HUB,Hub,MLC,0.14,-0.17,-0.17,-0.17,-0.21,-0.36,-0.53,-1.05,-1.2,-0.68,-0.68,-0.66,-0.64,-0.15,-0.15,-0.71,-0.71,-0.66,-0.65,-0.65,-0.64,0.14,0.45,-0.27
43944,MICHIGAN.HUB,Hub,LMP,17.54,16.99,16.78,17.05,17.94,19.93,21.17,23.18,25.89,25.92,26.07,25.7,24.58,24.59,23.5,23.07,23.16,22.77,22.09,22.53,22.64,19.6,18.84,18.73
43944,MICHIGAN.HUB,Hub,MCC,1.55,1.3,0.97,0.91,0.7,0.53,-0.14,-0.01,0.29,0.23,0.05,0.37,-0.05,-0.36,-1.06,-1.85,-2.05,-0.29,-0.7,0.07,0.38,0.82,1.43,1.68
43944,MICHIGAN.HUB,Hub,MLC,0.45,0.54,0.56,0.56,0.43,0.36,0.67,0.63,0.33,0.43,0.43,0.43,0.42,0.07,0.07,0.6,0.61,0.56,0.55,0.54,0.54,0.17,0.5,0.74
43945,LOUISIANA.HUB,Hub,LMP,14.11,12.85,12.46,12.26,12.37,14.5,17.01,17.68,18.31,19.3,19.96,23.92,28.23,33.83,38.89,44.44,43.72,35.1,30,27.58,26.23,19.58,17.35,16.27
43945,LOUISIANA.HUB,Hub,MCC,-0.4,-1.1,-1.4,-1.77,-2.04,-2.46,-1.13,-1.36,-2.59,-1.22,-1.12,0.99,5.06,10.16,13.57,17.97,17.07,10.97,7.58,5.64,5.11,1.52,0.74,0.24
43945,LOUISIANA.HUB,Hub,MLC,-0.16,-0.15,-0.05,-0.16,-0.4,-0.33,-0.42,-0.69,-0.64,-0.3,-0.42,0.94,0.94,0.16,0.17,0.49,0.49,0.46,0.42,0.41,0.38,0.36,0.16,0.2
43945,MICHIGAN.HUB,Hub,LMP,17.3,16.55,16.19,16.68,17.58,20.61,20.51,21.45,23.32,23.42,23.67,24.03,23.38,23.91,23.07,22.26,22.23,21.61,21.13,21.38,21.53,19.06,18.33,18.03
43945,MICHIGAN.HUB,Hub,MCC,2.09,1.94,1.89,1.98,2.34,2.68,1.32,1.57,1.59,2.06,1.91,1.54,0.65,0.05,-2.44,-4.17,-4.38,-2.48,-1.26,-0.53,0.22,1.14,1.27,1.66
43945,MICHIGAN.HUB,Hub,MLC,0.54,0.51,0.39,0.51,0.43,0.64,0.63,0.15,0.19,0.54,0.26,0.5,0.5,0.35,0.36,0.45,0.45,0.42,0.39,0.38,0.57,0.22,0.61,0.54
43946,LOUISIANA.HUB,Hub,LMP,16.22,14.86,14.29,14.17,14.06,15.05,15.89,15.85,18.19,19.01,20.31,20.28,21.29,22.08,22.87,23.51,24.48,23.1,21.77,21.25,20.51,18.27,16.18,15.39
43946,LOUISIANA.HUB,Hub,MCC,0.33,0.26,0.3,0.24,-0.33,-0.43,-0.36,-0.78,-0.33,-0.18,-0.21,-0.22,1.09,2.09,2.84,3.05,3.06,2.22,0.98,-0.08,-0.45,-0.48,-0.37,-0.77
43946,LOUISIANA.HUB,Hub,MLC,-0.05,-0.1,-0.1,-0.09,-0.17,-0.1,-0.48,-0.46,-0.34,-0.37,0.51,0.5,0.49,0.48,0.48,0.49,0.51,-0.06,0.51,0.53,0.35,0.48,-0.21,-0.09
43946,MICHIGAN.HUB,Hub,LMP,19.08,17.85,17.03,16.96,17.83,19.18,19.58,19.34,20.91,21.5,22.16,22.03,21.33,20.88,21.18,21.35,22.06,22.18,21.71,21.81,21.63,19.75,18.03,18.14
43946,MICHIGAN.HUB,Hub,MCC,2.69,2.55,2.36,2.37,2.64,2.97,2.38,1.75,1.33,1.58,1.56,1.59,1.19,0.82,1.08,0.81,0.71,0.84,0.99,0.55,0.7,1.06,0.83,1.4
43946,MICHIGAN.HUB,Hub,MLC,0.45,0.6,0.58,0.57,0.63,0.63,0.47,0.5,0.72,0.36,0.59,0.44,0.43,0.55,0.55,0.57,0.44,0.4,0.44,0.46,0.32,0.42,0.44,0.49
43947,LOUISIANA.HUB,Hub,LMP,13.82,12.88,12.31,12.02,12.26,12.84,13.79,14.83,16.4,16.84,17.49,17.71,19.41,19.33,21.8,22.63,22.31,22.36,20.7,21.78,24.11,20.35,15.35,14.97
43947,LOUISIANA.HUB,Hub,MCC,-0.62,-1.11,-1.13,-1.27,-1.21,-1.19,-0.74,-0.27,-0.27,-0.26,0.16,0.57,2.16,2.56,4.83,4.95,4.15,3.21,1.79,2.15,4.8,4.3,0.94,1.1
43947,LOUISIANA.HUB,Hub,MLC,-0.09,-0.1,-0.15,-0.14,-0.14,-0.16,-0.43,-0.13,-0.16,-0.33,-0.33,-0.32,0.14,0.14,0.35,0.36,0.14,0.38,0.37,0.43,0.44,0.21,0.27,0.62
43947,MICHIGAN.HUB,Hub,LMP,15.85,15.55,15.04,15.01,15.02,15.56,15.81,15.77,17.92,18.93,19.28,19.04,18.47,17.38,15.7,16.05,17.18,17.99,18.46,19.91,19.72,16.86,15.83,15.29
43947,MICHIGAN.HUB,Hub,MCC,0.73,0.89,0.85,0.99,0.81,0.74,0.43,-0.08,0.42,1.17,1.29,1.25,0.79,0.2,-1.34,-1.71,-1.43,-1,-0.31,0.03,0.17,0.35,1.02,1.56
43947,MICHIGAN.HUB,Hub,MLC,0.59,0.57,0.6,0.59,0.6,0.63,0.42,0.62,0.67,0.33,0.33,0.33,0.57,0.55,0.42,0.44,0.59,0.22,0.23,0.68,0.68,0.67,0.67,0.48
43948,LOUISIANA.HUB,Hub,LMP,14.04,13.5,13.2,12.69,13.61,16.36,20.06,18.8,18.41,20.07,20.91,22.02,22.88,23.18,25.62,26.27,26.27,25.28,22.67,23.12,22.16,19.71,16.29,14.89
43948,LOUISIANA.HUB,Hub,MCC,0.9,0.87,0.64,-0.32,-0.9,-0.62,1.22,-0.63,-1.55,-1.11,0.24,0.85,1.48,2.48,2.61,4.11,2.82,1.79,1.17,0.34,0.94,0.04,-0.81,-0.98
43948,LOUISIANA.HUB,Hub,MLC,0.52,0.46,0.46,0.52,0.32,0.13,-0.14,0.17,-0.58,0.58,-0.1,0.12,0.21,-0.53,1.19,0.14,0.85,0.87,-0.65,-0.7,-0.65,0.34,-0.16,-0.28
43948,MICHIGAN.HUB,Hub,LMP,15.85,15.38,15.3,16.2,18.47,22.33,23.85,23.25,24.46,24.48,24.14,23.51,24.13,23.5,24.09,23.5,24,24.25,23.59,24.88,23.18,20.64,19.39,18.8
43948,MICHIGAN.HUB,Hub,MCC,2.8,2.86,2.85,3.28,3.92,4.41,3.6,2.85,2.65,2.67,1.96,1.69,1.87,1.72,1.57,1.16,0.73,0.96,0.9,0.84,0.78,1,1.66,1.92
43948,MICHIGAN.HUB,Hub,MLC,0.43,0.35,0.35,0.43,0.36,1.07,1.27,1.14,1.27,1.21,1.41,0.77,1.07,0.55,0.7,0.32,0.67,0.67,0.54,0.56,0.53,0.31,0.47,0.73
43949,LOUISIANA.HUB,Hub,LMP,14.03,13.81,13.92,13.93,14.53,15.47,18,17.64,18.4,18.2,20.29,21.93,22.33,24.77,29.71,31.8,31.25,29.24,27.41,24.64,24.13,21.38,16.49,15.49
43949,LOUISIANA.HUB,Hub,MCC,0.48,0.39,1.14,0.34,-0.24,-1.01,-0.8,-1.08,-1.52,-1.2,0.31,1.57,1.79,3.7,8.28,10.06,9.74,8.07,6.3,3.94,4.02,3.15,1.12,1.51
43949,LOUISIANA.HUB,Hub,MLC,-0.23,0.19,0.02,0.53,0.6,-0.22,0.08,0.05,0.05,-0.11,-0.01,-0.01,-0.02,0.78,0.8,0.48,0.47,0.47,0.47,0.45,0.43,1.13,0.76,0.32
43949,MICHIGAN.HUB,Hub,LMP,18.89,17.98,17.63,18,19.48,23.11,23.78,22.12,23.99,24.04,24.14,24.47,24.88,23.97,24.27,25.33,25.17,24.95,25.33,24.53,23.19,20.22,18.53,18.2
43949,MICHIGAN.HUB,Hub,MCC,4.35,4.07,4.05,4.58,4.82,5.31,4.43,2.45,3.09,3.57,2.89,2.95,3.16,3.12,3.08,3.41,3.48,3.62,4.05,3.66,2.91,2.62,3.45,3.84
43949,MICHIGAN.HUB,Hub,MLC,0.76,0.68,0.82,0.36,0.49,1.1,0.63,1,1.03,0.96,1.26,1.15,1.16,0.56,0.56,0.66,0.65,0.63,0.64,0.62,0.6,0.5,0.47,0.7
43950,LOUISIANA.HUB,Hub,LMP,14.47,13.45,13.4,13.5,14.03,15.82,17.21,16.93,17.22,18.72,19.21,19.74,20.55,21.17,22.29,24.26,23.55,24.82,22.4,24.23,23.9,18.57,16.86,15.89
43950,LOUISIANA.HUB,Hub,MCC,1.98,1.97,1.79,1.81,1.75,0.59,0.11,-0.58,-1.04,-0.03,0.35,0.73,1.21,1.99,3.42,5.05,4.35,5.31,2.67,3.39,2.88,0.64,0.57,0.97
43950,LOUISIANA.HUB,Hub,MLC,0.56,0.27,0.51,0.44,0.29,0.64,0.84,0.77,0.84,0.93,0.67,0.83,0.84,0.7,0.64,0.65,0.65,0.66,0.37,0.93,0.96,0.93,0.81,0.4
43950,MICHIGAN.HUB,Hub,LMP,18.82,17.99,18.39,18.31,18.87,21.57,24.02,23.34,23.39,24.38,24.36,24.46,24.8,23.91,23.28,23.44,23.62,23.96,23.98,23.92,23.94,20.75,20.48,20.23
43950,MICHIGAN.HUB,Hub,MCC,6.46,6.15,6.91,6.58,6.23,6.48,7.3,5.78,5.18,6.11,5.57,5.71,5.72,4.94,4.81,4.64,4.83,4.86,3.54,3.42,3.07,3.28,4.49,5.38
43950,MICHIGAN.HUB,Hub,MLC,0.43,0.63,0.38,0.48,0.65,0.5,0.46,0.82,0.79,0.45,0.6,0.57,0.58,0.49,0.24,0.24,0.24,0.25,1.08,0.59,0.81,0.47,0.51,0.33
43951,LOUISIANA.HUB,Hub,LMP,13.15,12.3,12,12.21,12.55,14.8,16.56,15.85,16.02,16.85,17.21,17.76,17.49,17.62,19.17,19.68,20.56,20.62,20.48,20.09,20.15,17.32,15.66,15.23
43951,LOUISIANA.HUB,Hub,MCC,-0.29,-0.36,-0.56,-0.56,-0.91,-0.64,-0.78,-2.56,-3.08,-2.02,-1.04,-1.85,-1.15,-0.78,-0.54,-0.31,-0.16,-0.4,-1.3,-2.66,-2.03,-0.86,-0.63,-0.8
43951,LOUISIANA.HUB,Hub,MLC,0.61,0.51,0.51,0.51,0.51,-0.34,-0.43,-0.11,-0.93,-0.48,-0.49,0.21,-0.25,-0.33,0.87,0.88,0.9,0.89,0.94,0.98,0.96,0.2,0.15,0.41
43951,MICHIGAN.HUB,Hub,LMP,18.17,17.92,18.02,18.21,18.9,20.74,24.23,21.48,23.57,22.9,22.05,23.73,21.66,21.81,21.48,21.53,21.91,22.41,23.16,23.82,23.54,20.29,18.47,18.4
43951,MICHIGAN.HUB,Hub,MCC,4.87,5.34,5.54,5.52,5.51,4.06,5.4,2.52,2.75,2.69,2.73,3.75,2.34,2.82,1.77,1.54,1.19,1.38,1.38,1.05,1.35,1.78,1.78,1.85
43951,MICHIGAN.HUB,Hub,MLC,0.47,0.43,0.43,0.43,0.44,0.9,1.06,0.44,0.79,0.86,0.58,0.58,0.43,0.26,0.87,0.88,0.9,0.9,0.94,1,0.97,0.53,0.55,0.93
43952,LOUISIANA.HUB,Hub,LMP,12.66,11.62,11.67,11.34,11.62,13.22,15.49,16.38,16.67,16.78,17.6,18,18.68,19.22,19.51,20.92,22.83,22.99,21.45,21.21,20.21,17,14.91,14.66
43952,LOUISIANA.HUB,Hub,MCC,-0.7,-1.17,-0.36,-1.08,-1.15,-1.65,-2.17,-3.03,-3.57,-3.2,-2.37,-1.08,-0.41,-0.4,0.57,1.43,1.38,1.44,-0.33,-0.54,-0.55,-0.28,0.01,0.71
43952,LOUISIANA.HUB,Hub,MLC,0.5,0.13,0.12,0.49,0.48,0.02,0.06,0.75,0.66,0.42,0.41,0.39,0.76,0.92,0.17,0.65,0.73,0.73,1.03,0.84,0.28,0.37,0.29,0.26
43952,MICHIGAN.HUB,Hub,LMP,25.02,27.41,26.52,25.02,24.95,25.78,27.74,26.3,25.72,26,26,26,25.38,25.41,25.88,24.93,28.07,27.06,28.61,28.09,28.65,24.67,25.07,21.53
43952,MICHIGAN.HUB,Hub,MCC,12.07,14.08,13.98,12.68,12.25,9.86,8.94,6.82,5.19,5.33,5.34,6.26,6.21,5.94,6.47,5.28,6.46,5.34,6.85,7.18,7.37,6.99,9.77,7.26
43952,MICHIGAN.HUB,Hub,MLC,0.09,0.67,0.63,0.41,0.41,1.07,1.2,0.82,0.95,1.11,1.1,1.05,0.84,0.77,0.64,0.81,0.89,0.9,1.01,0,0.8,0.77,0.69,0.58
43953,LOUISIANA.HUB,Hub,LMP,12.18,11.33,10.86,10.88,11,11.23,12.18,12.87,15.14,16.45,16.85,17.87,17.94,19.38,21.09,23.39,23.47,22.38,22.29,20.95,21.4,18.22,17.49,16.05
43953,LOUISIANA.HUB,Hub,MCC,-0.23,-0.27,-0.27,-0.27,-0.29,-0.31,-1.76,-2.11,-1.27,-0.81,-0.3,-0.33,-0.3,-0.03,1.21,1.58,1.61,0.35,-0.27,-0.27,-0.28,-0.26,-0.26,-0.21
43953,LOUISIANA.HUB,Hub,MLC,0.6,0.12,0.14,0.14,0.14,0.12,0.64,-0.04,0.14,0.72,0.07,0.56,0.38,0.55,0.38,1.07,0.35,0.35,1.13,0.28,0.8,-0.04,0.97,0.29
43953,MICHIGAN.HUB,Hub,LMP,19.61,20.36,19.71,19.54,19.59,19.18,19.18,18.68,19.03,18.98,19.54,20.65,20.05,21.29,21.29,22.58,23.55,23.97,23.75,23,23.11,20.38,18.82,19.09
43953,MICHIGAN.HUB,Hub,MCC,7.49,8.13,7.99,7.8,7.7,7.02,5.4,2.69,1.78,1.91,1.64,1.79,1.57,1.45,1.24,1.43,1.37,1.62,1.6,1.56,1.61,1.5,1.84,2.33
43953,MICHIGAN.HUB,Hub,MLC,0.31,0.75,0.73,0.73,0.74,0.74,0.48,0.97,0.98,0.53,0.82,1.22,0.62,0.98,0.55,0.41,0.67,0.67,0.72,0.5,0.62,0.36,0.2,0.79
43954,LOUISIANA.HUB,Hub,LMP,14.11,13.28,12.78,12.23,12.38,12.59,12.59,13.93,15.53,16.1,17.09,17.94,18.05,20,21.55,23.03,24.71,24.72,22.06,19.49,19.77,16.71,15.97,14.82
43954,LOUISIANA.HUB,Hub,MCC,-0.26,-0.34,-0.48,-0.9,-1.12,-1.34,-2.49,-2.03,-1.44,-1.23,-0.59,-0.32,0.05,0.82,1.16,1.99,2.59,2.95,1.07,-0.27,-0.3,-0.29,0.69,1.14
43954,LOUISIANA.HUB,Hub,MLC,0.5,0.27,0.2,0.2,0.2,0.22,0.24,0.23,0.44,0.21,0.19,0.72,0.31,0.74,1.2,0.89,0.95,0.95,0.92,0.39,0.4,0.49,0.3,0.26
43954,MICHIGAN.HUB,Hub,LMP,18.72,18.18,18.01,17.84,18.2,18.25,18.98,18.23,19.3,20.05,20.32,20.1,20.13,20.58,21.05,21.54,22.79,22.39,22.07,21.38,21.63,18.99,18.5,17.36
43954,MICHIGAN.HUB,Hub,MCC,4.08,4.37,4.43,4.39,4.36,3.98,3.53,1.9,2.02,2.11,1.94,1.82,1.64,1.39,1.08,0.65,0.85,0.8,1.25,1.78,1.72,1.72,3.32,3.37
43954,MICHIGAN.HUB,Hub,MLC,0.77,0.46,0.52,0.52,0.54,0.56,0.61,0.6,0.75,0.82,0.89,0.74,0.8,0.75,0.78,0.74,0.77,0.77,0.75,0.23,0.24,0.76,0.2,0.57
43955,LOUISIANA.HUB,Hub,LMP,14.03,13.23,12.61,12.64,12.52,14.79,15.27,16.8,17.5,19.7,23.41,26,33.43,43,53.36,66,66,58.65,43.09,32.47,28.63,21.76,17.14,15.56
43955,LOUISIANA.HUB,Hub,MCC,1.53,1.18,0.87,0.98,0.06,-0.75,-3.04,-2.84,-2.61,-2.98,0.41,3.01,9.76,17.76,26.55,38.14,38.01,31.24,18.16,9.17,5.05,1.98,-0.88,-0.74
43955,LOUISIANA.HUB,Hub,MLC,-0.01,0.06,0.05,0.11,0.56,0.35,-0.11,-0.48,-0.02,1.2,1.41,0.91,1.19,1.25,1.63,1.67,1.68,1.48,0.46,0.44,0.44,0.39,0.65,0.19
43955,MICHIGAN.HUB,Hub,LMP,19.28,19.08,19.06,18.61,18.92,23.25,25.88,25.31,23.54,26.17,25.86,26.22,25.72,26.27,26.84,26.9,26.61,26.41,25.95,24.86,25.55,21.41,21.81,20.36
43955,MICHIGAN.HUB,Hub,MCC,6.08,6.43,6.72,6.31,6.6,7.35,6.19,3.98,2.66,3.06,2.86,3.3,2.77,1.8,1.17,-0.26,-0.67,-0.13,1.05,1.6,2.01,1.78,3.44,3.72
43955,MICHIGAN.HUB,Hub,MLC,0.69,0.66,0.65,0.75,0.42,0.71,1.27,1.21,0.75,1.63,1.41,0.84,0.47,0.48,0.49,0.97,0.97,0.61,0.43,0.4,0.4,0.24,1,0.53
43956,LOUISIANA.HUB,Hub,LMP,14.88,13.81,13.32,13.3,13.34,14.15,14.98,15.69,17.16,19.94,20.38,23.08,24.41,32.2,43.95,52.61,53.24,43.17,35.35,27.54,23.58,20.38,18.58,17.15
43956,LOUISIANA.HUB,Hub,MCC,-0.83,-0.65,-0.84,-1.02,-2.9,-2.93,-4.84,-5.51,-5.52,-3.07,-2.8,-0.47,0.71,7.91,18.6,26.04,26.11,17.59,10.39,2.57,-0.07,-0.31,-0.29,-0.34
43956,LOUISIANA.HUB,Hub,MLC,0.64,0.59,0.49,0.49,0.66,0.06,0.05,-0.52,-0.78,-0.42,-0.44,0.91,0.34,0.77,1.21,1.25,1.27,1.2,1.21,1.22,0.38,0.39,0.79,0.53
43956,MICHIGAN.HUB,Hub,LMP,21.55,20.92,20.82,20.69,21.81,22.17,26.8,27.42,28.36,28.42,28.67,27.12,27.43,27.8,26.79,26.53,26.59,26.41,26.66,27.09,27.33,23.3,21.13,19.91
43956,MICHIGAN.HUB,Hub,MCC,5.76,6.39,6.39,6.1,5.5,4.68,6.45,5.53,4.57,4.66,4.97,4.35,3.86,3.44,2,0.53,0.04,1.39,2.23,2.87,3.33,2.65,2.59,2.48
43956,MICHIGAN.HUB,Hub,MLC,0.72,0.66,0.76,0.76,0.73,0.47,0.58,0.17,0.33,0.33,0.08,0.13,0.21,0.84,0.65,0.68,0.69,0.64,0.68,0.47,0.73,0.35,0.46,0.47
43957,LOUISIANA.HUB,Hub,LMP,16.29,15.09,14.56,14.4,14.46,15.12,15.33,15.73,16.15,17.63,18.85,19.03,20.25,22,23.94,25.7,27.27,24.38,22,21.35,21.54,18.85,17.2,16.3
43957,LOUISIANA.HUB,Hub,MCC,-0.3,-0.73,-0.99,-0.97,-1.5,-2.96,-4.39,-6.17,-7.58,-5.13,-4.54,-2.25,-1.95,-0.18,0.92,2.84,3.8,1.61,-0.18,-2.15,-2.39,-1.48,-0.27,-0.22
43957,LOUISIANA.HUB,Hub,MLC,0.27,0.19,0.19,0.14,0.14,-0.05,-0.55,-0.57,-0.58,-0.81,-0.09,-0.58,-0.08,0.09,0.84,0.82,0.98,0.96,0.94,1,1.02,0.53,0.45,0.49
43957,MICHIGAN.HUB,Hub,LMP,19.47,19.32,19.24,18.94,19.19,21.17,23.62,26.53,27.84,27.8,27.18,25.9,25.96,24.28,24.33,24.09,24.56,24.78,23.64,25.63,26.04,21.73,19.86,19.61
43957,MICHIGAN.HUB,Hub,MCC,2.58,2.94,3.15,3.13,2.71,2.66,2.8,3.35,2.57,3.44,2.91,3.67,2.88,1.46,1.26,1.17,1.08,2,1.45,2.12,2.1,1.2,2.14,2.87
43957,MICHIGAN.HUB,Hub,MLC,0.57,0.75,0.73,0.58,0.66,0.38,0.55,0.71,0.96,0.79,0.79,0.37,0.8,0.73,0.89,0.88,0.99,0.97,0.95,1.01,1.03,0.73,0.7,0.71
43958,LOUISIANA.HUB,Hub,LMP,14.44,13.81,13.23,13.37,13.55,14.29,17.39,18.04,19.11,19.15,19.46,21.86,23.96,22.03,24.11,25.07,27.24,25.43,23.5,23.5,23.1,19.3,17.61,17.15
43958,LOUISIANA.HUB,Hub,MCC,-1.3,-2.44,-2.44,-2.82,-2.56,-5.14,-4.05,-5.78,-5.47,-4.22,-3.79,0.6,2.97,-0.11,1.83,2.52,4.31,2.92,1.18,-0.06,-0.13,-0.23,0.51,0.44
43958,LOUISIANA.HUB,Hub,MLC,-0.33,0.07,-0.28,0.18,-0.35,-0.45,-0.4,-0.63,-0.47,-0.28,-0.27,-0.24,0.07,0.88,0.8,0.95,0.9,0.89,0.95,1.04,0.84,0.56,0.08,0.99
43958,MICHIGAN.HUB,Hub,LMP,18.88,18.67,18.77,18.84,19.27,22.56,24.4,26.86,28.08,27.05,27.13,24.79,23.79,23.51,23.43,23.12,22.84,22.48,22.38,23.67,23.4,20.7,19.25,17.65
43958,MICHIGAN.HUB,Hub,MCC,1.96,1.86,1.96,2.03,1.95,2.08,1.77,2.45,2.4,2.59,2.87,2.61,2.19,1.78,1.1,0.56,0.28,0.34,0.05,0.11,-0.09,0.73,1.41,1.13
43958,MICHIGAN.HUB,Hub,MLC,0.85,0.63,0.86,0.8,0.86,0.6,0.79,-0.04,0.63,0.81,0.74,0.68,0.68,0.47,0.85,0.96,0.53,0.52,0.96,1.04,1.1,1,0.82,0.8
43959,LOUISIANA.HUB,Hub,LMP,14.16,13.56,12.96,12.87,13.77,15.44,16.59,17.89,18.4,18.84,20.19,20.57,25,26.02,28.27,27.58,26.28,21.04,19.51,19.9,20.89,17.49,16.69,15.89
43959,LOUISIANA.HUB,Hub,MCC,0.71,0.41,0.37,-0.07,-1.59,-1.65,-2.22,-3.68,-3.33,-1.97,-1.83,0.31,3.66,5.65,8.2,7.95,6.63,1.55,-0.14,-1.13,-1.9,-2.82,-2.66,-2.67
43959,LOUISIANA.HUB,Hub,MLC,-0.02,0.61,0.36,0.48,0.67,0.08,0.07,0.68,0.21,-0.11,1,0.25,0.79,0.62,0.6,0.59,0.43,0.43,0.44,0.13,1.18,-0.33,-0.04,-0.48
43959,MICHIGAN.HUB,Hub,LMP,22.7,21.54,20.65,20.61,24.84,25.17,25.44,23.05,24.57,24.16,25.88,24.45,24.93,23.39,22.46,21.83,21.87,21.86,21.7,23.6,23.84,22.37,21.62,20.96
43959,MICHIGAN.HUB,Hub,MCC,8.35,8.66,7.88,7.55,9.59,6.92,5.4,1.28,1.97,2.21,3.42,3.52,3.33,2.58,1.96,1.77,1.97,2.12,1.8,1.43,0.72,0.85,1.93,1.48
43959,MICHIGAN.HUB,Hub,MLC,0.88,0.34,0.54,0.6,0.56,1.24,1.3,0.88,1.08,1.03,1.44,0.92,1.05,1.06,1.03,1.02,0.68,0.68,0.69,1.27,1.51,0.88,0.3,0.44
43960,LOUISIANA.HUB,Hub,LMP,17.04,16.42,15.83,15.59,15.89,16.17,16.66,17.04,17.91,19.5,18.92,17.24,17.04,16.9,17.29,17.74,18.09,18.87,19.08,19.63,20.15,18.31,16.43,15.44
43960,LOUISIANA.HUB,Hub,MCC,-2.58,-2.4,-2.12,-2.14,-2.43,-3.39,-1.96,-3.28,-2.78,-0.13,-0.14,-0.1,-0.1,0.19,0.37,0.81,0.99,0.97,0.53,-0.09,-0.27,-0.12,-0.19,-0.11
43960,LOUISIANA.HUB,Hub,MLC,0.18,0.18,0.18,0.16,0.17,0.59,-0.44,-0.26,-0.05,-0.05,0.23,-0.16,0.28,0.63,1.11,1.1,1.12,1.09,1.09,0.98,1.01,0.92,0.8,0.68
43960,MICHIGAN.HUB,Hub,LMP,22.44,21.32,20.53,20.33,21.64,22.71,22.38,22.7,22,20.89,20.36,18.91,18.37,17.21,16.79,16.82,16.78,17.8,18.61,20.11,21.05,18.72,21.38,20.63
43960,MICHIGAN.HUB,Hub,MCC,2.19,1.98,2.09,2.1,2.8,2.91,2.75,0.76,0.65,0.62,0.38,0.48,0.48,0.47,0.46,0.47,0.27,0.33,0.51,0.48,0.71,0.63,4.97,5.23
43960,MICHIGAN.HUB,Hub,MLC,0.81,0.7,0.67,0.66,0.69,0.83,0.57,1.36,0.61,0.59,1.15,0.93,1.03,0.66,0.52,0.52,0.53,0.66,0.64,0.89,0.93,0.58,0.59,0.53
43961,LOUISIANA.HUB,Hub,LMP,14.53,13.91,13.2,13.08,13.31,14.17,15.05,15.78,16.48,17.65,17.57,17.72,17.57,17.75,18.22,19.03,19.92,20.41,19.99,20.8,20.92,18.88,17.56,16.27
43961,LOUISIANA.HUB,Hub,MCC,0.62,0.54,0.7,0.6,0.65,0.49,0.21,0.16,-0.43,0.01,0,0.21,0.28,0.96,1.11,1.71,1.58,0.96,0.07,-0.15,-0.18,0.12,0.07,-0.25
43961,LOUISIANA.HUB,Hub,MLC,0.52,0.46,0.33,0.32,0.29,0.4,0.36,0.36,0.71,1.05,0.87,0.86,0.85,0.97,0.98,0.82,1.05,1.18,1.16,1.29,0.4,0.03,0.3,-0.06
43961,MICHIGAN.HUB,Hub,LMP,14.8,14.73,14.02,14.23,14.46,16.49,18.86,17.26,17.95,18.72,18.95,19.06,18.68,17.9,18.23,18.58,18.92,19.89,19.95,21.05,22.74,21.01,19.1,18.28
43961,MICHIGAN.HUB,Hub,MCC,0.77,1.21,1.26,1.49,1.43,2.62,3.58,1.27,1.21,1.45,1.7,1.62,1.46,1.51,1.53,1.34,1.22,1.28,0.84,0.77,1.05,1.03,0.84,0.71
43961,MICHIGAN.HUB,Hub,MLC,0.64,0.61,0.59,0.58,0.66,0.59,0.8,0.73,0.54,0.68,0.55,0.79,0.78,0.57,0.57,0.74,0.41,0.34,0.35,0.62,0.99,1.25,1.07,0.99
43962,LOUISIANA.HUB,Hub,LMP,13.52,12.73,12.48,13.51,13.83,15.1,15.8,16.72,17.72,18.15,18.7,18.63,19.21,20.07,21.05,20.67,21.02,21.42,21.37,23.14,22.34,19.55,16.87,15.91
43962,LOUISIANA.HUB,Hub,MCC,-2.65,-3.16,-3.09,-2.65,-4,-6.17,-6.76,-8.25,-9.87,-6.67,-5.37,-4.64,-3.24,-1.18,0.58,0.51,0.61,0.58,0.28,0.8,-1.28,-2.35,-2.52,-2.41
43962,LOUISIANA.HUB,Hub,MLC,0.11,0.04,0.04,-0.05,-0.22,-0.26,-0.61,-0.53,0.08,-1.03,-0.85,-0.19,-0.19,-0.39,-0.44,-0.37,-0.37,-0.37,-0.37,-0.41,-0.51,-0.08,0.5,0.2
43962,MICHIGAN.HUB,Hub,LMP,18.21,18.18,17.32,18.55,22.11,25.98,27.65,28.47,31.12,29.39,28.71,26.14,24.65,22.86,22.9,22.27,22.3,22.71,22.96,24.65,26.25,22.65,19.84,20.06
43962,MICHIGAN.HUB,Hub,MCC,1.18,1.37,0.85,2.05,3.22,3.03,3.19,2.01,2.94,3.24,3.06,2.45,1.78,1.15,0.92,0.81,0.59,0.54,0.52,0.88,0.89,-0.25,0.52,1.01
43962,MICHIGAN.HUB,Hub,MLC,0.97,0.96,0.94,0.29,0.84,1.42,1.29,0.96,0.67,0.3,0.73,0.23,0.23,0.07,1.07,0.93,0.93,0.96,0.98,1.02,1.23,0.92,0.43,0.93
43963,LOUISIANA.HUB,Hub,LMP,15.32,14.24,14.6,14.21,13.82,14.83,16.14,16.37,16.81,17.51,17.79,18.49,20.14,21.41,21.69,21.25,21.89,21.76,21.42,20.93,21.27,19.06,17.39,15.71
43963,LOUISIANA.HUB,Hub,MCC,-1.29,-1.44,-1.52,-1.38,-4.01,-6.46,-5.62,-7.83,-8.48,-6.49,-5.9,-4.53,-1.77,0.1,0.45,0.3,0.38,0.35,0.3,0.09,-0.1,-0.22,-0.53,-0.09
43963,LOUISIANA.HUB,Hub,MLC,0.2,-0.32,0.41,-0.32,-0.17,-0.67,-0.74,-0.73,-0.91,-0.27,-0.28,-0.09,-0.09,0.07,0.56,0.56,0.76,0.76,0.75,-0.18,-0.17,0.74,0.99,0.36
43963,MICHIGAN.HUB,Hub,LMP,19.1,19.76,19.36,19.85,21.19,26.65,25,26.66,28.53,26.79,26.08,24.92,23.79,22.85,21.95,21.52,22.19,21.95,21.69,22.54,23.46,19.97,18.83,17.41
43963,MICHIGAN.HUB,Hub,MCC,1.91,2.85,2.94,3.05,2.28,3.1,1.16,1.54,1.46,1.76,1.36,1.04,1.02,0.93,0.39,0.25,0.64,0.5,0.52,0.64,1.02,0.73,1.36,1.45
43963,MICHIGAN.HUB,Hub,MLC,0.78,0.91,0.71,0.89,0.91,1.59,1.34,0.19,0.87,0.76,0.75,0.77,0.77,0.68,0.88,0.88,0.8,0.8,0.8,0.88,0.9,0.7,0.54,0.52
43964,LOUISIANA.HUB,Hub,LMP,14.74,13.58,14.12,14.01,14.73,16.13,16.7,16.95,18.3,20.35,20.75,22.98,24.31,26.39,27.58,28.95,29.2,27.33,23.92,22.85,21.63,18.9,16.9,16.35
43964,LOUISIANA.HUB,Hub,MCC,-0.87,-1.42,-0.2,-0.77,-1.71,-2.61,-2.4,-3.51,-3.05,-0.36,-0.29,1.34,3.13,4.58,5.64,6.75,6.84,5.11,2.83,1.39,0.76,0.77,0.14,0
43964,LOUISIANA.HUB,Hub,MLC,-0.16,0.03,0.02,0.07,0.53,0.18,-0.51,0.06,-0.13,0.37,0.48,1.04,1.01,1.02,1.03,0.85,0.91,1.03,0.87,0.76,0.3,0.19,0.38,0.93
43964,MICHIGAN.HUB,Hub,LMP,18.18,17.32,17.02,18,19.34,22.69,22.63,22.88,23.71,21.92,23.32,22.45,21.2,22.19,21.6,21.57,22.22,22.08,21.39,22.3,22.47,18.8,17.73,16.7
43964,MICHIGAN.HUB,Hub,MCC,1.68,1.71,2.11,2.5,2.87,2.77,1.72,0.88,1.2,1.55,1.78,1.33,0.53,0.9,0.2,-0.23,-0.37,-0.18,0.22,0.38,0.54,0.2,0.57,0.53
43964,MICHIGAN.HUB,Hub,MLC,0.73,0.64,0.61,0.79,0.56,1.36,1.3,1.6,1.03,0.03,0.98,0.52,0.5,0.5,0.49,0.45,1.14,1.07,0.95,1.22,1.36,0.66,0.78,0.75
43965,LOUISIANA.HUB,Hub,LMP,14.62,13.54,13.54,13.41,14.27,15.88,17.57,17.84,17.88,22.39,23.54,24.77,25.23,26.57,26.14,26.74,26.43,25.4,24.12,24.39,24.59,20.09,16.92,15.85
43965,LOUISIANA.HUB,Hub,MCC,-0.15,0.19,-0.02,-0.14,-1.05,-1.18,-0.59,-2.04,-2.97,0.14,0.49,1.5,1.64,1.56,1.83,1.84,1.95,1.17,0.95,1.52,1.54,0.68,-0.1,-0.12
43965,LOUISIANA.HUB,Hub,MLC,0.7,0.19,0.35,0.06,0.06,-0.39,-0.32,-0.42,-0.54,0.24,0.08,0.03,0.03,0.66,0.64,0.65,0.96,0.95,0.91,0.33,0.55,0.13,-0.04,0.49
43965,MICHIGAN.HUB,Hub,LMP,15.72,14.47,14.68,14.72,16.79,19.39,20.59,22.14,23.45,23.97,25.02,24.89,24.33,24.49,24.09,24.58,24.08,25.09,23.39,23.72,23.62,20.11,17.94,16.6
43965,MICHIGAN.HUB,Hub,MCC,0.79,0.86,0.57,0.71,0.95,1.24,1.38,1.21,1.38,1.36,1.48,1.01,0.14,-0.02,0.27,0.18,0.43,1.67,1,0.98,0.77,0.55,0.54,0.68
43965,MICHIGAN.HUB,Hub,MLC,0.86,0.45,0.9,0.52,0.58,0.7,0.73,0.63,0.68,0.6,0.57,0.64,0.63,0.16,0.15,0.15,0.13,0.14,0.13,0.2,0.35,0.28,0.34,0.44
43966,LOUISIANA.HUB,Hub,LMP,13.78,13.64,13.26,12.9,13.54,15.08,17.08,16.88,17.55,21.7,22.15,24.48,25.93,26.13,25.75,26.25,24.6,23.84,21.33,21.13,20.85,18.77,17.79,14.85
43966,LOUISIANA.HUB,Hub,MCC,-0.14,-0.03,0.09,0.46,0.45,-0.15,-0.16,-1.57,-2.76,-0.32,-0.8,0.39,0.2,0.21,0.35,0.83,0.47,0.51,-0.1,-0.08,-0.08,0.78,0.35,-0.11
43966,LOUISIANA.HUB,Hub,MLC,-0.24,0.15,0.54,0.05,-0.11,-0.14,0.02,-0.66,-0.52,0.22,0.06,-0.04,0.93,0.93,0.76,0.76,0.72,0.71,0.09,0.36,0.56,0.05,1.06,-0.09
43966,MICHIGAN.HUB,Hub,LMP,15.83,15.3,14.24,13.87,14.61,17.21,19.15,22.17,23.65,24.59,25.71,25.72,27.15,27.81,26.17,25.99,24.86,23.64,22.98,22.53,22.17,19.19,17.73,16.93
43966,MICHIGAN.HUB,Hub,MCC,1.03,1.1,1.01,1,0.84,1.13,1.46,1.76,1.9,2.17,2.28,2.13,1.84,2.31,1.89,1.69,1.8,1.35,0.94,0.84,0.91,0.72,0.65,1.11
43966,MICHIGAN.HUB,Hub,MLC,0.64,0.68,0.6,0.48,0.57,0.71,0.47,1.3,0.92,0.62,0.54,-0.54,0.51,0.51,-0.36,-0.36,-0.35,-0.33,0.7,0.84,0.89,0.53,0.7,0.77
43967,LOUISIANA.HUB,Hub,LMP,14.88,13.53,13.28,12.85,13.11,13.49,14.1,15.99,18.97,19.52,20.62,21.84,24.27,24.84,26.55,26.54,26.47,24.58,22.54,21.66,21.64,18.15,15.89,15.31
43967,LOUISIANA.HUB,Hub,MCC,-0.11,-0.11,0.01,0.1,-0.13,-0.12,-0.08,-0.1,-0.15,0.42,0.72,0.84,2.77,2.96,4.46,3.82,3.86,2.26,1.73,0.97,1.2,0.96,-0.04,1.02
43967,LOUISIANA.HUB,Hub,MLC,-0.05,-0.55,-0.02,-0.01,-0.01,-0.36,-0.38,0.18,0.82,-0.46,0.01,0.52,0.84,1.06,0.75,0.66,0.66,0.66,0.29,1.16,1.15,0.14,0.63,0.33
43967,MICHIGAN.HUB,Hub,LMP,16.08,15.8,14.46,14.14,15.15,16.02,16.52,18.19,21.01,22.79,23.27,24.34,23.89,24.03,23.61,24.88,24.52,24.76,24.06,22.68,22.73,19.14,17.91,16.02
43967,MICHIGAN.HUB,Hub,MCC,0.62,0.77,0.91,1.12,1.64,1.32,1.2,1.49,2.1,2.73,2.93,3.18,2.64,2.82,1.58,1.91,1.66,2.2,2.2,2.03,2.32,1.34,2.12,1.41
43967,MICHIGAN.HUB,Hub,MLC,0.42,0.84,0.26,0.26,0.26,0.73,0.76,0.79,0.61,0.5,0.45,0.68,0.59,0.39,0.69,0.91,0.91,0.9,1.34,1.12,1.12,0.75,0.49,0.65
43968,LOUISIANA.HUB,Hub,LMP,14.16,13.3,12.92,12.37,12.21,12.6,13.57,14.75,16.55,17.88,19.02,20.85,22.45,22.61,23.86,23.7,23.76,24.12,22.44,22.02,22.3,18.72,15.76,14.54
43968,LOUISIANA.HUB,Hub,MCC,1.16,1.28,1.66,1.47,0.98,1.17,1.51,0.53,-0.09,0.26,1.06,1.75,2.66,2.92,3.62,3.03,3.33,3.53,2.51,2.37,2.22,2.04,1.39,1.59
43968,LOUISIANA.HUB,Hub,MLC,0.21,0.25,0.28,0.29,0.37,0.38,0.44,0.62,1.14,1.03,0.83,1.09,1.29,1.27,1.29,1.31,1.06,1.08,1.29,1.3,1.33,0.94,0.79,0.56
43968,MICHIGAN.HUB,Hub,LMP,14.77,13.4,12.91,12.52,13.34,13.36,13.64,15.9,18.64,19.99,20.65,21.52,21.7,21.63,21.59,22.17,22.14,22.11,21.08,20.52,21.21,17.49,15.84,13.82
43968,MICHIGAN.HUB,Hub,MCC,1.16,0.98,1.49,1.49,1.98,1.8,1.48,1.8,2.58,2.76,3.05,3.2,2.78,2.81,2.23,2.4,2.25,2.06,2.02,1.68,1.96,1.36,1.79,1.02
43968,MICHIGAN.HUB,Hub,MLC,0.82,0.65,0.44,0.42,0.5,0.51,0.54,0.5,0.56,0.64,0.47,0.31,0.42,0.4,0.41,0.41,0.52,0.54,0.42,0.49,0.5,0.39,0.47,0.41
43969,LOUISIANA.HUB,Hub,LMP,13.82,12.77,12.28,11.9,12.18,14.35,15.84,16.84,17.24,19.64,19.27,20.74,23.31,25.59,28.35,29.23,28.67,26.55,25.18,23.91,23.25,19.73,16.11,15.57
43969,LOUISIANA.HUB,Hub,MCC,1.66,1.29,1.17,0.83,0.03,0.09,-0.71,-0.82,-1.03,-0.41,-0.28,0.69,2.6,3.94,6.35,6.9,6.27,4.36,4.14,2.91,2.45,1.9,1.76,1.91
43969,LOUISIANA.HUB,Hub,MLC,0.27,0.42,0.24,0.29,0.33,0.39,0.76,0.85,0.23,0.4,-0.01,0.21,0.47,0.66,0.66,0.61,0.6,0.61,0.52,0.88,0.75,0.59,0.27,0.33
43969,MICHIGAN.HUB,Hub,LMP,12.33,11.6,11.47,11.25,12.38,14.48,17.01,19.13,21.07,22.92,22.88,23.28,22.93,22.43,22.55,22.19,22.17,22.55,21.64,21.36,21.44,18.03,14.62,13.97
43969,MICHIGAN.HUB,Hub,MCC,-0.22,0.08,0.12,-0.05,0.06,0.28,0.66,1.78,1.93,2.22,1.84,2.13,1.62,0.95,0.72,-0.64,-0.74,-0.14,0.13,0.25,0.4,0.06,-0.02,0
43969,MICHIGAN.HUB,Hub,MLC,0.66,0.46,0.48,0.52,0.5,0.33,0.56,0.54,1.1,1.05,1.48,1.31,1.07,0.49,0.49,1.11,1.11,1.11,0.99,0.99,0.99,0.73,0.56,0.64
43970,LOUISIANA.HUB,Hub,LMP,13.93,12.6,12.23,12.02,12.91,14.5,16.27,16.7,17.26,19.63,20.76,22.14,24.77,26.72,31.52,34.04,34.27,30.13,25.23,23.28,22.77,18.26,15.72,15.27
43970,LOUISIANA.HUB,Hub,MCC,0.76,0.88,0.91,0.45,0.45,-0.35,-0.56,-0.73,-0.91,-0.75,0.02,0.44,2.29,3.34,6.99,8.76,8.9,5.91,3.31,2.09,2.52,1.39,0.58,1.3
43970,LOUISIANA.HUB,Hub,MLC,0.29,0.23,0.41,0.42,0.02,0,-0.05,-0.64,-0.58,0.38,0.01,0.85,0.86,0.7,0.73,0.76,0.76,0.73,1.06,1.03,0.16,0.2,0.32,0.26
43970,MICHIGAN.HUB,Hub,LMP,13.7,12.09,11.66,11.95,14,16.57,18.5,21.48,22.58,24.04,24.56,23.71,23.59,24.68,24.42,24.71,24.61,24.2,21.44,21.06,21.29,17.54,15.55,14.46
43970,MICHIGAN.HUB,Hub,MCC,0.08,-0.01,-0.02,0.02,1.02,0.84,1.13,2.18,2.57,2.9,2.98,2.74,1.86,1.21,-0.2,-0.66,-0.85,-0.11,-0.01,0.32,0.4,0.24,0.2,0.1
43970,MICHIGAN.HUB,Hub,MLC,0.74,0.61,0.77,0.78,0.54,0.88,0.49,1.23,1.26,1.14,0.85,0.12,0.11,0.79,0.82,0.85,0.85,0.82,0.59,0.58,0.8,0.63,0.53,0.65
43971,LOUISIANA.HUB,Hub,LMP,14.6,13.31,12.62,12.43,13.33,16.49,17.17,18.01,18.76,20.34,21.44,22.56,23.23,24.17,25.22,26,26.33,25.47,23.44,22.39,22.47,19.27,17.28,16.68
43971,LOUISIANA.HUB,Hub,MCC,1.99,1.56,1.08,0.84,0.34,0.08,-0.08,-0.79,-0.47,-0.26,-0.25,0.41,0.78,1.58,2.48,2.72,3.46,2.84,2.35,1.68,1.94,2.35,2.54,2.44
43971,LOUISIANA.HUB,Hub,MLC,0.27,0.25,0.21,0,-0.11,0.68,0.22,-0.12,-0.61,-0.09,0.31,0.41,0.49,0.33,0.34,0.4,0.41,0.4,0.37,0.37,0.58,0.65,0.23,0.44
43971,MICHIGAN.HUB,Hub,LMP,12.96,12.49,12.04,12.22,14.45,17.12,18.59,21.23,23.31,24.4,24.57,24.91,25.12,25.81,26.05,25.34,24.66,24.75,22.8,23.26,22.25,17.78,15.79,15.03
43971,MICHIGAN.HUB,Hub,MCC,0,0.34,0.25,0.28,0.79,0.9,1.03,1.87,2.13,2.39,2.43,2.61,2.61,2.75,2.84,1.67,1.41,1.74,1.35,1.51,1.26,0.79,0.48,0.67
43971,MICHIGAN.HUB,Hub,MLC,0.62,0.65,0.46,0.35,0.56,0.49,0.53,0.44,1.34,1.32,0.76,0.56,0.55,0.8,0.81,0.79,0.79,0.78,0.73,1.41,1.04,0.72,0.8,0.56
43972,LOUISIANA.HUB,Hub,LMP,14.2,13.66,13.01,13.03,13.93,15.58,17.27,17.81,19.24,20.85,23.25,25.73,29.67,33.71,38.65,42.57,38.56,35.44,28.44,25,24.19,20.27,18.06,16.66
43972,LOUISIANA.HUB,Hub,MCC,0.67,0.52,0.01,-0.08,-0.14,-0.61,-1.16,-1.14,-1.21,0.03,1.08,3.14,6.24,9.05,13.61,16.7,12.96,10.59,5.07,2.18,1.78,0.73,1.45,0.9
43972,LOUISIANA.HUB,Hub,MLC,0.3,0.55,0.55,0.56,0,-0.18,0.13,-0.14,0.18,-0.21,0.01,0.41,0.72,0.76,0.77,0.79,0.78,0.77,1.14,1.12,1.1,1.19,0.33,0.16
43972,MICHIGAN.HUB,Hub,LMP,14.47,13.89,13.81,13.79,15.64,18.44,19.84,20.55,22.51,23.87,24.97,24.15,24.46,25.19,24.89,25.28,24.87,24.3,22.85,22.37,22.12,19.03,17.29,17.03
43972,MICHIGAN.HUB,Hub,MCC,0.64,0.85,0.91,0.78,0.66,1.36,0.95,1.04,1.24,1.42,1.5,1.41,0.94,0.45,-0.24,-0.68,-0.82,-0.63,-0.02,0.04,0.19,0.31,0.82,0.65
43972,MICHIGAN.HUB,Hub,MLC,0.6,0.45,0.45,0.46,0.91,0.71,0.59,0.42,1,1.42,1.31,0.56,0.81,0.84,0.86,0.88,0.87,0.85,0.64,0.63,0.62,0.37,0.19,0.78
43973,LOUISIANA.HUB,Hub,LMP,15.05,14.38,14.15,15,15.29,16.81,17.53,17.98,19.06,21.48,21.97,22.96,26.15,30.79,36,38.58,37.19,33,25.37,22.15,21.85,19.2,16.93,16
43973,LOUISIANA.HUB,Hub,MCC,-0.14,0.02,-0.1,-0.12,-0.13,0.04,-1.29,-1.73,-2.43,-0.26,-0.28,0.59,2.25,5.49,8.85,10.02,9.16,6.93,1.22,-0.11,0.12,-0.1,0.03,-0.11
43973,LOUISIANA.HUB,Hub,MLC,0.34,0.61,0.6,0.64,0.01,-0.17,0.13,-0.12,0.2,-0.22,0.03,0.41,0.73,0.76,0.83,0.87,0.85,0.79,1.16,1.08,1.06,1.17,0.32,0.15
43973,MICHIGAN.HUB,Hub,LMP,16.51,15.31,14.95,15.91,17.29,19.31,21.62,23.71,25.97,27.1,27.29,26.15,27.84,28.6,29.68,30.4,29.84,28,25.78,24.39,23.54,21,17.63,17.46
43973,MICHIGAN.HUB,Hub,MCC,0.99,1.06,0.81,0.9,0.88,1.62,2.33,3.43,3.62,3.65,3.75,3.63,3.85,3.2,2.43,1.74,1.72,1.83,2.14,2.61,2.28,2.52,0.86,0.7
43973,MICHIGAN.HUB,Hub,MLC,0.67,0.5,0.49,0.53,1,0.75,0.6,0.45,1.06,1.49,1.32,0.56,0.82,0.86,0.93,0.97,0.94,0.89,0.65,0.6,0.59,0.35,0.19,0.8
43974,LOUISIANA.HUB,Hub,LMP,14.72,14.03,13.16,12.29,13.13,13.12,14.85,15.42,16.86,17.81,18.69,20,20.44,23.04,25.88,28.43,27.48,24.04,21.98,20.4,20.57,18.06,16.87,15.96
43974,LOUISIANA.HUB,Hub,MCC,0.69,0.66,0.35,0.22,0.29,0.03,0.48,0.41,-0.31,-0.2,-0.08,0.1,-0.01,0.77,1.74,2.19,1.39,-0.42,-0.34,-0.2,-0.03,-0.04,-0.1,-0.07
43974,LOUISIANA.HUB,Hub,MLC,0.2,0.21,0.2,-0.25,0.02,-0.53,-0.05,-0.2,0.05,0.32,0.11,0.4,-0.06,-0.07,0.25,0.64,0.45,0.42,0.39,0.29,0.85,0.42,0.91,0.85
43974,MICHIGAN.HUB,Hub,LMP,16.84,16.5,14.62,14.19,14.3,14.79,16.8,17.23,19.25,19.84,21.04,20.97,21.91,23.41,24.08,25.53,25.95,24.74,22.8,21.14,20.58,18.28,16.98,16.02
43974,MICHIGAN.HUB,Hub,MCC,2.78,3,1.68,1.14,1.26,0.37,1.99,1.63,1.5,1.51,1.72,1.55,1.11,0.77,0.28,-0.39,0.09,0.5,0.68,0.68,0.6,0.34,0.54,0.38
43974,MICHIGAN.HUB,Hub,MLC,0.23,0.34,0.33,0.73,0.22,0.8,0.39,0.39,0.63,0.64,0.66,-0.08,0.29,0.3,-0.09,0.32,0.22,0.2,0.19,0.15,0.23,0.26,0.38,0.46
43975,LOUISIANA.HUB,Hub,LMP,14.92,13.4,12.29,11.8,11.79,11.99,12.94,15.3,16.55,18.07,18.82,20.48,21.48,24,26.04,28.38,28.57,27.51,25.09,22.79,21.73,18.85,16.98,15.97
43975,LOUISIANA.HUB,Hub,MCC,0.01,0.04,0.54,0.85,0.62,0.96,1.23,1.14,0.41,-0.04,-0.05,0.13,0.44,1.45,1.06,1.17,0.45,-0.03,-0.13,0.07,-0.12,-1,-0.4,-1.03
43975,LOUISIANA.HUB,Hub,MLC,1.03,0.83,0.21,0.2,0.17,0.16,0.18,0.3,0.36,0.72,0.39,0.4,0.11,0.08,0.26,0.28,0.08,0.3,0.47,-0.15,0.4,0.43,0.02,0.61
43975,MICHIGAN.HUB,Hub,LMP,14.31,13.14,11.85,10.88,11.14,10.97,11.57,15.31,17.22,18.32,19.38,22.57,23.39,24.95,27.55,29.5,30.79,29.72,25.84,24.6,23.63,20.82,19.2,18.3
43975,MICHIGAN.HUB,Hub,MCC,0.32,0.29,-0.03,-0.19,-0.14,-0.18,-0.25,1,0.79,0.56,0.55,1.54,1.55,1.62,2.35,2.04,2.54,1.94,1.2,1.68,1.08,1.41,0.8,1.01
43975,MICHIGAN.HUB,Hub,MLC,0.11,0.32,0.34,0.32,0.28,0.28,0.29,0.45,0.65,0.37,0.35,1.08,0.91,0.86,0.48,0.53,0.21,0.54,-0.11,0.05,1.1,-0.01,1.04,0.9
43976,LOUISIANA.HUB,Hub,LMP,14.87,12.02,11.46,10.2,10.21,10.64,11.27,13.91,15.28,16.11,17.24,18.89,21.27,23.28,23.95,25.44,25.94,22.8,20.5,19.58,17.97,16.45,14.59,12.76
43976,LOUISIANA.HUB,Hub,MCC,-0.23,-0.1,-0.03,-0.11,-0.12,-0.08,-0.01,-1.19,-2.51,-2.64,-3.86,-2.84,-1.47,-1.48,-2.01,-2.36,-6.72,-8.27,-6.99,-3.86,-4.48,-3.46,-3.44,-4.31
43976,LOUISIANA.HUB,Hub,MLC,0.7,-0.05,0.38,-0.28,-0.44,-0.02,0.22,0.37,0.3,-0.33,0.37,-0.17,-0.31,-1.04,-1.09,-1.17,-0.12,-0.11,-0.09,-0.32,-0.18,-0.16,-0.21,-0.29
43976,MICHIGAN.HUB,Hub,LMP,16.73,14.82,13.36,11.93,12.1,11.33,11.47,17.17,18.68,21.33,22.55,24.68,25.26,29.85,31.52,34.18,38.39,36.03,30.65,26.15,25.04,21.61,20,19.48
43976,MICHIGAN.HUB,Hub,MCC,2.1,2.03,1.65,0.79,0.71,0.38,0.04,1.79,0.61,1.14,1.37,2.86,2.22,3.99,4.4,5.13,5.23,4.49,2.75,2.39,2.54,1.62,1.56,1.61
43976,MICHIGAN.HUB,Hub,MLC,0.23,0.62,0.6,0.55,0.62,0.21,0.37,0.65,0.58,1.11,0.45,-0.08,-0.01,0.06,0.07,0.08,0.38,0.36,0.32,0,-0.13,-0.08,0.2,0.51
43977,LOUISIANA.HUB,Hub,LMP,14.34,14.29,13.34,12.85,12.95,14,15.01,15.07,15.73,16.91,17.76,18.48,20.24,22.72,23.52,24.26,24.62,23,20.62,19.18,18.69,17.77,16.38,15.73
43977,LOUISIANA.HUB,Hub,MCC,-3.02,-1.98,-1.43,-1.54,-2.37,-2.8,-4,-3.53,-4.14,-5.66,-6.65,-7.16,-9.22,-9.2,-9.9,-10.39,-11.46,-10.97,-8.25,-5.62,-5.36,-4.58,-2.61,-2.75
43977,LOUISIANA.HUB,Hub,MLC,0.23,0.39,-0.08,0.31,0.08,-0.02,0.17,-0.84,-0.99,-0.98,-1.07,-1.11,-1.27,-1.38,-1.44,-1.49,-1.55,-1.46,-1.24,-1.06,-1.04,-0.07,-0.04,0.35
43977,MICHIGAN.HUB,Hub,LMP,18.09,17.46,16.13,15.15,16.54,18.55,21.69,22.17,25.58,30.15,33.4,34.46,39.34,42.64,45.21,48.77,50.87,46.85,38.63,30.83,30.03,25.81,20.21,19.12
43977,MICHIGAN.HUB,Hub,MCC,0.67,0.96,0.59,0.49,0.65,0.9,1.54,2.12,4.76,6.58,7.9,7.68,8.57,9.29,10.3,12.57,13.18,11.37,8.47,4.93,4.9,3.11,1.24,0.58
43977,MICHIGAN.HUB,Hub,MLC,0.29,0.62,0.69,0.58,0.65,0.83,1.31,0.61,-0.04,0.02,0.02,0.03,0.04,0.05,0.05,0.06,0.06,0.05,0.05,0.04,0.04,0.28,-0.06,0.41
43978,LOUISIANA.HUB,Hub,LMP,14.66,13.29,12.47,12.46,12.65,14.18,14.46,14.78,14.52,16.1,16.57,17.67,19.56,22.42,24.34,26.58,26.96,25.48,21.39,19.41,18.02,17.08,16.11,15.39
43978,LOUISIANA.HUB,Hub,MCC,-0.84,-0.04,-0.13,-0.48,-0.9,-2.33,-3.23,-4.43,-5.73,-6.45,-6.61,-6.41,-6.39,-6.35,-5.49,-4.43,-6.49,-5.97,-4.84,-3.66,-4.62,-2.61,-2.75,-2.15
43978,LOUISIANA.HUB,Hub,MLC,-0.07,-0.56,-0.46,-0.36,-0.38,0.16,-0.41,-0.76,-1.22,-1.01,-1.03,-1.06,-1.14,-1.26,-1.3,-1.35,-1.46,-1.37,-1.14,-1.01,-0.99,-0.85,-0.48,-0.19
43978,MICHIGAN.HUB,Hub,LMP,17.5,15.01,14.55,14.69,14.89,18.13,19.78,21.15,23.02,26.35,26.78,27.98,31,34.49,35.39,37.63,39.21,36.04,29.4,25.45,24.43,20.92,19.5,18.19
43978,MICHIGAN.HUB,Hub,MCC,1.03,0.19,0.61,0.63,0.63,0.63,0.92,0.92,1.45,2.79,2.57,2.83,3.9,4.44,4.23,5.24,4.26,3.19,2.01,1.36,0.78,0.36,0.46,0.26
43978,MICHIGAN.HUB,Hub,MLC,0.9,0.93,0.88,0.76,0.33,1.15,0.76,0.26,0.1,0,0,0.01,0.01,0.02,0.03,0.03,0.04,0.03,0.02,0.01,0.02,0.02,-0.3,0.2
43979,LOUISIANA.HUB,Hub,LMP,15.61,14.98,14,13.61,14.28,15.12,16.11,16.11,16.75,17.17,18.55,21.32,23.88,26.62,27.98,30.44,30.27,26.73,22.82,20.69,20.49,18.56,16.18,15.37
43979,LOUISIANA.HUB,Hub,MCC,-0.16,-0.24,-0.08,-0.08,-0.35,-0.2,-0.84,-1.73,-3.04,-3.98,-3.19,-1.04,0.15,-0.04,0.74,2.23,1.61,0.34,0.25,0,0,-0.22,-0.37,-0.15
43979,LOUISIANA.HUB,Hub,MLC,-0.38,-0.49,-0.49,-0.43,-0.01,-0.47,-0.39,-0.53,0.1,-0.01,0.09,0.08,0.09,0.09,0.1,0.1,0.09,0.09,0.09,-0.1,-0.09,0.3,-0.11,0.01
43979,MICHIGAN.HUB,Hub,LMP,16.86,17.27,15.82,15.49,15.77,16.6,19,20.07,21.75,22.69,23.2,23.69,25.07,28.19,28.93,29.64,29.99,27.85,23.8,22.46,22.12,19.59,17.96,16.38
43979,MICHIGAN.HUB,Hub,MCC,0.23,0.55,0.39,0.36,0.41,0.29,0.53,1.08,1.4,0.93,1.37,1.23,1.25,1.42,1.58,1.32,1.22,1.35,1.15,0.66,0.54,0.69,0.52,0.32
43979,MICHIGAN.HUB,Hub,MLC,0.48,1.01,0.86,1.01,0.72,0.52,1.13,0.62,0.66,0.6,0.18,0.18,0.18,0.2,0.21,0.21,0.2,0.2,0.17,1.01,1,0.42,0.78,0.55
43980,LOUISIANA.HUB,Hub,LMP,14.87,14.06,13.6,13.04,13.49,14.99,15.85,16.48,16.71,18.29,19.93,21.31,22.9,25.01,27.02,28.43,27.91,25.73,23.12,20.23,20.33,17.85,16.99,15.17
43980,LOUISIANA.HUB,Hub,MCC,0.83,1.47,1.32,0.59,0.56,0.33,-0.84,-1.57,-2.17,-2.97,-1.68,-0.44,0,0.86,2.22,3.35,3.18,2.34,1.02,0,0,-0.01,-0.07,0
43980,LOUISIANA.HUB,Hub,MLC,0.05,-0.12,0,0.11,-0.13,-0.17,-0.14,0.32,-0.03,0.57,0.59,0.42,0.44,0.46,1.01,1.01,1,0.94,0.89,0.58,-0.09,-0.29,0.06,-0.14
43980,MICHIGAN.HUB,Hub,LMP,15.48,13.38,13.36,14.21,15.16,17.33,18.01,18.77,20,21.56,22.12,23.25,24.81,25.8,25.33,24.52,24.1,22.24,21.27,20.05,20.85,19.02,18.26,15.74
43980,MICHIGAN.HUB,Hub,MCC,0.69,-0.06,0.41,0.98,1.36,1.92,0.44,0.29,0.28,0.81,1.03,0.78,1.15,0.85,0.49,-0.6,-0.66,-0.46,-0.17,0.05,0.04,0.07,0.36,0.01
43980,MICHIGAN.HUB,Hub,MLC,0.8,0.73,0.67,0.89,0.74,0.58,0.74,0.75,0.81,0.06,0.07,1.14,1.2,1.26,1.05,1.05,1.03,0.25,0.23,0.35,0.39,0.8,0.9,0.42
43981,LOUISIANA.HUB,Hub,LMP,14.76,13.77,12.46,11.9,12.33,12.44,13.28,15.08,16.26,18.22,18.98,20.43,22.68,24.69,26.67,29.36,30.06,28.28,24.38,21.85,21.22,19.12,17.29,15.81
43981,LOUISIANA.HUB,Hub,MCC,0.23,0.55,1.15,1,1.17,0.38,0,0.03,-0.06,0.47,1.47,1.75,3.07,4.23,4.94,6.09,6.11,5.02,3.39,2.11,1.53,1.64,0.89,0.8
43981,LOUISIANA.HUB,Hub,MLC,-0.18,0.16,-0.46,-0.45,-0.08,0.37,0.15,-0.09,-0.06,0.52,-0.23,0.22,0.23,0.24,0.52,0.56,0.58,0.57,0.52,0.38,0.37,0.22,0.42,0.25
43981,MICHIGAN.HUB,Hub,LMP,15.44,13.86,12.4,11.9,11.46,12.17,13.68,16.09,17.45,18.24,18.03,18.94,19.5,19.97,20.42,21.53,22.18,21.96,20.13,18.82,19.03,17.71,16.86,15.56
43981,MICHIGAN.HUB,Hub,MCC,0.34,0.17,-0.07,-0.12,-0.22,-0.07,0,0.28,0.29,0.21,-0.13,-0.27,-0.66,-1.07,-1.4,-1.83,-1.87,-1.39,-0.95,-0.54,-0.29,-0.26,0.13,0.16
43981,MICHIGAN.HUB,Hub,MLC,0.39,0.63,0.7,0.67,0.44,0.55,0.55,0.67,0.78,0.8,0.42,0.75,0.78,0.82,0.61,0.65,0.68,0.66,0.61,0,0,0.71,0.75,0.64
43982,LOUISIANA.HUB,Hub,LMP,14.23,12.94,12.24,11.84,11.74,11.52,11.62,13.56,15.4,16.87,17.63,18.55,21.87,25.46,29.38,34.36,35,30.53,25.34,22.45,21.43,18.29,16.81,16.29
43982,LOUISIANA.HUB,Hub,MCC,0.37,-0.05,0.32,0.56,0.64,1.01,0.57,-0.08,-0.06,0.21,0.6,0.61,2.57,5.43,7.81,10.89,11.34,8.22,4.74,3.22,2.44,1.97,1.99,1.85
43982,LOUISIANA.HUB,Hub,MLC,0.27,0.21,0.25,0.12,0.12,0.11,0.12,0.27,0.47,0.57,0.37,0.74,0.79,0.79,1.15,1.26,1.06,0.63,0.6,0.78,0.64,0.32,0.51,0.54
43982,MICHIGAN.HUB,Hub,LMP,14.43,13.67,12.43,11.67,11.47,10.62,11.35,14.24,15.73,17.02,17.35,17.9,18.84,18.56,19.13,19.83,19.8,20.5,19.55,18.73,19.02,16.55,14.51,14.09
43982,MICHIGAN.HUB,Hub,MCC,0.23,0.31,0.19,0.05,0.04,-0.23,-0.05,0.46,0.29,0.3,0.14,0.3,-0.09,-1.11,-1.32,-2.41,-2.69,-1.99,-1.22,-0.58,-0.11,-0.04,-0.4,-0.28
43982,MICHIGAN.HUB,Hub,MLC,0.61,0.58,0.57,0.46,0.45,0.45,0.47,0.41,0.45,0.63,0.55,0.4,0.42,0.43,0.03,0.03,-0.11,0.81,0.77,0.86,0.78,0.59,0.6,0.47
43983,LOUISIANA.HUB,Hub,LMP,13.35,12.34,10.94,11.2,11.62,13.52,15.53,15.24,15.9,17.67,19.69,20.47,21.4,22.72,24.66,27.4,26.44,25.48,22.29,20.07,19.98,17.88,16,14.77
43983,LOUISIANA.HUB,Hub,MCC,1.37,0.96,0.68,0.28,0.27,0.27,0.02,-1.23,-1.2,-0.62,-0.15,0,0,0.08,1.25,2.61,2.23,0.78,0,0,0,0.02,-0.04,0.26
43983,LOUISIANA.HUB,Hub,MLC,0.36,0.37,0.33,0.39,0.25,0.58,0.95,0.78,0.72,0.46,0.76,0.74,0.96,1.03,1.07,1.14,0.53,1.15,1.05,0.8,0.79,0.55,0.49,0.15
43983,MICHIGAN.HUB,Hub,LMP,11.72,11.7,10.25,11.94,12.77,14.2,16.9,17.51,17.17,19.38,19.93,20.34,21.37,22.6,23.54,24.28,24.54,24.51,22.22,20.03,19.96,18.35,16.61,15.47
43983,MICHIGAN.HUB,Hub,MCC,-0.2,0.23,-0.1,0.97,1.05,1.08,1.76,1.44,0.26,0.9,0.35,0,0,0,0.17,-0.46,-0.41,-0.14,-0.03,-0.02,-0.01,0.3,0.21,0.61
43983,MICHIGAN.HUB,Hub,MLC,0.3,0.46,0.42,0.44,0.62,0.45,0.58,0.38,0.53,0.65,0.5,0.61,0.93,0.99,1.03,1.09,1.27,1.1,1.01,0.78,0.78,0.74,0.85,0.5
43984,LOUISIANA.HUB,Hub,LMP,13.66,12.96,11.35,11.48,12.2,13.71,15.22,15.45,15.79,17.08,19.74,22.84,27.02,30.49,34.16,36.04,35.62,33.93,27.1,24.21,23,20.11,16.67,15.67
43984,LOUISIANA.HUB,Hub,MCC,2.39,2.24,2.1,1.9,2,1.49,0.61,-1.45,-2.37,-3.23,-2.34,-1.33,0.2,0.74,1.45,1.2,-0.5,-0.56,-0.72,-0.28,-0.54,0.35,-0.93,-1.89
43984,LOUISIANA.HUB,Hub,MLC,0.48,0.5,0.22,0.23,0.24,0.44,0.44,0.15,-0.15,0.41,0.02,-0.12,-0.16,-0.8,-0.88,-0.95,-1.29,-0.95,-0.76,0.17,0.39,0.11,-0.03,0.73
43984,MICHIGAN.HUB,Hub,LMP,10.72,10.25,9.42,9.93,10.85,13.07,16.15,18.38,19.86,21.16,24.39,26.61,29.55,34.77,37.95,41.35,44,42,33.41,26.52,25.28,22.78,19.63,18.3
43984,MICHIGAN.HUB,Hub,MCC,-0.45,-0.37,-0.09,0.08,0.37,0.94,1.17,0.93,0.58,0.66,1.05,0.88,1.03,1.46,1.13,2.13,2.61,3.18,2.1,0.64,0.67,1.92,1.1,1.03
43984,MICHIGAN.HUB,Hub,MLC,0.38,0.4,0.48,0.5,0.52,0.35,0.81,0.7,0.97,0.6,1.28,1.44,1.54,2.76,3.23,3.43,3.98,3.38,2.73,1.56,1.46,1.21,0.9,0.44
43985,LOUISIANA.HUB,Hub,LMP,14.69,13.21,12.06,12.22,12.23,13.61,14.35,15.11,15.05,16.7,19.44,21.47,25.63,29.5,31.16,34.21,33.43,29.37,24.99,21.01,20.03,18.15,16.96,15.23
43985,LOUISIANA.HUB,Hub,MCC,-1.66,-2.1,-0.14,-1.08,-1.95,-2.23,-4.12,-4.44,-5.09,-6.86,-6.18,-7.07,-5.61,-6.73,-8.17,-7.07,-9.9,-10.6,-6.18,-5.64,-4.34,-3.81,-1.72,-2.71
43985,LOUISIANA.HUB,Hub,MLC,0.14,0.46,-0.44,-0.06,-0.07,-0.23,0.06,-0.08,-0.74,-0.48,-0.81,-0.27,-0.71,-0.93,-1.02,-1.07,-1.11,-1.02,-0.69,-0.22,-0.73,0.01,-0.14,0.21
43985,MICHIGAN.HUB,Hub,LMP,18.29,16.68,13.95,14.02,15.08,18.11,20.04,20.52,21.3,26.43,29.57,31.49,35.44,42.33,45.87,48.41,51.6,47.18,35,28.84,27.41,24.11,19.48,18.58
43985,MICHIGAN.HUB,Hub,MCC,1.01,0.83,0.44,0.52,0.69,0.86,0.8,0.65,0.68,0.96,1.1,0.97,1.35,1.65,2.02,2.39,3.29,2.62,0.99,0.35,0.34,0.51,0.72,0.89
43985,MICHIGAN.HUB,Hub,MLC,1.07,1,0.87,0.14,0.14,1.18,0.83,0.24,-0.26,1.43,2.04,1.71,2.14,3.52,3.5,3.67,3.87,3.57,2.15,1.62,1.97,1.65,-0.06,-0.04
43986,LOUISIANA.HUB,Hub,LMP,14.53,13.49,12,12.17,12.17,13.17,14,14.54,15.8,17.7,18.48,19.69,23.46,27.1,30.18,32.31,36.26,31.24,24.59,21.44,20.22,19.04,17.64,16.34
43986,LOUISIANA.HUB,Hub,MCC,-2.12,-1.64,-2.32,-1.84,-2.46,-2.96,-3.54,-4.89,-4.7,-6.03,-8.7,-9.23,-8.44,-9.93,-11.4,-10.46,-10.11,-9.16,-8.13,-6.08,-5.13,-3.08,-1.42,-1.89
43986,LOUISIANA.HUB,Hub,MLC,0.01,-0.34,-0.22,-0.14,-0.34,-0.4,-0.46,-0.17,-0.68,-0.51,-0.36,-0.71,-0.78,-1.05,-1.18,-1.22,-1.32,-1.14,-0.9,-0.65,-0.6,-0.27,-0.17,0.15
43986,MICHIGAN.HUB,Hub,LMP,19.27,18.16,16.81,17.22,18.39,19.72,20.03,21.48,22.56,27.44,30.92,33.76,37.95,45.9,51.32,58.27,69.75,55.44,40.42,32.84,29.6,25.69,22.57,20.67
43986,MICHIGAN.HUB,Hub,MCC,2.19,2.41,1.58,2.2,2.97,2.4,0.91,1.47,1.52,1.77,1.94,2.2,2.34,4.61,4.96,10.57,18.03,10.39,3.93,2.11,1.93,2.11,2.31,2.18
43986,MICHIGAN.HUB,Hub,MLC,0.44,0.28,0.69,0.87,0.45,0.79,1.12,0.41,-0.14,1.43,1.44,1.93,2.93,3.21,3.6,3.71,4.03,3.51,2.87,2.56,1.72,1.19,1.03,0.41
43987,LOUISIANA.HUB,Hub,LMP,15.08,13.32,12.06,11.98,11.95,12.88,13.56,14.87,16.4,17.08,18.84,20.36,23.75,27.11,33.6,38.01,40.01,33.3,23.26,21.39,19.79,18,16.83,15.83
43987,LOUISIANA.HUB,Hub,MCC,-0.83,-1.28,-1.74,-2.02,-2.13,-2.67,-2.86,-3.38,-3.57,-4.79,-7.13,-6.07,-5.29,-8.14,-6.42,-4.54,-5.56,-5.95,-5.31,-3.33,-3.02,-1.85,-1.33,-1.31
43987,LOUISIANA.HUB,Hub,MLC,0.19,0.2,0.01,0,-0.23,-0.26,-0.43,-0.43,-0.5,-0.38,-0.32,-0.74,-0.83,-1,-1.13,-1.2,-1.28,-1.09,-0.78,-0.43,-0.22,-0.56,-0.35,0.44
43987,MICHIGAN.HUB,Hub,LMP,16.7,15.67,15.19,16.07,16.18,17.81,18.97,21.91,24.91,27.29,33.12,37.66,42.39,53.49,55.6,60.72,60.24,49.33,35.62,29.04,27.21,25.06,20.65,17.78
43987,MICHIGAN.HUB,Hub,MCC,1.06,0.81,0.73,1.4,1.21,1.1,1.08,2.33,3.39,3.96,5.08,7.98,10.01,14.18,10.97,13.27,9.43,5.57,3.76,2.31,2.82,3.02,1.03,0.62
43987,MICHIGAN.HUB,Hub,MLC,-0.08,0.46,0.67,0.67,0.66,0.9,1.04,0.9,1.05,1.08,1.75,2.51,2.51,3.06,3.48,3.7,3.96,3.42,2.51,1.58,1.36,1.63,1.11,0.46
43988,LOUISIANA.HUB,Hub,LMP,15.73,14.35,12.07,11.9,11.6,11.61,12.64,14.83,16.47,17.88,19.33,20.54,22.65,25.61,28.07,31.02,30.55,26.54,22.39,20.94,19.74,18.37,16.51,15.65
43988,LOUISIANA.HUB,Hub,MCC,0.07,0.3,0.3,0.24,0.32,0.45,-0.3,0.14,-0.14,-0.2,-0.47,-0.38,0.46,1.79,2.18,2.66,2.3,0.67,-0.05,1.65,1.12,0.93,1.3,1.86
43988,LOUISIANA.HUB,Hub,MLC,0.1,0.56,-0.17,0.09,0.13,0.05,0.05,0.1,0.03,0.43,0.23,-0.04,-0.15,-0.18,0.36,0.4,0.4,0.13,0.11,-0.12,0.16,0.73,0.67,0.55
43988,MICHIGAN.HUB,Hub,LMP,17.96,14.8,12.58,12.28,11.82,11.59,14.04,15.5,17.78,18.52,21.74,23.39,24.79,26.12,28,31.11,30.91,28.51,24.9,20.69,19.19,17.3,14.95,13.55
43988,MICHIGAN.HUB,Hub,MCC,2.1,1.02,0.32,0.33,0.21,0.01,0.6,0.24,0.33,0.32,1.04,1.28,1.18,0.78,0.94,1.47,1.37,1.16,1.21,-0.02,0.44,0.29,-0.01,0
43988,MICHIGAN.HUB,Hub,MLC,0.3,0.29,0.32,0.38,0.46,0.47,0.55,0.67,0.87,0.55,1.13,1.15,1.27,1.34,1.53,1.68,1.69,1.61,1.36,1.3,0.29,0.3,0.42,0.31
43989,LOUISIANA.HUB,Hub,LMP,12.71,11.9,10.62,10.43,10.17,9.54,10.98,12.21,15.24,16.48,17.55,19.63,20.77,22.5,23.76,24.78,24.99,24.76,23.16,21.26,20.43,17.65,16.76,15.38
43989,LOUISIANA.HUB,Hub,MCC,1.36,1.21,1.8,1.7,1.53,1.75,0.9,0.49,0.98,0.16,0.07,1.62,2.03,2.64,2.92,2.21,0.92,1.34,2.43,2.19,2.04,1.01,1.1,1.37
43989,LOUISIANA.HUB,Hub,MLC,0.04,0.61,0.11,0.59,0.58,0.03,0.69,0.67,0.04,0.8,0.79,0.08,0.17,0.18,-0.07,0.17,0.2,0.21,0.17,0.18,0.23,0.09,0.6,0.33
43989,MICHIGAN.HUB,Hub,LMP,12.07,10.45,8.9,8.22,8.16,7.92,9.73,11.65,16.08,16.48,17.8,19.25,19.35,20.3,22.62,24.37,26.5,25.46,21.97,19.43,19.06,17.87,16.21,14.6
43989,MICHIGAN.HUB,Hub,MCC,0.27,0.11,-0.15,-0.21,-0.18,-0.21,0.01,0.2,1.24,0.55,0.61,0.55,0.48,0.3,0.25,0.54,1.05,0.71,0.09,0.22,0.39,0.58,0.66,0.48
43989,MICHIGAN.HUB,Hub,MLC,0.49,0.26,0.34,0.29,0.28,0.37,0.33,0.4,0.62,0.41,0.5,0.77,0.3,0.32,1.46,1.43,1.58,1.54,1.32,0.32,0.51,0.74,0.49,0.44
43990,LOUISIANA.HUB,Hub,LMP,12.02,11.41,10.43,10.25,11.01,12.35,15,15.87,16.73,17.08,17.6,19.14,19.85,23.13,24.48,25.89,25.64,25.4,22.12,19.12,18.02,17.62,16.78,16.49
43990,LOUISIANA.HUB,Hub,MCC,0.44,0.73,0.8,0.66,0.82,0.15,0.11,-0.37,-1.09,-1.08,-2.2,-2.56,-2.42,-1.72,-2.57,-4.6,-8.63,-5.78,-3.93,-2.8,-2.14,-0.69,0,-0.75
43990,LOUISIANA.HUB,Hub,MLC,0.61,0.64,0.58,0.57,0.52,0.67,0.71,-0.01,0.4,0.02,0,0.18,-0.4,-0.33,-0.36,-0.03,-0.32,-0.03,-0.24,-0.4,-0.27,0.02,-0.12,0.83
43990,MICHIGAN.HUB,Hub,LMP,11.22,10.33,9.32,9.36,10.05,11.88,14.82,17.89,18.6,19.38,22.12,23.27,24.85,27.57,30.47,33.92,39.19,34.26,28.52,25.44,22.95,19.69,18.18,17.21
43990,MICHIGAN.HUB,Hub,MCC,0,0,-0.07,0,-0.01,0.08,0.36,0.42,0.24,0.18,0.91,0.33,0.24,0.47,0.97,1.6,1.78,1.21,1.14,1.22,0.86,0.09,0,0
43990,MICHIGAN.HUB,Hub,MLC,0.25,0.29,0.34,0.34,0.39,0.27,0.28,1.22,0.94,1.06,1.41,1.42,1.94,1.92,2.09,1.8,2.82,1.84,1.09,1.9,1.66,1.31,1.28,0.8
43991,LOUISIANA.HUB,Hub,LMP,15.19,13.64,12.72,12.52,14.04,15.59,15.22,16.15,15.97,16.7,19.45,22.95,26.09,32.18,38.44,43.07,45.43,38.7,28.91,23.69,21.48,18.62,16.87,16.44
43991,LOUISIANA.HUB,Hub,MCC,-0.18,-0.02,0,-0.05,-0.04,-1.07,-0.81,-1.64,-1.74,-2.69,-2.71,-1.93,0.29,2.46,6.6,8.26,9.72,5.35,1.76,1.06,-0.3,-1.35,-0.38,-0.29
43991,LOUISIANA.HUB,Hub,MLC,0.62,0.49,0.54,0,0.11,0.78,-0.37,0.23,-0.75,-0.89,-0.86,-0.47,-0.36,-0.35,-0.45,-0.6,-0.61,-0.12,-0.14,-0.53,-0.52,-0.37,-0.17,0.29
43991,MICHIGAN.HUB,Hub,LMP,15.17,13.47,12.71,13.7,15.05,17.37,18.17,19.32,20.87,22.24,25.21,28.45,33.15,45.85,50,53.9,58.22,49.86,37.19,27.42,23.81,21.06,18.97,18.72
43991,MICHIGAN.HUB,Hub,MCC,0,0.1,0,0.27,0.21,0.38,0.67,0.75,1.83,1.56,1.56,2.32,5.49,14.01,15.24,15.92,19.26,14.24,8.41,2.41,-0.28,-0.83,0.45,1.48
43991,MICHIGAN.HUB,Hub,MLC,0.42,0.2,0.53,0.86,0.87,1.11,1.1,1.01,0.58,0.4,0.63,0.78,1.5,1.77,2.47,2.57,2.64,2.15,1.49,1.85,1.79,1.55,1.1,0.8
43992,LOUISIANA.HUB,Hub,LMP,15.46,14.84,13.97,13.96,13.99,14.61,15.24,15.35,15.79,16.63,17.52,18.5,21.13,24.54,28.65,30.57,30.05,25.84,22.63,19.26,18.34,17.17,16.51,15.96
43992,LOUISIANA.HUB,Hub,MCC,-0.48,-0.8,-0.85,-0.76,-1.16,-1.53,-1.35,-1.97,-3.34,-4.29,-5.44,-4.41,-3.62,-2.2,3.15,4.22,4.1,3.04,1.99,0.41,0.2,-0.41,-0.21,0.95
43992,LOUISIANA.HUB,Hub,MLC,0.62,0.65,0.62,0.62,0.18,0.3,0.43,0.19,-0.15,-0.05,-0.08,-0.65,-0.57,-0.62,-0.59,-0.6,-0.72,-0.61,-0.42,0.01,-0.19,0.22,0.69,0.14
43992,MICHIGAN.HUB,Hub,LMP,17.72,17.4,16.13,17.18,18.56,18.98,18.8,19.35,22.54,25.49,28.97,34.8,37.02,42.74,42.46,41.04,41.13,32.62,26.91,23.19,22.4,19.63,17.39,17.53
43992,MICHIGAN.HUB,Hub,MCC,2,1.83,1.39,2.59,3.09,2.7,1.69,1.17,2.05,3.06,4.34,9.48,10.04,13.58,14.65,12.31,12.43,7.42,4.29,3.29,2.93,1.18,1.07,1.7
43992,MICHIGAN.HUB,Hub,MLC,0.4,0.58,0.54,0.49,0.5,0.44,0.95,1.05,1.21,1.46,1.59,1.76,1.66,1.8,1.72,1.78,2.03,1.79,1.56,1.06,1.14,1.09,0.29,0.96
43993,LOUISIANA.HUB,Hub,LMP,12.76,11.81,10.73,10.67,10.84,11.41,13.24,12.58,14.59,15.51,16.04,17.04,18.06,21.81,24.22,27.15,28.25,25.24,22.62,20.31,18.24,16.92,15.64,15.05
43993,LOUISIANA.HUB,Hub,MCC,-1.03,-0.45,0.03,-0.68,-2.28,-3.4,-1.81,-3.5,-4.2,-3.69,-3.09,-2.73,-2.64,0.6,1.56,2.23,2.45,0.58,0.19,-0.54,-2.21,-3.11,-3.34,-2.86
43993,LOUISIANA.HUB,Hub,MLC,0.26,0.41,0.1,0.1,0.11,0.14,-0.31,-0.2,0.76,-0.02,-0.05,-0.16,-0.19,-0.32,-0.35,-0.41,-0.43,-0.4,-0.32,-0.3,-0.23,-0.11,0.17,0.6
43993,MICHIGAN.HUB,Hub,LMP,16.46,14.6,13.81,14.3,16.23,18.02,21.51,20.66,22.93,25.22,26.09,27.54,29.94,30.36,34.77,41.26,42.18,38.17,31.21,27.51,27.71,28.25,20.24,19.09
43993,MICHIGAN.HUB,Hub,MCC,2.22,2.26,2.51,2.31,2.36,2.37,5.27,3.47,4.46,4.87,5.87,6.49,7.91,7.44,10.28,14.69,14.66,11.88,6.98,4.81,5.66,6.93,1.46,1.25
43993,MICHIGAN.HUB,Hub,MLC,0.71,0.49,0.7,0.74,0.86,0.98,0.88,0.91,0.44,1.13,1.04,1.12,1.14,1.39,1.48,1.24,1.29,1.23,1.48,1.55,1.37,1.18,-0.03,0.53
43994,LOUISIANA.HUB,Hub,LMP,11.64,11.2,10.53,10.4,10.38,10.61,11.81,12.85,14.7,15.73,16.74,18.81,21.1,23.52,25.49,26.72,26.6,24.8,21.14,19.48,18.42,17.29,16.12,14.86
43994,LOUISIANA.HUB,Hub,MCC,-2.21,-1.13,0,-0.03,-1.49,-3.29,-3.38,-3.05,-3.15,-3.27,-3.05,-2.9,-1.27,0.04,0.15,0.19,0.22,0.35,0.19,0.12,0.05,-0.81,-0.65,-0.17
43994,LOUISIANA.HUB,Hub,MLC,0.22,0.31,-0.04,-0.03,-0.05,-0.2,-0.23,-0.39,-0.2,-0.43,-0.5,-0.14,-0.24,-0.03,-0.04,-0.03,-0.03,-0.02,-0.44,-0.12,-0.18,0.77,0.85,0.27
43994,MICHIGAN.HUB,Hub,LMP,14.75,13.18,11.75,11.73,13.81,16.48,17.89,18.86,20.65,22.6,22.28,23.92,24.4,25.64,27.35,28.05,27.97,26.18,22.89,20.48,19.74,18.39,16.79,16.1
43994,MICHIGAN.HUB,Hub,MCC,0.63,0.68,0.67,0.76,1.32,1.59,1.62,1.94,2.4,2.22,2.3,0.74,0.34,0.41,0.12,-0.46,-0.39,-0.09,0.32,-0.01,-0.02,0.83,0.38,0.87
43994,MICHIGAN.HUB,Hub,MLC,0.49,0.48,0.51,0.51,0.57,0.79,0.85,0.63,0.2,0.95,-0.31,1.33,1.45,1.72,1.85,1.95,1.95,1.8,1.18,1.01,1.21,0.23,0.49,0.47
43995,LOUISIANA.HUB,Hub,LMP,13.35,11.71,11.16,10.62,10.35,9.88,11,13.34,15.23,16.12,17.25,18.84,19.72,21.17,23.31,24.68,24.8,23.56,21.18,19.3,18.75,16.9,15.54,14.86
43995,LOUISIANA.HUB,Hub,MCC,-0.18,0,-0.57,-0.36,-0.24,0,-0.11,-1.78,-0.45,0.11,0.04,0.54,0.84,2.46,3.74,4.26,4.61,4.35,2.91,1.99,1.39,1.1,0.48,1.42
43995,LOUISIANA.HUB,Hub,MLC,0.67,0.27,0.56,0.17,-0.07,0.19,-0.08,0.63,0.14,-0.07,0.23,0.56,0.79,0.28,0.3,0.51,0.27,-0.3,-0.28,-0.12,0.61,0.57,0.61,0.48
43995,MICHIGAN.HUB,Hub,LMP,13.76,12.14,12.72,12.61,12.69,10.43,12,17.15,17.45,17.72,18.3,19.05,18.95,19.41,20.22,20.79,20.94,20.41,19.49,18.51,18.25,16.97,15.59,13.69
43995,MICHIGAN.HUB,Hub,MCC,0.27,0.28,0.85,1.42,1.55,0.19,0.31,2.2,1.54,1.13,0.31,0.55,0.04,-0.02,-0.1,-0.16,-0.17,-0.05,0.03,0.09,0.81,1.19,0.66,0.17
43995,MICHIGAN.HUB,Hub,MLC,0.63,0.42,0.7,0.38,0.48,0.55,0.5,0.46,0.37,0.51,1.01,0.76,0.82,1,1.05,1.04,1.19,0.95,0.91,0.99,0.69,0.55,0.48,0.56
43996,LOUISIANA.HUB,Hub,LMP,12.39,11.65,10.44,9.96,8.61,8.36,8.17,10.55,14.27,15.62,16.41,18.12,19.5,21.18,23.65,25.38,26.18,25.2,21.82,20.38,19.04,17.43,16,14.98
43996,LOUISIANA.HUB,Hub,MCC,2.15,2.05,2.32,2.28,1.98,2.04,1.23,0.72,0.93,1.38,1.38,1.45,1.8,2.61,4.13,5.52,5.1,4.31,2.09,1.68,1.44,0.98,1.11,1.01
43996,LOUISIANA.HUB,Hub,MLC,0.57,0.43,0.26,0.25,0.36,0.21,0.27,0.03,0.81,0.05,0.09,0.66,0.83,0.79,0.69,0.12,0.89,0.89,0.85,0.69,0.68,0.81,0.86,0.81
43996,MICHIGAN.HUB,Hub,LMP,10.41,13.16,11.36,10.87,8.69,8.99,7.47,11.06,13.97,16.78,16.97,17.01,17.46,18.12,18.87,20,20.26,20.32,19.95,18.73,17.77,16.3,15.81,16
43996,MICHIGAN.HUB,Hub,MCC,0.4,3.45,3.29,3.12,2.3,2.62,0.56,0.8,0.94,2,1.46,0.64,0.2,-0.15,-0.64,-0.9,-0.77,-0.52,0.28,0.16,0.4,0.25,1.38,2.48
43996,MICHIGAN.HUB,Hub,MLC,0.34,0.54,0.21,0.32,0.12,0.26,0.24,0.46,0.5,0.59,0.57,0.36,0.39,0.49,0.68,1.16,0.84,0.84,0.79,0.56,0.45,0.41,0.4,0.36
43997,LOUISIANA.HUB,Hub,LMP,12.08,10.26,9.07,9,10.37,12.48,15.18,15.55,16.06,16.79,18.1,19.17,20.6,22.85,24.71,26.71,27.59,25.32,22.18,19.81,18.96,17.57,16.54,15.96
43997,LOUISIANA.HUB,Hub,MCC,0.92,1.25,1.25,1.18,1.04,0.82,-0.12,0.16,-0.1,-0.26,-0.3,0.02,0.56,0.28,0.82,1.39,0.84,0.58,0.12,0.04,0,-0.01,0.52,0.47
43997,LOUISIANA.HUB,Hub,MLC,0.59,0.36,0.36,0.35,0.65,0.71,0.92,0.4,-0.03,0.03,0.08,-0.39,-0.6,-0.67,-1.02,-1.08,-1.14,-1.07,-0.93,-0.57,-0.37,0.09,0.62,0.69
43997,MICHIGAN.HUB,Hub,LMP,13.27,12.5,11.59,11.37,12.03,14.02,16.72,17.62,17.98,18.67,19.27,20.36,21.57,24.3,26.12,27.81,29.53,26.89,23.93,21.27,20.16,18.33,18.05,17.67
43997,MICHIGAN.HUB,Hub,MCC,2.32,3.54,3.86,3.63,3.03,2.63,2.05,1.9,0.6,0.72,0.17,0,0,0,-0.07,0.06,0.29,-0.16,-0.24,0,0,0.07,1.96,2.02
43997,MICHIGAN.HUB,Hub,MLC,0.38,0.31,0.27,0.27,0.32,0.44,0.29,0.73,1.19,0.93,0.78,0.82,0.93,1.06,1.28,1.35,1.35,1.24,1.18,0.93,0.83,0.77,0.69,0.85
43998,LOUISIANA.HUB,Hub,LMP,14.71,12.73,11.46,12.03,13.21,14.78,15.4,15.41,16.06,17.27,18.5,25.04,30.03,24.24,28.53,32.23,33.21,27.57,23.05,20,18.66,16.75,16.06,15.89
43998,LOUISIANA.HUB,Hub,MCC,0.39,0.23,0.39,0.23,0.31,-0.26,-0.36,-0.93,-1.56,-1.26,-0.58,3.72,7.56,0.37,1,0.81,1.13,0.28,0,-0.09,-0.47,-0.9,-0.58,-0.22
43998,LOUISIANA.HUB,Hub,MLC,0.68,0.48,0.15,0.83,0.58,0.76,-0.02,0.03,-0.24,-0.35,-0.58,-0.94,-1.15,-0.34,0.02,0.46,-1.18,-1.02,-0.89,-1.03,-0.84,-0.59,0.17,0.64
43998,MICHIGAN.HUB,Hub,LMP,16.25,13.53,13.07,13.22,15.76,17.41,17.53,17.95,19.17,19.66,21.79,23.55,24.03,26.26,30.6,33.81,36.3,30.46,25.1,22.49,21.6,19.91,17.95,17.63
43998,MICHIGAN.HUB,Hub,MCC,1.93,1.03,1.7,1.84,2.98,2.65,0.68,0.22,0.13,0.02,1.26,0.18,-0.53,0.81,1.06,1.31,1.55,0.89,0,0.53,0.69,0.71,0.61,1.74
43998,MICHIGAN.HUB,Hub,MLC,0.68,0.48,0.45,0.41,0.46,0.48,1.07,1.42,1.18,0.76,0.87,1.11,0.94,1.24,2.03,1.54,1.49,1.26,1.16,0.84,0.94,0.96,0.87,0.42
43999,LOUISIANA.HUB,Hub,LMP,13.54,12.49,11.5,11.22,11.39,12.8,13.22,13.46,13.59,14.82,15.36,16.48,19.13,22.03,24.58,27.55,27.26,24.7,20.13,18.47,16.88,15.07,14.02,13.19
43999,LOUISIANA.HUB,Hub,MCC,-0.29,0.21,0.26,0.28,-1.54,-1.1,-2.32,-2.86,-3.85,-2.77,-3.93,-3.6,-4.27,-3.42,-3.07,-3.75,-6.19,-4.19,-3.39,-1.37,-1.47,-1.62,-1.39,-1.48
43999,LOUISIANA.HUB,Hub,MLC,0.49,0.67,0.57,0.45,0.65,0.55,0.34,0.02,-0.27,-0.45,-0.58,-1.04,0,-0.25,-0.05,-0.06,-0.06,-0.04,-0.96,-0.78,-0.95,-0.71,-0.3,-0.18
43999,MICHIGAN.HUB,Hub,LMP,16.2,13.74,12.93,12.94,16.62,16.93,18.28,17.93,20.78,21.1,22.44,23.84,26.68,31.19,36.66,39.06,40.84,35.9,27.66,22.59,21.32,19.59,17.55,16.99
43999,MICHIGAN.HUB,Hub,MCC,2.67,1.86,2,2.18,3.86,3.28,2.19,1.11,1.87,1.92,1.51,1.89,1.57,4.45,7.37,5.9,5.39,5.29,2.16,0.98,1.26,1.32,1.02,1.4
43999,MICHIGAN.HUB,Hub,MLC,0.19,0.27,0.26,0.27,0.48,0.3,0.89,0.52,1.2,1.14,1.06,0.83,1.71,1.04,1.59,1.8,1.94,1.68,1.02,0.99,0.76,0.87,0.82,0.74
44000,LOUISIANA.HUB,Hub,LMP,11.85,11.18,10.53,10.32,10.73,11.28,12.58,13.23,13.65,15.31,15.04,16.92,19.85,22.5,25.92,27.85,28.46,24.13,21.39,19.89,18.6,15.63,14.87,14.67
44000,LOUISIANA.HUB,Hub,MCC,-1.43,-1.41,-1.42,-1.56,-1.79,-2.24,-2.52,-4.02,-4.44,-4.95,-5.72,-6.64,-5.21,-7.24,-8.07,-10,-11.81,-11.81,-9.86,-5.12,-4.09,-4.48,-3.7,-2.39
44000,LOUISIANA.HUB,Hub,MLC,0.1,0.34,0.56,0.57,0.49,0.02,-0.22,-0.27,-0.46,-0.16,-0.8,-0.43,-0.08,0.27,0.31,0.35,0.37,0.33,0.29,-0.07,-0.41,-0.76,-0.2,-0.09
44000,MICHIGAN.HUB,Hub,LMP,15.73,15.43,14.05,14.12,15.54,17.46,17.71,19.64,22.63,23.41,24,26.47,28.34,33.76,40.93,45.83,49.57,43.82,34.15,26.85,24.95,23.45,21.57,19.37
44000,MICHIGAN.HUB,Hub,MCC,1.56,2.57,2.19,2.34,2.97,2.8,1.4,0.94,3.33,1.86,1.87,1.73,1.79,2.09,4.73,5.53,6.69,5.55,0.87,0.35,1.12,2,1.61,1.21
44000,MICHIGAN.HUB,Hub,MLC,0.99,0.61,0.47,0.47,0.54,1.16,0.99,1.18,0.75,1.13,0.57,0.75,1.41,2.2,2.52,2.8,2.98,2.66,2.32,1.42,0.73,0.58,1.19,1.01
44001,LOUISIANA.HUB,Hub,LMP,13.63,12.78,12.02,11.51,11.67,11.22,12.45,13.04,13.72,14.98,15.92,19.14,22.16,26.41,30.73,34.66,35.43,28.82,23.26,19.11,16.41,15.58,15.03,14.31
44001,LOUISIANA.HUB,Hub,MCC,-2.35,-2.22,-2.11,-1.55,-2.51,-4.15,-4.69,-5.63,-6.29,-6.41,-8.19,-6.67,-9.03,-8.59,-8.95,-10.3,-10.92,-10.03,-6.99,-5.59,-6.18,-4.96,-3.57,-2.84
44001,LOUISIANA.HUB,Hub,MLC,-0.42,-0.23,-0.22,-0.41,-0.51,-0.39,-0.41,-0.61,-0.83,-0.8,-0.83,-1.39,0.15,0.31,0.34,0.38,0.4,0.35,0.15,-1.09,-0.81,-0.48,-0.56,-0.57
44001,MICHIGAN.HUB,Hub,LMP,17.56,16.68,15.6,14.1,16.47,17.92,20.07,22.74,24.16,26.1,28.34,30.73,35,40.22,48.4,54.29,56.77,47,33.48,28.51,25.77,23.95,20.36,18.69
44001,MICHIGAN.HUB,Hub,MCC,0.41,0.75,0.59,0.41,1.1,1.01,1.33,2.07,1.83,2.7,1.84,1.94,2.47,3.57,6.83,7.2,8.23,6.31,1.93,0.97,0.87,1.62,0.76,0.31
44001,MICHIGAN.HUB,Hub,MLC,0.75,0.7,0.66,0.22,0.68,1.15,1.19,1.39,1.49,1.21,1.56,1.59,1.49,1.96,2.23,2.51,2.59,2.19,1.45,1.75,1.5,1.31,0.44,0.66
44002,LOUISIANA.HUB,Hub,LMP,13.76,13.25,12.32,11.62,11.25,11.2,11.98,12.7,13.86,15.4,16.95,19.77,21.58,25.03,28.54,31.92,31.9,27.75,23.12,20.15,18.77,16.97,15.65,14.79
44002,LOUISIANA.HUB,Hub,MCC,-2.35,-1.87,-1.32,-1.34,-1.55,-1.65,-2.04,-2.89,-4.08,-3.61,-4.5,-2.88,-4,-2.75,-1.4,-0.61,-2,-3.67,-3.59,-2.16,-2.16,-2.03,-1.72,-1.21
44002,LOUISIANA.HUB,Hub,MLC,-0.43,-0.39,-0.29,-0.27,-0.14,-0.14,-0.25,-0.57,-0.47,-0.81,-0.71,-0.5,-0.14,0.09,0.2,0.26,0.28,0.27,-0.02,-0.18,-0.16,-0.49,-0.24,-0.72
44002,MICHIGAN.HUB,Hub,LMP,18.24,17.59,15.69,14.77,14.17,14.18,15.97,18.67,21.59,22.82,25.4,27.3,31.38,38.74,43.84,48.64,50,42,30.97,24.39,23.42,20.75,18.78,17.02
44002,MICHIGAN.HUB,Hub,MCC,0.96,0.96,0.8,0.63,0.65,0.6,0.92,1.87,1.91,1.62,1.83,3.08,4.59,9.32,12.48,14.46,14.38,8.99,2.55,0.27,0.86,0.1,0.04,0.29
44002,MICHIGAN.HUB,Hub,MLC,0.74,1.12,0.96,0.91,0.58,0.59,0.78,0.64,1.27,1.38,1.41,1.07,1.07,1.73,1.62,1.91,2,1.86,1.69,1.63,1.47,1.16,1.13,0.01
44003,LOUISIANA.HUB,Hub,LMP,13.93,13.1,12.23,11.4,10.92,10.74,11.03,12.22,13.77,15.05,16.13,17.73,19.57,21.03,23.5,25.27,25.18,25.34,21.92,19.57,19.1,17.22,15.74,14.42
44003,LOUISIANA.HUB,Hub,MCC,-0.49,-0.65,-0.05,-0.01,0,0,-1.53,-3.1,-2.86,-2.74,-3.25,-3.16,-1.57,-1.17,-0.33,-0.92,-2.79,-1.6,-2.05,-1.53,-1.4,-1.57,-1.2,-1.84
44003,LOUISIANA.HUB,Hub,MLC,-0.51,-0.24,-0.16,-0.15,-0.15,-0.14,-0.18,-0.29,-0.45,-0.47,-0.6,-0.47,-0.51,-0.47,-0.39,-0.1,0.15,0.15,0.03,-0.41,-0.47,-0.44,-0.2,-0.16
44003,MICHIGAN.HUB,Hub,LMP,15.06,14.63,13.1,12.43,11.87,11.67,13.59,17.46,18.73,19.88,21.17,23.51,24.86,26.06,29.09,30.9,32.41,30.95,26.28,22.77,22.68,20.44,18.45,17.74
44003,MICHIGAN.HUB,Hub,MCC,0.05,0.02,0.11,0.08,0.06,0.05,0.01,0.79,0.44,0.36,0.74,1.7,2.01,2.31,3.7,3.47,2.79,2.42,0.78,0.2,0.52,0.02,0.17,0.18
44003,MICHIGAN.HUB,Hub,MLC,0.08,0.62,0.55,0.79,0.74,0.74,0.84,1.06,1.21,1.26,0.45,0.45,1.2,1.08,1.17,1.14,1.8,1.74,1.56,1.06,1.19,1.19,1.14,1.14
44004,LOUISIANA.HUB,Hub,LMP,13.89,12.78,12.37,12.4,12.61,13.67,14.21,14.68,15.35,16.31,18.75,21.95,25.52,27.29,28.08,28.15,28,26.69,23.58,20.56,20.22,18.87,16.43,15.15
44004,LOUISIANA.HUB,Hub,MCC,-0.29,0.03,0.05,0.03,-1.09,-1.43,-2.6,-3.9,-5.12,-5.28,-4.12,-3.38,-1.57,-0.82,-0.49,0.35,0.21,0.36,0.13,-0.12,-0.13,0,-0.16,-0.45
44004,LOUISIANA.HUB,Hub,MLC,-0.23,-0.21,-0.14,-0.14,-0.24,-0.35,-0.49,-0.63,-0.86,-0.82,-0.81,-0.94,0.22,0.25,0.27,-0.3,-0.06,-0.06,-0.05,-0.41,-0.38,-0.34,-0.56,-0.43
44004,MICHIGAN.HUB,Hub,LMP,15.4,14.06,13.36,13.44,15,16.72,18.27,20.58,22.85,24.54,27.04,31.33,32.56,35.74,37.13,40.08,38.8,36.58,28.65,25.02,22.45,20.73,18.1,16.85
44004,MICHIGAN.HUB,Hub,MCC,0.34,0.39,0.34,0.36,0.3,0.4,0.36,0,0.02,0.92,1.89,3.4,4.19,6.2,7.11,10.44,9.38,8.7,3.83,2.71,1.08,0.06,0.87,0.12
44004,MICHIGAN.HUB,Hub,MLC,0.65,0.71,0.56,0.57,0.76,0.87,0.61,1.37,1.5,1.21,1.47,1.66,1.5,1.68,1.72,1.54,1.57,1.49,1.32,1.22,0.64,1.46,0.08,0.7
44005,LOUISIANA.HUB,Hub,LMP,12.41,11.47,11.02,10.91,11.17,12.71,13.35,13.82,14.5,16.02,17.41,19.12,21.09,21.17,21.58,22.24,22.02,20.98,20.72,19.38,18.29,17.47,15.82,15.2
44005,LOUISIANA.HUB,Hub,MCC,-1.45,-1.12,-0.05,-0.05,-0.03,-0.5,-2.17,-3.29,-3.66,-2.85,-2.28,-0.71,0.32,0.83,0.9,0.97,0.25,0.05,0,-0.17,-1.57,-0.72,-0.6,-0.14
44005,LOUISIANA.HUB,Hub,MLC,-0.32,-0.2,-0.21,-0.18,-0.28,-0.31,-0.42,-0.48,-0.45,-0.33,-0.17,-0.66,-0.13,-0.84,-0.84,-0.87,-0.89,-0.84,-0.1,-0.14,-0.23,-0.81,-0.86,-0.54
44005,MICHIGAN.HUB,Hub,LMP,15.01,13.46,12.14,12.05,12.27,14.36,18,18.49,19.53,20.73,21.51,22.52,23.09,23.55,22.09,22.65,22.83,22.02,21.87,21.11,21.27,19.04,18.39,15.96
44005,MICHIGAN.HUB,Hub,MCC,0.03,0.09,0.25,0.25,0.13,0.08,0.92,0.14,0.06,0.18,0.15,0.64,0.7,1.16,-0.68,-0.76,-1.13,-1.02,-0.46,-0.09,-0.08,0,0,0
44005,MICHIGAN.HUB,Hub,MLC,0.8,0.58,0.61,0.66,0.66,0.76,1.14,0.76,0.86,1.35,1.5,1.39,1.49,1.21,1.25,1.27,1.3,1.27,1.51,1.51,1.26,0.04,1.11,0.08
44006,LOUISIANA.HUB,Hub,LMP,14.09,12.8,12.07,11.77,12.54,14.22,15.3,15.38,16,16.71,18.58,19.08,20.31,21.84,22.29,23.18,24.08,22.3,21.43,20.03,19.34,18.53,16.75,14.92
44006,LOUISIANA.HUB,Hub,MCC,0,0,0,0,0,0,-0.77,-1.68,-2.22,-1.95,-1.41,-2.03,-0.42,0,0,0,-0.21,-0.17,-0.62,-1.02,-1.27,0,0,-0.06
44006,LOUISIANA.HUB,Hub,MLC,-0.14,-0.14,-0.07,-0.07,-0.14,-0.15,-0.35,-0.42,-0.42,-0.64,-0.31,-0.6,-1.11,-0.66,-0.47,-0.48,-0.51,-0.66,-0.93,-0.43,-0.59,-0.59,-0.44,-0.68
44006,MICHIGAN.HUB,Hub,LMP,14.89,13.68,12.76,12.44,13.4,15.03,17.37,18.62,19.65,19.63,21.13,21.44,22.53,23.42,23.45,24.41,25.39,24.51,23.8,21.87,21.77,19.87,18.13,16.39
44006,MICHIGAN.HUB,Hub,MCC,0,0,0,0,0,0,0,-0.15,-0.33,-0.38,-0.64,-0.8,-0.61,-0.58,-0.64,-0.64,-0.87,-0.18,-0.13,-0.11,-0.07,0.15,0.28,0
44006,MICHIGAN.HUB,Hub,MLC,0.66,0.74,0.62,0.6,0.72,0.66,0.95,1.29,1.34,0.71,1.47,0.53,1.3,1.5,1.33,1.39,1.46,1.56,0.95,0.5,0.64,0.6,0.66,0.73
44007,LOUISIANA.HUB,Hub,LMP,13.49,12.01,11.15,10.93,11.47,12.99,14.55,15.14,16.3,17.81,19.21,20.51,22.29,23.97,24.82,26.65,27.69,23.2,22.05,19.88,20.06,18.63,16.63,15.14
44007,LOUISIANA.HUB,Hub,MCC,-0.01,-0.02,-0.01,-0.01,0,-0.09,-0.09,-0.42,-1.47,-1.2,-1.11,-0.96,-0.67,-0.05,-0.53,-0.41,-0.9,-2.13,-1.38,-1.2,0.37,0.92,0.24,0.38
44007,LOUISIANA.HUB,Hub,MLC,-0.43,-0.51,-0.07,-0.07,-0.13,-0.2,-0.32,-0.97,-0.49,-0.47,-0.81,-0.94,-0.51,-0.77,-0.45,-0.49,-0.62,-0.55,-0.4,-0.83,-0.75,-0.79,-0.39,-0.37
44007,MICHIGAN.HUB,Hub,LMP,14.57,13.64,12.31,12.04,12.73,15.01,16.86,18.23,19.58,21.15,23.56,24.22,24.88,27.03,27.48,29.85,31.9,28.19,26.13,23.85,21.82,19.59,18.13,16.46
44007,MICHIGAN.HUB,Hub,MCC,0.41,0.53,0.5,0.47,0.47,0.95,1.05,1.01,0.52,0.77,1.3,0.91,0.55,0.61,0.58,1.12,1.04,0.86,0.85,0.65,0.82,0.71,0.63,0.3
44007,MICHIGAN.HUB,Hub,MLC,0.23,0.57,0.58,0.56,0.66,0.78,0.85,0.69,0.8,0.9,1.13,0.9,0.86,1.63,1.1,1.18,1.65,1.45,1.45,1.29,0.56,0.38,0.72,1.03
44008,LOUISIANA.HUB,Hub,LMP,13.23,12.2,11.28,10.9,11.64,13.46,14.23,14.94,15.35,16.99,19.45,20.03,24.22,26.33,32.38,36.23,35.61,26.12,21.47,19.77,19.64,18.27,16.82,15.52
44008,LOUISIANA.HUB,Hub,MCC,0.36,0.63,0.56,0.38,0.25,0.15,-0.88,-2.4,-3.55,-3.59,-2.52,-3.94,-1.72,-2.35,0.04,0.69,0.09,-6.24,-6.64,-4.67,-3.53,-2.73,-0.74,-0.58
44008,LOUISIANA.HUB,Hub,MLC,-0.51,-0.1,-0.16,-0.2,-0.17,-0.39,-0.66,-0.63,-0.59,-0.93,-0.85,-0.93,-0.6,-1.02,-1.14,-1.26,-1.26,-1.15,-0.99,-0.93,-0.72,-0.51,-0.89,-0.89
44008,MICHIGAN.HUB,Hub,LMP,14.79,12.46,11.71,11.54,12.45,14.91,17.29,19.63,21.46,23.13,24.03,26.96,29.09,34.09,38.71,43.25,44.1,37.95,31.13,27,25.35,23.06,19.24,17.66
44008,MICHIGAN.HUB,Hub,MCC,0.56,0.39,0.16,0.04,0.19,0.12,0.31,0.34,0.64,1.19,0.59,0.71,1.09,2.6,3.21,4.24,5.11,2.43,0.28,0,0.05,0.54,0.14,0
44008,MICHIGAN.HUB,Hub,MLC,0.85,0.4,0.67,0.78,0.7,1.09,1.21,1.32,1.33,0.43,0.62,1.35,1.46,1.79,2.02,2.21,2.21,2.01,1.75,1.63,1.41,1.01,0.65,0.67
44009,LOUISIANA.HUB,Hub,LMP,14,13.44,13.12,13.17,13.17,13.38,13.4,14.13,15.58,18.96,19.61,22.23,24.4,26.41,30.13,31.64,33.23,30.6,27.53,21.47,19.43,18.19,15.73,13.4
44009,LOUISIANA.HUB,Hub,MCC,-2.03,-1.33,-1.04,-0.5,-0.58,-0.43,-1.46,-2.05,-1.79,0.48,-0.2,0.48,1.5,1.8,2.11,2.03,2.25,1.43,1.73,-0.53,-0.33,0.4,-0.94,-2.66
44009,LOUISIANA.HUB,Hub,MLC,-0.39,-0.32,-0.22,-0.23,-0.24,-0.23,-0.26,-0.37,-0.83,-0.96,-1.12,-0.7,-0.83,-0.58,-0.61,-0.64,-0.56,-0.63,-0.6,-0.94,-0.77,-0.9,-0.77,-0.57
44009,MICHIGAN.HUB,Hub,LMP,18.01,16.36,15.77,14.97,14.84,14.82,16.49,17.83,19.42,20.96,22.39,24.7,25.99,27.43,29.65,31.19,30.85,28.98,27.8,24.46,22.06,19.71,17.59,16.86
44009,MICHIGAN.HUB,Hub,MCC,0.38,0.4,0.37,0.29,0.07,0,0.31,0.34,0.37,0.46,0.5,0.68,0.92,1.04,-0.82,-1.01,-2.29,-1.93,0.13,0.58,0.4,0.34,0.16,0.14
44009,MICHIGAN.HUB,Hub,MLC,1.21,0.87,1.02,0.78,0.78,0.78,1.06,0.94,0.85,1.06,0.96,1.57,1.34,1.2,1.84,1.95,1.6,1.11,1.27,0.94,1.13,0.68,-0.01,0.09
44010,LOUISIANA.HUB,Hub,LMP,12.92,12.28,11.63,11.32,11.01,10.56,11.71,12.55,13.1,14.6,18.96,20.05,21.53,24.97,29.59,31.73,34.51,32.86,28.88,22.32,20.62,18.99,16.33,13.88
44010,LOUISIANA.HUB,Hub,MCC,-2.43,-1.14,-0.91,0,0,0,-0.22,-2.07,-3.29,-3.11,0.75,-0.23,0.84,1.31,2.01,2.41,2.98,2.58,1.51,-0.42,-0.75,0.19,-0.18,-1.83
44010,LOUISIANA.HUB,Hub,MLC,0.01,-0.1,0.23,0.03,0.03,0.02,0.03,-0.11,-0.27,-0.09,-0.6,-0.38,-0.81,-0.41,-0.25,0.4,-0.71,-0.06,-0.06,-0.6,-0.7,-0.42,-0.74,-0.27
44010,MICHIGAN.HUB,Hub,LMP,16.88,14.21,13.07,12.19,11.85,11.37,12.84,15.23,17.62,18.85,19.45,22.58,23.65,25.59,29.35,30.49,32.07,30.76,27.72,23.91,23.41,20.42,18.36,17.43
44010,MICHIGAN.HUB,Hub,MCC,0.41,0.23,0.04,0,0,0,0,0,0,0,0.55,0.71,0.88,0.74,0.38,0.25,-2.07,-1.33,-1.29,-0.84,0.02,0,0.26,0.29
44010,MICHIGAN.HUB,Hub,MLC,1.13,0.46,0.72,0.9,0.87,0.83,0.94,0.5,0.96,1.05,0.09,1.21,1.27,0.78,1.14,1.32,1.9,1.75,1.58,1.41,1.32,1.2,0.85,1.16
44011,LOUISIANA.HUB,Hub,LMP,13.26,12.39,11.4,11.3,12.07,12.88,13.33,13.83,14.61,15.78,19.37,22.1,25.1,28.42,34.87,42.58,41.79,33.3,26.15,21.95,21.01,18.54,17.52,13.76
44011,LOUISIANA.HUB,Hub,MCC,-0.3,0.08,0,0.02,-0.36,-1.31,-3.44,-4.37,-5.06,-6.13,-6.13,-4.29,-3.33,-3.33,-1.58,1.77,-0.16,-4.23,-5.07,-5.04,-3.02,-2.91,-1.9,-3.72
44011,LOUISIANA.HUB,Hub,MLC,-0.55,0,-0.22,0.01,-0.13,-0.35,-0.12,-0.5,-0.44,-0.39,-0.06,-0.65,-0.69,-0.78,-0.89,-1.01,-1.03,-0.92,-0.76,-0.65,-0.68,-0.2,-0.43,-0.46
44011,MICHIGAN.HUB,Hub,LMP,15.06,13.2,12.36,11.7,13.4,15.53,17.71,19.94,21.36,23.45,27.28,28.51,30.71,34.81,41.34,48.1,48.55,41.83,34.12,29.16,26.03,22.79,21.09,19.14
44011,MICHIGAN.HUB,Hub,MCC,0,0,0,0,0,0,0.01,0,0,0.45,0.25,0,0,0.52,1.97,4.01,3.24,1.29,0.41,0,0,0.26,0,0
44011,MICHIGAN.HUB,Hub,MLC,0.95,0.89,0.74,0.43,0.84,0.99,0.81,1.24,1.25,0.7,1.47,1.47,1.59,1.76,2.03,2.27,2.33,2.09,1.73,1.52,1.32,0.88,1.24,1.2
44012,LOUISIANA.HUB,Hub,LMP,13.4,12.38,11.78,11.59,11.82,12.79,13.21,13.54,14.47,18.26,20.85,23.45,27.58,31.46,35.57,40.2,41.13,36,29.52,25.52,23.97,21.07,18.8,15.32
44012,LOUISIANA.HUB,Hub,MCC,-1.6,-0.79,-0.4,-0.68,-0.83,-1.73,-3.47,-4.14,-5.09,-2.44,-3.26,-1.17,1.8,2.38,3.13,2.98,3.33,3.17,1.93,1.37,1.33,1.29,0.35,-1.74
44012,LOUISIANA.HUB,Hub,MLC,-0.26,-0.32,-0.13,-0.13,-0.54,-0.39,-0.42,-0.8,-0.77,-1.31,-0.56,-0.86,-0.64,-0.73,-0.82,-0.94,-0.94,-0.82,-0.68,-0.34,-0.06,-0.35,-0.41,-0.52
44012,MICHIGAN.HUB,Hub,LMP,16.4,14.44,12.79,12.85,14.27,15.49,17.82,19.45,21.11,23.15,26.3,28.67,30.1,35.87,40.6,46.86,46.87,37.58,30.86,26.46,24.29,21.09,20.03,18.79
44012,MICHIGAN.HUB,Hub,MCC,0.04,0.03,0.04,0,0.06,0.01,0,0.39,0.24,0.85,0.28,1.65,2.26,4.46,5.55,6.65,6.04,2.12,1.06,0.12,0.29,0.33,0,0
44012,MICHIGAN.HUB,Hub,MLC,1.1,0.92,0.44,0.45,1.02,0.57,0.72,0.58,0.54,0.29,1.35,1.54,1.42,1.6,1.79,2.05,2.09,1.81,1.53,1.85,1.3,0.63,1.17,1.21
